uy;kode;key;product_name;broker_used;security_used;total_qs_reins_capacity;broker_qs_share;broker_sp_share;share_qs_per_panel_of_100_pct;komisi_qs_per_panel;komisi_sp_per_panel;share_qs_panel_of_share_reas;share_sp_panel_of_share_reas;panel_share_qs_of_broker_100_pct;tgl_awal;tgl_akhir;rumus;unique_code
2006;TRC;2006TRC;Asuransi Kredit Perdagangan;ASURANSI ASEI INDONESIA, PT;ASURANSI ASEI INDONESIA, PT;0.5;0.02;;0.01;0.325;0;0.02;0;1;0;0;2006Asuransi Kredit Perdagangan;2006Asuransi Kredit PerdaganganASURANSI ASEI INDONESIA, PT
2006;TRC;2006TRC;Asuransi Kredit Perdagangan;ASURANSI BUMIPUTERA MUDA, PT;ASURANSI BUMIPUTERA MUDA, PT;0.5;0.02;;0.01;0.325;0;0.02;0;1;0;0;2006Asuransi Kredit Perdagangan;2006Asuransi Kredit PerdaganganASURANSI BUMIPUTERA MUDA, PT
2006;TRC;2006TRC;Asuransi Kredit Perdagangan;ASURANSI PURIASIH, PT;ASURANSI PURIASIH, PT;0.5;0.02;;0.01;0.325;0;0.02;0;1;0;0;2006Asuransi Kredit Perdagangan;2006Asuransi Kredit PerdaganganASURANSI PURIASIH, PT
2006;TRC;2006TRC;Asuransi Kredit Perdagangan;ATRADIUS-RE;ATRADIUS-RE;0.5;0.2;;0.1;0.3;0;0.2;0;1;0;0;2006Asuransi Kredit Perdagangan;2006Asuransi Kredit PerdaganganATRADIUS-RE
2006;TRC;2006TRC;Asuransi Kredit Perdagangan;MUNICH REINSURANCE COMPANY KONINGINSTRASSE 107;MUNICH REINSURANCE COMPANY KONINGINSTRASSE 107;0.5;0.6;;0.3;0.25;0;0.6;0;1;0;0;2006Asuransi Kredit Perdagangan;2006Asuransi Kredit PerdaganganMUNICH REINSURANCE COMPANY KONINGINSTRASSE 107
2006;TRC;2006TRC;Asuransi Kredit Perdagangan;REASURANSI NASIONAL INDONESIA, PT;REASURANSI NASIONAL INDONESIA, PT;0.5;0.14;;0.07;0.35;0;0.14;0;1;0;0;2006Asuransi Kredit Perdagangan;2006Asuransi Kredit PerdaganganREASURANSI NASIONAL INDONESIA, PT
2006;CB;2006CB;Customs Bond;REASURANSI NASIONAL INDONESIA, PT;REASURANSI NASIONAL INDONESIA, PT;0.15;1;;0.15;0.3;0;1;0;1;0;0;2006Customs Bond;2006Customs BondREASURANSI NASIONAL INDONESIA, PT
2006;KUK;2006KUK;Kredit Usaha Kecil Konvensional;ASURANSI ASEI INDONESIA, PT;ASURANSI ASEI INDONESIA, PT;0.06;0.166666667;;0.01;0.2;0;0.166666667;0;1;0;0;2006Kredit Usaha Kecil Konvensional;2006Kredit Usaha Kecil KonvensionalASURANSI ASEI INDONESIA, PT
2006;KUK;2006KUK;Kredit Usaha Kecil Konvensional;REASURANSI NASIONAL INDONESIA, PT;REASURANSI NASIONAL INDONESIA, PT;0.06;0.833333333;;0.05;0.2;0;0.833333333;0;1;0;0;2006Kredit Usaha Kecil Konvensional;2006Kredit Usaha Kecil KonvensionalREASURANSI NASIONAL INDONESIA, PT
2006;SB;2006SB;Surety Bond;ASURANSI ASEI INDONESIA, PT;ASURANSI ASEI INDONESIA, PT;0.35;0.014285714;;0.005;0.35;0;0.014285714;0;1;0;0;2006Surety Bond;2006Surety BondASURANSI ASEI INDONESIA, PT
2006;SB;2006SB;Surety Bond;ASURANSI BUMIPUTERA MUDA, PT;ASURANSI BUMIPUTERA MUDA, PT;0.35;0.042857143;;0.015;0.35;0;0.042857143;0;1;0;0;2006Surety Bond;2006Surety BondASURANSI BUMIPUTERA MUDA, PT
2006;SB;2006SB;Surety Bond;ASURANSI PURIASIH, PT;ASURANSI PURIASIH, PT;0.35;0.028571429;;0.01;0.33;0;0.028571429;0;1;0;0;2006Surety Bond;2006Surety BondASURANSI PURIASIH, PT
2006;SB;2006SB;Surety Bond;ASURANSI PURNA ARTANUGRAHA, PT;ASURANSI PURNA ARTANUGRAHA, PT;0.35;0.007142857;;0.0025;0.35;0;0.007142857;0;1;0;0;2006Surety Bond;2006Surety BondASURANSI PURNA ARTANUGRAHA, PT
2006;SB;2006SB;Surety Bond;ATRADIUS-RE;ATRADIUS-RE;0.35;0.142857143;;0.05;0.325;0;0.142857143;0;1;0;0;2006Surety Bond;2006Surety BondATRADIUS-RE
2006;SB;2006SB;Surety Bond;PARTNER REINSURANCE EUROPE LTD.;PARTNER REINSURANCE EUROPE LTD.;0.35;0.571428571;;0.2;0.31;0;0.571428571;0;1;0;0;2006Surety Bond;2006Surety BondPARTNER REINSURANCE EUROPE LTD.
2006;SB;2006SB;Surety Bond;REASURANSI NASIONAL INDONESIA, PT;REASURANSI NASIONAL INDONESIA, PT;0.35;0.192857143;;0.0675;0.35;0;0.192857143;0;1;0;0;2006Surety Bond;2006Surety BondREASURANSI NASIONAL INDONESIA, PT
2007;TRC;2007TRC;Asuransi Kredit Perdagangan;ASURANSI ASEI INDONESIA, PT;ASURANSI ASEI INDONESIA, PT;0.55;0.018181818;;0.01;0.325;0;0.018181818;0;1;01/01/2007;31/12/2007;2007Asuransi Kredit Perdagangan;2007Asuransi Kredit PerdaganganASURANSI ASEI INDONESIA, PT
2007;TRC;2007TRC;Asuransi Kredit Perdagangan;ASURANSI BUMIPUTERA MUDA, PT;ASURANSI BUMIPUTERA MUDA, PT;0.55;0.018181818;;0.01;0.325;0;0.018181818;0;1;01/01/2007;31/12/2007;2007Asuransi Kredit Perdagangan;2007Asuransi Kredit PerdaganganASURANSI BUMIPUTERA MUDA, PT
2007;TRC;2007TRC;Asuransi Kredit Perdagangan;ASURANSI PURIASIH, PT;ASURANSI PURIASIH, PT;0.55;0.018181818;;0.01;0.325;0;0.018181818;0;1;01/01/2007;31/12/2007;2007Asuransi Kredit Perdagangan;2007Asuransi Kredit PerdaganganASURANSI PURIASIH, PT
2007;TRC;2007TRC;Asuransi Kredit Perdagangan;ATRADIUS-RE;ATRADIUS-RE;0.55;0.272727273;;0.15;0.3;0;0.272727273;0;1;01/01/2007;31/12/2007;2007Asuransi Kredit Perdagangan;2007Asuransi Kredit PerdaganganATRADIUS-RE
2007;TRC;2007TRC;Asuransi Kredit Perdagangan;MUNICH REINSURANCE COMPANY KONINGINSTRASSE 107;MUNICH REINSURANCE COMPANY KONINGINSTRASSE 107;0.55;0.545454545;;0.3;0.27;0;0.545454545;0;1;01/01/2007;31/12/2007;2007Asuransi Kredit Perdagangan;2007Asuransi Kredit PerdaganganMUNICH REINSURANCE COMPANY KONINGINSTRASSE 107
2007;TRC;2007TRC;Asuransi Kredit Perdagangan;REASURANSI NASIONAL INDONESIA, PT;REASURANSI NASIONAL INDONESIA, PT;0.55;0.127272727;;0.07;0.35;0;0.127272727;0;1;01/01/2007;31/12/2007;2007Asuransi Kredit Perdagangan;2007Asuransi Kredit PerdaganganREASURANSI NASIONAL INDONESIA, PT
2007;CB;2007CB;Customs Bond;REASURANSI NASIONAL INDONESIA, PT;REASURANSI NASIONAL INDONESIA, PT;0.15;1;;0.15;0.3;0;1;0;1;01/01/2007;31/12/2007;2007Customs Bond;2007Customs BondREASURANSI NASIONAL INDONESIA, PT
2007;KUK;2007KUK;Kredit Usaha Kecil Konvensional;ASURANSI ASEI INDONESIA, PT;ASURANSI ASEI INDONESIA, PT;0.06;0.166666667;;0.01;0.2;0;0.166666667;0;1;01/01/2007;31/12/2007;2007Kredit Usaha Kecil Konvensional;2007Kredit Usaha Kecil KonvensionalASURANSI ASEI INDONESIA, PT
2007;KUK;2007KUK;Kredit Usaha Kecil Konvensional;REASURANSI NASIONAL INDONESIA, PT;REASURANSI NASIONAL INDONESIA, PT;0.06;0.833333333;;0.05;0.2;0;0.833333333;0;1;01/01/2007;31/12/2007;2007Kredit Usaha Kecil Konvensional;2007Kredit Usaha Kecil KonvensionalREASURANSI NASIONAL INDONESIA, PT
2007;SB;2007SB;Surety Bond;ASURANSI ASEI INDONESIA, PT;ASURANSI ASEI INDONESIA, PT;0.4;0.0125;;0.005;0.35;0;0.0125;0;1;01/01/2007;31/12/2007;2007Surety Bond;2007Surety BondASURANSI ASEI INDONESIA, PT
2007;SB;2007SB;Surety Bond;ASURANSI BUANA INDEPENDENT, PT;ASURANSI BUANA INDEPENDENT, PT;0.4;0.0125;;0.005;0.35;0;0.0125;0;1;01/01/2007;31/12/2007;2007Surety Bond;2007Surety BondASURANSI BUANA INDEPENDENT, PT
2007;SB;2007SB;Surety Bond;ASURANSI BUMIPUTERA MUDA, PT;ASURANSI BUMIPUTERA MUDA, PT;0.4;0.0375;;0.015;0.35;0;0.0375;0;1;01/01/2007;31/12/2007;2007Surety Bond;2007Surety BondASURANSI BUMIPUTERA MUDA, PT
2007;SB;2007SB;Surety Bond;ASURANSI PURIASIH, PT;ASURANSI PURIASIH, PT;0.4;0.025;;0.01;0.33;0;0.025;0;1;01/01/2007;31/12/2007;2007Surety Bond;2007Surety BondASURANSI PURIASIH, PT
2007;SB;2007SB;Surety Bond;ASURANSI PURNA ARTANUGRAHA, PT;ASURANSI PURNA ARTANUGRAHA, PT;0.4;0.00625;;0.0025;0.35;0;0.00625;0;1;01/01/2007;31/12/2007;2007Surety Bond;2007Surety BondASURANSI PURNA ARTANUGRAHA, PT
2007;SB;2007SB;Surety Bond;ATRADIUS-RE;ATRADIUS-RE;0.4;0.25;;0.1;0.325;0;0.25;0;1;01/01/2007;31/12/2007;2007Surety Bond;2007Surety BondATRADIUS-RE
2007;SB;2007SB;Surety Bond;PARTNER REINSURANCE EUROPE LTD.;PARTNER REINSURANCE EUROPE LTD.;0.4;0.5;;0.2;0.325;0;0.5;0;1;01/01/2007;31/12/2007;2007Surety Bond;2007Surety BondPARTNER REINSURANCE EUROPE LTD.
2007;SB;2007SB;Surety Bond;REASURANSI NASIONAL INDONESIA, PT;REASURANSI NASIONAL INDONESIA, PT;0.4;0.15625;;0.0625;0.35;0;0.15625;0;1;01/01/2007;31/12/2007;2007Surety Bond;2007Surety BondREASURANSI NASIONAL INDONESIA, PT
2008;TRC;2008TRC;Asuransi Kredit Perdagangan;ASURANSI ASEI INDONESIA, PT;ASURANSI ASEI INDONESIA, PT;0.55;0.018181818;;0.01;0.325;0;0.018181818;0;1;01/01/2008;31/12/2008;2008Asuransi Kredit Perdagangan;2008Asuransi Kredit PerdaganganASURANSI ASEI INDONESIA, PT
2008;TRC;2008TRC;Asuransi Kredit Perdagangan;ASURANSI BUMIPUTERA MUDA, PT;ASURANSI BUMIPUTERA MUDA, PT;0.55;0.018181818;;0.01;0.325;0;0.018181818;0;1;01/01/2008;31/12/2008;2008Asuransi Kredit Perdagangan;2008Asuransi Kredit PerdaganganASURANSI BUMIPUTERA MUDA, PT
2008;TRC;2008TRC;Asuransi Kredit Perdagangan;ASURANSI JASA INDONESIA, PT;ASURANSI JASA INDONESIA, PT;0.55;0.054545455;;0.03;0.27;0;0.054545455;0;1;01/01/2008;31/12/2008;2008Asuransi Kredit Perdagangan;2008Asuransi Kredit PerdaganganASURANSI JASA INDONESIA, PT
2008;TRC;2008TRC;Asuransi Kredit Perdagangan;ATRADIUS-RE;ATRADIUS-RE;0.55;0.272727273;;0.15;0.3;0;0.272727273;0;1;01/01/2008;31/12/2008;2008Asuransi Kredit Perdagangan;2008Asuransi Kredit PerdaganganATRADIUS-RE
2008;TRC;2008TRC;Asuransi Kredit Perdagangan;MUNICH REINSURANCE COMPANY KONINGINSTRASSE 107;MUNICH REINSURANCE COMPANY KONINGINSTRASSE 107;0.55;0.363636364;;0.2;0.27;0;0.363636364;0;1;01/01/2008;31/12/2008;2008Asuransi Kredit Perdagangan;2008Asuransi Kredit PerdaganganMUNICH REINSURANCE COMPANY KONINGINSTRASSE 107
2008;TRC;2008TRC;Asuransi Kredit Perdagangan;REASURANSI NASIONAL INDONESIA, PT;REASURANSI NASIONAL INDONESIA, PT;0.55;0.272727273;;0.15;0.35;0;0.272727273;0;1;01/01/2008;31/12/2008;2008Asuransi Kredit Perdagangan;2008Asuransi Kredit PerdaganganREASURANSI NASIONAL INDONESIA, PT
2008;CB;2008CB;Customs Bond;REASURANSI NASIONAL INDONESIA, PT;REASURANSI NASIONAL INDONESIA, PT;0.15;1;;0.15;0.3;0;1;0;1;01/01/2008;31/12/2008;2008Customs Bond;2008Customs BondREASURANSI NASIONAL INDONESIA, PT
2008;KUK;2008KUK;Kredit Usaha Kecil Konvensional;ASURANSI ASEI INDONESIA, PT;ASURANSI ASEI INDONESIA, PT;0.06;0.166666667;;0.01;0.2;0;0.166666667;0;1;01/01/2008;31/12/2008;2008Kredit Usaha Kecil Konvensional;2008Kredit Usaha Kecil KonvensionalASURANSI ASEI INDONESIA, PT
2008;KUK;2008KUK;Kredit Usaha Kecil Konvensional;REASURANSI NASIONAL INDONESIA, PT;REASURANSI NASIONAL INDONESIA, PT;0.06;0.833333333;;0.05;0.2;0;0.833333333;0;1;01/01/2008;31/12/2008;2008Kredit Usaha Kecil Konvensional;2008Kredit Usaha Kecil KonvensionalREASURANSI NASIONAL INDONESIA, PT
2008;SB;2008SB;Surety Bond;ASURANSI ASEI INDONESIA, PT;ASURANSI ASEI INDONESIA, PT;0.4;0.0125;;0.005;0.35;0;0.0125;0;1;01/01/2008;31/12/2008;2008Surety Bond;2008Surety BondASURANSI ASEI INDONESIA, PT
2008;SB;2008SB;Surety Bond;ASURANSI BUMIPUTERA MUDA, PT;ASURANSI BUMIPUTERA MUDA, PT;0.4;0.05;;0.02;0.35;0;0.05;0;1;01/01/2008;31/12/2008;2008Surety Bond;2008Surety BondASURANSI BUMIPUTERA MUDA, PT
2008;SB;2008SB;Surety Bond;ASURANSI JASA INDONESIA, PT;ASURANSI JASA INDONESIA, PT;0.4;0.0375;;0.015;0.35;0;0.0375;0;1;01/01/2008;31/12/2008;2008Surety Bond;2008Surety BondASURANSI JASA INDONESIA, PT
2008;SB;2008SB;Surety Bond;ATRADIUS-RE;ATRADIUS-RE;0.4;0.25;;0.1;0.325;0;0.25;0;1;01/01/2008;31/12/2008;2008Surety Bond;2008Surety BondATRADIUS-RE
2008;SB;2008SB;Surety Bond;BRINGIN SEJAHTERA ARTAMAKMUR, PT;BRINGIN SEJAHTERA ARTAMAKMUR, PT;0.4;0.025;;0.01;0.35;0;0.025;0;1;01/01/2008;31/12/2008;2008Surety Bond;2008Surety BondBRINGIN SEJAHTERA ARTAMAKMUR, PT
2008;SB;2008SB;Surety Bond;PARTNER REINSURANCE EUROPE LTD.;PARTNER REINSURANCE EUROPE LTD.;0.4;0.375;;0.15;0.325;0;0.375;0;1;01/01/2008;31/12/2008;2008Surety Bond;2008Surety BondPARTNER REINSURANCE EUROPE LTD.
2008;SB;2008SB;Surety Bond;REASURANSI NASIONAL INDONESIA, PT;REASURANSI NASIONAL INDONESIA, PT;0.4;0.25;;0.1;0.35;0;0.25;0;1;01/01/2008;31/12/2008;2008Surety Bond;2008Surety BondREASURANSI NASIONAL INDONESIA, PT
2009;TRC;2009TRC;Asuransi Kredit Perdagangan;ASURANSI ASEI INDONESIA, PT;ASURANSI ASEI INDONESIA, PT;0.55;0.018181818;;0.01;0.35;0;0.018181818;0;1;01/01/2009;31/12/2009;2009Asuransi Kredit Perdagangan;2009Asuransi Kredit PerdaganganASURANSI ASEI INDONESIA, PT
2009;TRC;2009TRC;Asuransi Kredit Perdagangan;ASURANSI BUMIPUTERA MUDA, PT;ASURANSI BUMIPUTERA MUDA, PT;0.55;0.018181818;;0.01;0.325;0;0.018181818;0;1;01/01/2009;31/12/2009;2009Asuransi Kredit Perdagangan;2009Asuransi Kredit PerdaganganASURANSI BUMIPUTERA MUDA, PT
2009;TRC;2009TRC;Asuransi Kredit Perdagangan;ASURANSI JASA INDONESIA, PT;ASURANSI JASA INDONESIA, PT;0.55;0.054545455;;0.03;0.27;0;0.054545455;0;1;01/01/2009;31/12/2009;2009Asuransi Kredit Perdagangan;2009Asuransi Kredit PerdaganganASURANSI JASA INDONESIA, PT
2009;TRC;2009TRC;Asuransi Kredit Perdagangan;ATRADIUS-RE;ATRADIUS-RE;0.55;0.272727273;;0.15;0.3;0;0.272727273;0;1;01/01/2009;31/12/2009;2009Asuransi Kredit Perdagangan;2009Asuransi Kredit PerdaganganATRADIUS-RE
2009;TRC;2009TRC;Asuransi Kredit Perdagangan;MUNICH REINSURANCE COMPANY KONINGINSTRASSE 107;MUNICH REINSURANCE COMPANY KONINGINSTRASSE 107;0.55;0.363636364;;0.2;0.27;0;0.363636364;0;1;01/01/2009;31/12/2009;2009Asuransi Kredit Perdagangan;2009Asuransi Kredit PerdaganganMUNICH REINSURANCE COMPANY KONINGINSTRASSE 107
2009;TRC;2009TRC;Asuransi Kredit Perdagangan;REASURANSI NASIONAL INDONESIA, PT;REASURANSI NASIONAL INDONESIA, PT;0.55;0.272727273;;0.15;0.35;0;0.272727273;0;1;01/01/2009;31/12/2009;2009Asuransi Kredit Perdagangan;2009Asuransi Kredit PerdaganganREASURANSI NASIONAL INDONESIA, PT
2009;CB;2009CB;Customs Bond;ASURANSI BUMIPUTERA MUDA, PT;ASURANSI BUMIPUTERA MUDA, PT;0.15;0.133333333;;0.02;0.35;0;0.133333333;0;1;01/01/2009;31/12/2009;2009Customs Bond;2009Customs BondASURANSI BUMIPUTERA MUDA, PT
2009;CB;2009CB;Customs Bond;REASURANSI NASIONAL INDONESIA, PT;REASURANSI NASIONAL INDONESIA, PT;0.15;0.866666667;;0.13;0.35;0;0.866666667;0;1;01/01/2009;31/12/2009;2009Customs Bond;2009Customs BondREASURANSI NASIONAL INDONESIA, PT
2009;KBG;2009KBG;Kontra Bank Garansi;ASURANSI ASEI INDONESIA, PT;ASURANSI ASEI INDONESIA, PT;0.283;0.070671378;;0.02;0.35;0;0.070671378;0;1;01/01/2009;31/12/2009;2009Kontra Bank Garansi;2009Kontra Bank GaransiASURANSI ASEI INDONESIA, PT
2009;KBG;2009KBG;Kontra Bank Garansi;ASURANSI BERDIKARI, PT;ASURANSI BERDIKARI, PT;0.283;0.035335689;;0.01;0.35;0;0.035335689;0;1;01/01/2009;31/12/2009;2009Kontra Bank Garansi;2009Kontra Bank GaransiASURANSI BERDIKARI, PT
2009;KBG;2009KBG;Kontra Bank Garansi;ASURANSI BUANA INDEPENDENT, PT;ASURANSI BUANA INDEPENDENT, PT;0.283;0.035335689;;0.01;0.35;0;0.035335689;0;1;01/01/2009;31/12/2009;2009Kontra Bank Garansi;2009Kontra Bank GaransiASURANSI BUANA INDEPENDENT, PT
2009;KBG;2009KBG;Kontra Bank Garansi;ASURANSI BUMIPUTERA MUDA, PT;ASURANSI BUMIPUTERA MUDA, PT;0.283;0.070671378;;0.02;0.35;0;0.070671378;0;1;01/01/2009;31/12/2009;2009Kontra Bank Garansi;2009Kontra Bank GaransiASURANSI BUMIPUTERA MUDA, PT
2009;KBG;2009KBG;Kontra Bank Garansi;ASURANSI JASA INDONESIA, PT;ASURANSI JASA INDONESIA, PT;0.283;0.070671378;;0.02;0.35;0;0.070671378;0;1;01/01/2009;31/12/2009;2009Kontra Bank Garansi;2009Kontra Bank GaransiASURANSI JASA INDONESIA, PT
2009;KBG;2009KBG;Kontra Bank Garansi;ASURANSI TUGU PRATAMA INDONESIA, PT;ASURANSI TUGU PRATAMA INDONESIA, PT;0.283;0.070671378;;0.02;0.35;0;0.070671378;0;1;01/01/2009;31/12/2009;2009Kontra Bank Garansi;2009Kontra Bank GaransiASURANSI TUGU PRATAMA INDONESIA, PT
2009;KBG;2009KBG;Kontra Bank Garansi;BRINGIN SEJAHTERA ARTAMAKMUR, PT;BRINGIN SEJAHTERA ARTAMAKMUR, PT;0.283;0.010600707;;0.003;0.35;0;0.010600707;0;1;01/01/2009;31/12/2009;2009Kontra Bank Garansi;2009Kontra Bank GaransiBRINGIN SEJAHTERA ARTAMAKMUR, PT
2009;KBG;2009KBG;Kontra Bank Garansi;REASURANSI NASIONAL INDONESIA, PT;REASURANSI NASIONAL INDONESIA, PT;0.283;0.530035336;;0.15;0.35;0;0.530035336;0;1;01/01/2009;31/12/2009;2009Kontra Bank Garansi;2009Kontra Bank GaransiREASURANSI NASIONAL INDONESIA, PT
2009;KBG;2009KBG;Kontra Bank Garansi;TUGU REASURANSI, PT;TUGU REASURANSI, PT;0.283;0.106007067;;0.03;0.35;0;0.106007067;0;1;01/01/2009;31/12/2009;2009Kontra Bank Garansi;2009Kontra Bank GaransiTUGU REASURANSI, PT
2009;KUK;2009KUK;Kredit Usaha Kecil Konvensional;ASURANSI ASEI INDONESIA, PT;ASURANSI ASEI INDONESIA, PT;0.06;0.166666667;;0.01;0.25;0;0.166666667;0;1;01/01/2009;31/12/2009;2009Kredit Usaha Kecil Konvensional;2009Kredit Usaha Kecil KonvensionalASURANSI ASEI INDONESIA, PT
2009;KUK;2009KUK;Kredit Usaha Kecil Konvensional;REASURANSI NASIONAL INDONESIA, PT;REASURANSI NASIONAL INDONESIA, PT;0.06;0.833333333;;0.05;0.25;0;0.833333333;0;1;01/01/2009;31/12/2009;2009Kredit Usaha Kecil Konvensional;2009Kredit Usaha Kecil KonvensionalREASURANSI NASIONAL INDONESIA, PT
2009;SB;2009SB;Surety Bond;ASURANSI ASEI INDONESIA, PT;ASURANSI ASEI INDONESIA, PT;0.293;0.017064846;;0.005;0.35;0;0.017064846;0;1;01/01/2009;31/12/2009;2009Surety Bond;2009Surety BondASURANSI ASEI INDONESIA, PT
2009;SB;2009SB;Surety Bond;ASURANSI BUMIPUTERA MUDA, PT;ASURANSI BUMIPUTERA MUDA, PT;0.293;0.068259386;;0.02;0.35;0;0.068259386;0;1;01/01/2009;31/12/2009;2009Surety Bond;2009Surety BondASURANSI BUMIPUTERA MUDA, PT
2009;SB;2009SB;Surety Bond;ASURANSI JASA INDONESIA, PT;ASURANSI JASA INDONESIA, PT;0.293;0.051194539;;0.015;0.35;0;0.051194539;0;1;01/01/2009;31/12/2009;2009Surety Bond;2009Surety BondASURANSI JASA INDONESIA, PT
2009;SB;2009SB;Surety Bond;ATRADIUS-RE;ATRADIUS-RE;0.293;0.170648464;;0.05;0.325;0;0.170648464;0;1;01/01/2009;31/12/2009;2009Surety Bond;2009Surety BondATRADIUS-RE
2009;SB;2009SB;Surety Bond;BRINGIN SEJAHTERA ARTAMAKMUR, PT;BRINGIN SEJAHTERA ARTAMAKMUR, PT;0.293;0.010238908;;0.003;0.35;0;0.010238908;0;1;01/01/2009;31/12/2009;2009Surety Bond;2009Surety BondBRINGIN SEJAHTERA ARTAMAKMUR, PT
2009;SB;2009SB;Surety Bond;PARTNER REINSURANCE EUROPE LTD.;PARTNER REINSURANCE EUROPE LTD.;0.293;0.341296928;;0.1;0.325;0;0.341296928;0;1;01/01/2009;31/12/2009;2009Surety Bond;2009Surety BondPARTNER REINSURANCE EUROPE LTD.
2009;SB;2009SB;Surety Bond;REASURANSI NASIONAL INDONESIA, PT;REASURANSI NASIONAL INDONESIA, PT;0.293;0.341296928;;0.1;0.35;0;0.341296928;0;1;01/01/2009;31/12/2009;2009Surety Bond;2009Surety BondREASURANSI NASIONAL INDONESIA, PT
2010;TRC;2010TRC;Asuransi Kredit Perdagangan;ASURANSI ASEI INDONESIA, PT;ASURANSI ASEI INDONESIA, PT;0.55;0.018181818;;0.01;0.35;0;0.018181818;0;1;01/01/2010;31/12/2010;2010Asuransi Kredit Perdagangan;2010Asuransi Kredit PerdaganganASURANSI ASEI INDONESIA, PT
2010;TRC;2010TRC;Asuransi Kredit Perdagangan;ASURANSI BUMIPUTERA MUDA, PT;ASURANSI BUMIPUTERA MUDA, PT;0.55;0.018181818;;0.01;0.325;0;0.018181818;0;1;01/01/2010;31/12/2010;2010Asuransi Kredit Perdagangan;2010Asuransi Kredit PerdaganganASURANSI BUMIPUTERA MUDA, PT
2010;TRC;2010TRC;Asuransi Kredit Perdagangan;ASURANSI JASA INDONESIA, PT;ASURANSI JASA INDONESIA, PT;0.55;0.054545455;;0.03;0.27;0;0.054545455;0;1;01/01/2010;31/12/2010;2010Asuransi Kredit Perdagangan;2010Asuransi Kredit PerdaganganASURANSI JASA INDONESIA, PT
2010;TRC;2010TRC;Asuransi Kredit Perdagangan;ATRADIUS-RE;ATRADIUS-RE;0.55;0.272727273;;0.15;0.27;0;0.272727273;0;1;01/01/2010;31/12/2010;2010Asuransi Kredit Perdagangan;2010Asuransi Kredit PerdaganganATRADIUS-RE
2010;TRC;2010TRC;Asuransi Kredit Perdagangan;MUNICH REINSURANCE COMPANY KONINGINSTRASSE 107;MUNICH REINSURANCE COMPANY KONINGINSTRASSE 107;0.55;0.363636364;;0.2;0.27;0;0.363636364;0;1;01/01/2010;31/12/2010;2010Asuransi Kredit Perdagangan;2010Asuransi Kredit PerdaganganMUNICH REINSURANCE COMPANY KONINGINSTRASSE 107
2010;TRC;2010TRC;Asuransi Kredit Perdagangan;REASURANSI NASIONAL INDONESIA, PT;REASURANSI NASIONAL INDONESIA, PT;0.55;0.272727273;;0.15;0.35;0;0.272727273;0;1;01/01/2010;31/12/2010;2010Asuransi Kredit Perdagangan;2010Asuransi Kredit PerdaganganREASURANSI NASIONAL INDONESIA, PT
2010;CB;2010CB;Customs Bond;ASURANSI BUMIPUTERA MUDA, PT;ASURANSI BUMIPUTERA MUDA, PT;0.15;0.133333333;;0.02;0.35;0;0.133333333;0;1;01/01/2010;31/12/2010;2010Customs Bond;2010Customs BondASURANSI BUMIPUTERA MUDA, PT
2010;CB;2010CB;Customs Bond;REASURANSI NASIONAL INDONESIA, PT;REASURANSI NASIONAL INDONESIA, PT;0.15;0.866666667;;0.13;0.35;0;0.866666667;0;1;01/01/2010;31/12/2010;2010Customs Bond;2010Customs BondREASURANSI NASIONAL INDONESIA, PT
2010;KBG;2010KBG;Kontra Bank Garansi;ASURANSI ASEI INDONESIA, PT;ASURANSI ASEI INDONESIA, PT;0.25;0.08;;0.02;0.35;0;0.08;0;1;01/01/2010;31/12/2010;2010Kontra Bank Garansi;2010Kontra Bank GaransiASURANSI ASEI INDONESIA, PT
2010;KBG;2010KBG;Kontra Bank Garansi;ASURANSI BERDIKARI, PT;ASURANSI BERDIKARI, PT;0.25;0.04;;0.01;0.35;0;0.04;0;1;01/01/2010;31/12/2010;2010Kontra Bank Garansi;2010Kontra Bank GaransiASURANSI BERDIKARI, PT
2010;KBG;2010KBG;Kontra Bank Garansi;ASURANSI BUANA INDEPENDENT, PT;ASURANSI BUANA INDEPENDENT, PT;0.25;0.04;;0.01;0.35;0;0.04;0;1;01/01/2010;31/12/2010;2010Kontra Bank Garansi;2010Kontra Bank GaransiASURANSI BUANA INDEPENDENT, PT
2010;KBG;2010KBG;Kontra Bank Garansi;ASURANSI BUMIPUTERA MUDA, PT;ASURANSI BUMIPUTERA MUDA, PT;0.25;0.11;;0.0275;0.35;0;0.11;0;1;01/01/2010;31/12/2010;2010Kontra Bank Garansi;2010Kontra Bank GaransiASURANSI BUMIPUTERA MUDA, PT
2010;KBG;2010KBG;Kontra Bank Garansi;ASURANSI JASA INDONESIA, PT;ASURANSI JASA INDONESIA, PT;0.25;0.08;;0.02;0.35;0;0.08;0;1;01/01/2010;31/12/2010;2010Kontra Bank Garansi;2010Kontra Bank GaransiASURANSI JASA INDONESIA, PT
2010;KBG;2010KBG;Kontra Bank Garansi;ASURANSI TUGU PRATAMA INDONESIA, PT;ASURANSI TUGU PRATAMA INDONESIA, PT;0.25;0.08;;0.02;0.35;0;0.08;0;1;01/01/2010;31/12/2010;2010Kontra Bank Garansi;2010Kontra Bank GaransiASURANSI TUGU PRATAMA INDONESIA, PT
2010;KBG;2010KBG;Kontra Bank Garansi;BRINGIN SEJAHTERA ARTAMAKMUR, PT;BRINGIN SEJAHTERA ARTAMAKMUR, PT;0.25;0.01;;0.0025;0.35;0;0.01;0;1;01/01/2010;31/12/2010;2010Kontra Bank Garansi;2010Kontra Bank GaransiBRINGIN SEJAHTERA ARTAMAKMUR, PT
2010;KBG;2010KBG;Kontra Bank Garansi;REASURANSI NASIONAL INDONESIA, PT;REASURANSI NASIONAL INDONESIA, PT;0.25;0.4;;0.1;0.35;0;0.4;0;1;01/01/2010;31/12/2010;2010Kontra Bank Garansi;2010Kontra Bank GaransiREASURANSI NASIONAL INDONESIA, PT
2010;KBG;2010KBG;Kontra Bank Garansi;TUGU REASURANSI, PT;TUGU REASURANSI, PT;0.25;0.16;;0.04;0.35;0;0.16;0;1;01/01/2010;31/12/2010;2010Kontra Bank Garansi;2010Kontra Bank GaransiTUGU REASURANSI, PT
2010;KUK;2010KUK;Kredit Usaha Kecil Konvensional;ASURANSI ASEI INDONESIA, PT;ASURANSI ASEI INDONESIA, PT;0.06;0.166666667;;0.01;0.25;0;0.166666667;0;1;01/01/2010;31/12/2010;2010Kredit Usaha Kecil Konvensional;2010Kredit Usaha Kecil KonvensionalASURANSI ASEI INDONESIA, PT
2010;KUK;2010KUK;Kredit Usaha Kecil Konvensional;REASURANSI NASIONAL INDONESIA, PT;REASURANSI NASIONAL INDONESIA, PT;0.06;0.833333333;;0.05;0.25;0;0.833333333;0;1;01/01/2010;31/12/2010;2010Kredit Usaha Kecil Konvensional;2010Kredit Usaha Kecil KonvensionalREASURANSI NASIONAL INDONESIA, PT
2010;SB;2010SB;Surety Bond;ASURANSI ASEI INDONESIA, PT;ASURANSI ASEI INDONESIA, PT;0.25;0.02;;0.005;0.35;0;0.02;0;1;01/01/2010;31/12/2010;2010Surety Bond;2010Surety BondASURANSI ASEI INDONESIA, PT
2010;SB;2010SB;Surety Bond;ASURANSI BUMIPUTERA MUDA, PT;ASURANSI BUMIPUTERA MUDA, PT;0.25;0.11;;0.0275;0.35;0;0.11;0;1;01/01/2010;31/12/2010;2010Surety Bond;2010Surety BondASURANSI BUMIPUTERA MUDA, PT
2010;SB;2010SB;Surety Bond;ASURANSI JASA INDONESIA, PT;ASURANSI JASA INDONESIA, PT;0.25;0.06;;0.015;0.35;0;0.06;0;1;01/01/2010;31/12/2010;2010Surety Bond;2010Surety BondASURANSI JASA INDONESIA, PT
2010;SB;2010SB;Surety Bond;ATRADIUS-RE;ATRADIUS-RE;0.25;0.2;;0.05;0.3;0;0.2;0;1;01/01/2010;31/12/2010;2010Surety Bond;2010Surety BondATRADIUS-RE
2010;SB;2010SB;Surety Bond;BRINGIN SEJAHTERA ARTAMAKMUR, PT;BRINGIN SEJAHTERA ARTAMAKMUR, PT;0.25;0.01;;0.0025;0.35;0;0.01;0;1;01/01/2010;31/12/2010;2010Surety Bond;2010Surety BondBRINGIN SEJAHTERA ARTAMAKMUR, PT
2010;SB;2010SB;Surety Bond;PARTNER REINSURANCE EUROPE LTD.;PARTNER REINSURANCE EUROPE LTD.;0.25;0.4;;0.1;0.3;0;0.4;0;1;01/01/2010;31/12/2010;2010Surety Bond;2010Surety BondPARTNER REINSURANCE EUROPE LTD.
2010;SB;2010SB;Surety Bond;REASURANSI NASIONAL INDONESIA, PT;REASURANSI NASIONAL INDONESIA, PT;0.25;0.2;;0.05;0.35;0;0.2;0;1;01/01/2010;31/12/2010;2010Surety Bond;2010Surety BondREASURANSI NASIONAL INDONESIA, PT
2011;TRC;2011TRC;Asuransi Kredit Perdagangan;ASURANSI ASEI INDONESIA, PT;ASURANSI ASEI INDONESIA, PT;0.4;0.025;;0.01;0.35;0;0.025;0;1;01/01/2011;31/12/2011;2011Asuransi Kredit Perdagangan;2011Asuransi Kredit PerdaganganASURANSI ASEI INDONESIA, PT
2011;TRC;2011TRC;Asuransi Kredit Perdagangan;ASURANSI BUMIPUTERA MUDA, PT;ASURANSI BUMIPUTERA MUDA, PT;0.4;0.025;;0.01;0.35;0;0.025;0;1;01/01/2011;31/12/2011;2011Asuransi Kredit Perdagangan;2011Asuransi Kredit PerdaganganASURANSI BUMIPUTERA MUDA, PT
2011;TRC;2011TRC;Asuransi Kredit Perdagangan;ASURANSI JASA INDONESIA, PT;ASURANSI JASA INDONESIA, PT;0.4;0.075;;0.03;0.35;0;0.075;0;1;01/01/2011;31/12/2011;2011Asuransi Kredit Perdagangan;2011Asuransi Kredit PerdaganganASURANSI JASA INDONESIA, PT
2011;TRC;2011TRC;Asuransi Kredit Perdagangan;ATRADIUS-RE;ATRADIUS-RE;0.4;0.25;;0.1;0.3;0;0.25;0;1;01/01/2011;31/12/2011;2011Asuransi Kredit Perdagangan;2011Asuransi Kredit PerdaganganATRADIUS-RE
2011;TRC;2011TRC;Asuransi Kredit Perdagangan;MUNICH REINSURANCE COMPANY KONINGINSTRASSE 107;MUNICH REINSURANCE COMPANY KONINGINSTRASSE 107;0.4;0.5;;0.2;0.3;0;0.5;0;1;01/01/2011;31/12/2011;2011Asuransi Kredit Perdagangan;2011Asuransi Kredit PerdaganganMUNICH REINSURANCE COMPANY KONINGINSTRASSE 107
2011;TRC;2011TRC;Asuransi Kredit Perdagangan;REASURANSI NASIONAL INDONESIA, PT;REASURANSI NASIONAL INDONESIA, PT;0.4;0.125;;0.05;0.35;0;0.125;0;1;01/01/2011;31/12/2011;2011Asuransi Kredit Perdagangan;2011Asuransi Kredit PerdaganganREASURANSI NASIONAL INDONESIA, PT
2011;CB;2011CB;Customs Bond;ASURANSI ASEI INDONESIA, PT;ASURANSI ASEI INDONESIA, PT;0.3;0.066666667;;0.02;0.35;0;0.066666667;0;1;01/01/2011;31/12/2011;2011Customs Bond;2011Customs BondASURANSI ASEI INDONESIA, PT
2011;CB;2011CB;Customs Bond;ASURANSI BUMIPUTERA MUDA, PT;ASURANSI BUMIPUTERA MUDA, PT;0.3;0.1;;0.03;0.35;0;0.1;0;1;01/01/2011;31/12/2011;2011Customs Bond;2011Customs BondASURANSI BUMIPUTERA MUDA, PT
2011;CB;2011CB;Customs Bond;ASURANSI JASA INDONESIA, PT;ASURANSI JASA INDONESIA, PT;0.3;0.066666667;;0.02;0.35;0;0.066666667;0;1;01/01/2011;31/12/2011;2011Customs Bond;2011Customs BondASURANSI JASA INDONESIA, PT
2011;CB;2011CB;Customs Bond;ASURANSI JASA TANIA, PT;ASURANSI JASA TANIA, PT;0.3;0.066666667;;0.02;0.35;0;0.066666667;0;1;01/01/2011;31/12/2011;2011Customs Bond;2011Customs BondASURANSI JASA TANIA, PT
2011;CB;2011CB;Customs Bond;ASURANSI RAMAYANA, PT;ASURANSI RAMAYANA, PT;0.3;0.066666667;;0.02;0.35;0;0.066666667;0;1;01/01/2011;31/12/2011;2011Customs Bond;2011Customs BondASURANSI RAMAYANA, PT
2011;CB;2011CB;Customs Bond;ASURANSI TUGU KRESNA PRATAMA, PT;ASURANSI TUGU KRESNA PRATAMA, PT;0.3;0.066666667;;0.02;0.35;0;0.066666667;0;1;01/01/2011;31/12/2011;2011Customs Bond;2011Customs BondASURANSI TUGU KRESNA PRATAMA, PT
2011;CB;2011CB;Customs Bond;REASURANSI NASIONAL INDONESIA, PT;REASURANSI NASIONAL INDONESIA, PT;0.3;0.5;;0.15;0.35;0;0.5;0;1;01/01/2011;31/12/2011;2011Customs Bond;2011Customs BondREASURANSI NASIONAL INDONESIA, PT
2011;CB;2011CB;Customs Bond;TUGU REASURANSI, PT;TUGU REASURANSI, PT;0.3;0.066666667;;0.02;0.35;0;0.066666667;0;1;01/01/2011;31/12/2011;2011Customs Bond;2011Customs BondTUGU REASURANSI, PT
2011;KUC;2011KUC;COMMERCIAL CREDIT;REASURANSI NASIONAL INDONESIA, PT;REASURANSI NASIONAL INDONESIA, PT;0.5;1;;0.5;0.35;0;1;0;1;01/01/2011;31/12/2011;2011COMMERCIAL CREDIT;2011COMMERCIAL CREDITREASURANSI NASIONAL INDONESIA, PT
2011;KUS;2011KUS;Konsumtif;REASURANSI NASIONAL INDONESIA, PT;REASURANSI NASIONAL INDONESIA, PT;0.5;1;;0.5;0.35;0;1;0;1;01/01/2011;31/12/2011;2011Konsumtif;2011KonsumtifREASURANSI NASIONAL INDONESIA, PT
2011;KBG;2011KBG;Kontra Bank Garansi;ASURANSI ASEI INDONESIA, PT;ASURANSI ASEI INDONESIA, PT;0.25;0.08;;0.02;0.35;0;0.08;0;1;01/01/2011;31/12/2011;2011Kontra Bank Garansi;2011Kontra Bank GaransiASURANSI ASEI INDONESIA, PT
2011;KBG;2011KBG;Kontra Bank Garansi;ASURANSI BANGUN ASKRIDA, PT;ASURANSI BANGUN ASKRIDA, PT;0.25;0.01;;0.0025;0.35;0;0.01;0;1;01/01/2011;31/12/2011;2011Kontra Bank Garansi;2011Kontra Bank GaransiASURANSI BANGUN ASKRIDA, PT
2011;KBG;2011KBG;Kontra Bank Garansi;ASURANSI BUANA INDEPENDENT, PT;ASURANSI BUANA INDEPENDENT, PT;0.25;0.04;;0.01;0.35;0;0.04;0;1;01/01/2011;31/12/2011;2011Kontra Bank Garansi;2011Kontra Bank GaransiASURANSI BUANA INDEPENDENT, PT
2011;KBG;2011KBG;Kontra Bank Garansi;ASURANSI BUMIPUTERA MUDA, PT;ASURANSI BUMIPUTERA MUDA, PT;0.25;0.11;;0.0275;0.35;0;0.11;0;1;01/01/2011;31/12/2011;2011Kontra Bank Garansi;2011Kontra Bank GaransiASURANSI BUMIPUTERA MUDA, PT
2011;KBG;2011KBG;Kontra Bank Garansi;ASURANSI JASA INDONESIA, PT;ASURANSI JASA INDONESIA, PT;0.25;0.08;;0.02;0.35;0;0.08;0;1;01/01/2011;31/12/2011;2011Kontra Bank Garansi;2011Kontra Bank GaransiASURANSI JASA INDONESIA, PT
2011;KBG;2011KBG;Kontra Bank Garansi;ASURANSI JASA TANIA, PT;ASURANSI JASA TANIA, PT;0.25;0.04;;0.01;0.35;0;0.04;0;1;01/01/2011;31/12/2011;2011Kontra Bank Garansi;2011Kontra Bank GaransiASURANSI JASA TANIA, PT
2011;KBG;2011KBG;Kontra Bank Garansi;ASURANSI RAMAYANA, PT;ASURANSI RAMAYANA, PT;0.25;0.04;;0.01;0.35;0;0.04;0;1;01/01/2011;31/12/2011;2011Kontra Bank Garansi;2011Kontra Bank GaransiASURANSI RAMAYANA, PT
2011;KBG;2011KBG;Kontra Bank Garansi;ASURANSI SINAR MAS, PT;ASURANSI SINAR MAS, PT;0.25;0.08;;0.02;0.35;0;0.08;0;1;01/01/2011;31/12/2011;2011Kontra Bank Garansi;2011Kontra Bank GaransiASURANSI SINAR MAS, PT
2011;KBG;2011KBG;Kontra Bank Garansi;ASURANSI TUGU KRESNA PRATAMA, PT;ASURANSI TUGU KRESNA PRATAMA, PT;0.25;0.04;;0.01;0.35;0;0.04;0;1;01/01/2011;31/12/2011;2011Kontra Bank Garansi;2011Kontra Bank GaransiASURANSI TUGU KRESNA PRATAMA, PT
2011;KBG;2011KBG;Kontra Bank Garansi;ASURANSI TUGU PRATAMA INDONESIA, PT;ASURANSI TUGU PRATAMA INDONESIA, PT;0.25;0.08;;0.02;0.35;0;0.08;0;1;01/01/2011;31/12/2011;2011Kontra Bank Garansi;2011Kontra Bank GaransiASURANSI TUGU PRATAMA INDONESIA, PT
2011;KBG;2011KBG;Kontra Bank Garansi;BRINGIN SEJAHTERA ARTAMAKMUR, PT;BRINGIN SEJAHTERA ARTAMAKMUR, PT;0.25;0.01;;0.0025;0.35;0;0.01;0;1;01/01/2011;31/12/2011;2011Kontra Bank Garansi;2011Kontra Bank GaransiBRINGIN SEJAHTERA ARTAMAKMUR, PT
2011;KBG;2011KBG;Kontra Bank Garansi;REASURANSI NASIONAL INDONESIA, PT;REASURANSI NASIONAL INDONESIA, PT;0.25;0.27;;0.0675;0.35;0;0.27;0;1;01/01/2011;31/12/2011;2011Kontra Bank Garansi;2011Kontra Bank GaransiREASURANSI NASIONAL INDONESIA, PT
2011;KBG;2011KBG;Kontra Bank Garansi;TUGU REASURANSI, PT;TUGU REASURANSI, PT;0.25;0.12;;0.03;0.35;0;0.12;0;1;01/01/2011;31/12/2011;2011Kontra Bank Garansi;2011Kontra Bank GaransiTUGU REASURANSI, PT
2011;KUK;2011KUK;Kredit Usaha Kecil Konvensional;ASURANSI ASEI INDONESIA, PT;ASURANSI ASEI INDONESIA, PT;0.2;0.1;;0.02;0.25;0;0.1;0;1;01/01/2011;31/12/2011;2011Kredit Usaha Kecil Konvensional;2011Kredit Usaha Kecil KonvensionalASURANSI ASEI INDONESIA, PT
2011;KUK;2011KUK;Kredit Usaha Kecil Konvensional;ASURANSI JASA INDONESIA, PT;ASURANSI JASA INDONESIA, PT;0.2;0.2;;0.04;0.25;0;0.2;0;1;01/01/2011;31/12/2011;2011Kredit Usaha Kecil Konvensional;2011Kredit Usaha Kecil KonvensionalASURANSI JASA INDONESIA, PT
2011;KUK;2011KUK;Kredit Usaha Kecil Konvensional;REASURANSI NASIONAL INDONESIA, PT;REASURANSI NASIONAL INDONESIA, PT;0.2;0.7;;0.14;0.25;0;0.7;0;1;01/01/2011;31/12/2011;2011Kredit Usaha Kecil Konvensional;2011Kredit Usaha Kecil KonvensionalREASURANSI NASIONAL INDONESIA, PT
2011;SB;2011SB;Surety Bond;ASURANSI ASEI INDONESIA, PT;ASURANSI ASEI INDONESIA, PT;0.25;0.02;;0.005;0.35;0;0.02;0;1;01/01/2011;31/12/2011;2011Surety Bond;2011Surety BondASURANSI ASEI INDONESIA, PT
2011;SB;2011SB;Surety Bond;ASURANSI BUMIPUTERA MUDA, PT;ASURANSI BUMIPUTERA MUDA, PT;0.25;0.11;;0.0275;0.35;0;0.11;0;1;01/01/2011;31/12/2011;2011Surety Bond;2011Surety BondASURANSI BUMIPUTERA MUDA, PT
2011;SB;2011SB;Surety Bond;ASURANSI JASA INDONESIA, PT;ASURANSI JASA INDONESIA, PT;0.25;0.06;;0.015;0.35;0;0.06;0;1;01/01/2011;31/12/2011;2011Surety Bond;2011Surety BondASURANSI JASA INDONESIA, PT
2011;SB;2011SB;Surety Bond;ATRADIUS-RE;ATRADIUS-RE;0.25;0.2;;0.05;0.3;0;0.2;0;1;01/01/2011;31/12/2011;2011Surety Bond;2011Surety BondATRADIUS-RE
2011;SB;2011SB;Surety Bond;BRINGIN SEJAHTERA ARTAMAKMUR, PT;BRINGIN SEJAHTERA ARTAMAKMUR, PT;0.25;0.01;;0.0025;0.35;0;0.01;0;1;01/01/2011;31/12/2011;2011Surety Bond;2011Surety BondBRINGIN SEJAHTERA ARTAMAKMUR, PT
2011;SB;2011SB;Surety Bond;PARTNER REINSURANCE EUROPE LTD.;PARTNER REINSURANCE EUROPE LTD.;0.25;0.4;;0.1;0.3;0;0.4;0;1;01/01/2011;31/12/2011;2011Surety Bond;2011Surety BondPARTNER REINSURANCE EUROPE LTD.
2011;SB;2011SB;Surety Bond;REASURANSI NASIONAL INDONESIA, PT;REASURANSI NASIONAL INDONESIA, PT;0.25;0.2;;0.05;0.35;0;0.2;0;1;01/01/2011;31/12/2011;2011Surety Bond;2011Surety BondREASURANSI NASIONAL INDONESIA, PT
2012;TRC;2012TRC;TRADE CREDIT;ASURANSI ASEI INDONESIA, PT;ASURANSI ASEI INDONESIA, PT;0.42;0.023809524;;0.01;0.35;0;0.023809524;0;1;01/01/2012;31/12/2012;2012TRADE CREDIT;2012TRADE CREDITASURANSI ASEI INDONESIA, PT
2012;TRC;2012TRC;TRADE CREDIT;ASURANSI BUMIPUTERA MUDA, PT;ASURANSI BUMIPUTERA MUDA, PT;0.42;0.023809524;;0.01;0.35;0;0.023809524;0;1;01/01/2012;31/12/2012;2012TRADE CREDIT;2012TRADE CREDITASURANSI BUMIPUTERA MUDA, PT
2012;TRC;2012TRC;TRADE CREDIT;ASURANSI JASA INDONESIA, PT;ASURANSI JASA INDONESIA, PT;0.42;0.071428571;;0.03;0.35;0;0.071428571;0;1;01/01/2012;31/12/2012;2012TRADE CREDIT;2012TRADE CREDITASURANSI JASA INDONESIA, PT
2012;TRC;2012TRC;TRADE CREDIT;ASURANSI SINAR MAS, PT;ASURANSI SINAR MAS, PT;0.42;0.047619048;;0.02;0.35;0;0.047619048;0;1;01/01/2012;31/12/2012;2012TRADE CREDIT;2012TRADE CREDITASURANSI SINAR MAS, PT
2012;TRC;2012TRC;TRADE CREDIT;ATRADIUS-RE;ATRADIUS-RE;0.42;0.238095238;;0.1;0.3;0;0.238095238;0;1;01/01/2012;31/12/2012;2012TRADE CREDIT;2012TRADE CREDITATRADIUS-RE
2012;TRC;2012TRC;TRADE CREDIT;MUNICH REINSURANCE COMPANY KONINGINSTRASSE 107;MUNICH REINSURANCE COMPANY KONINGINSTRASSE 107;0.42;0.476190476;;0.2;0.3;0;0.476190476;0;1;01/01/2012;31/12/2012;2012TRADE CREDIT;2012TRADE CREDITMUNICH REINSURANCE COMPANY KONINGINSTRASSE 107
2012;TRC;2012TRC;TRADE CREDIT;REASURANSI NASIONAL INDONESIA, PT;REASURANSI NASIONAL INDONESIA, PT;0.42;0.119047619;;0.05;0.35;0;0.119047619;0;1;01/01/2012;31/12/2012;2012TRADE CREDIT;2012TRADE CREDITREASURANSI NASIONAL INDONESIA, PT
2012;CB;2012CB;CUSTOMS BOND;ASURANSI ASEI INDONESIA, PT;ASURANSI ASEI INDONESIA, PT;0.3;0.066666667;;0.02;0.35;0;0.066666667;0;1;01/01/2012;31/12/2012;2012CUSTOMS BOND;2012CUSTOMS BONDASURANSI ASEI INDONESIA, PT
2012;CB;2012CB;CUSTOMS BOND;ASURANSI BUANA INDEPENDENT, PT;ASURANSI BUANA INDEPENDENT, PT;0.3;0.033333333;;0.01;0.35;0;0.033333333;0;1;01/01/2012;31/12/2012;2012CUSTOMS BOND;2012CUSTOMS BONDASURANSI BUANA INDEPENDENT, PT
2012;CB;2012CB;CUSTOMS BOND;ASURANSI BUMIPUTERA MUDA, PT;ASURANSI BUMIPUTERA MUDA, PT;0.3;0.1;;0.03;0.35;0;0.1;0;1;01/01/2012;31/12/2012;2012CUSTOMS BOND;2012CUSTOMS BONDASURANSI BUMIPUTERA MUDA, PT
2012;CB;2012CB;CUSTOMS BOND;ASURANSI JASA INDONESIA, PT;ASURANSI JASA INDONESIA, PT;0.3;0.066666667;;0.02;0.35;0;0.066666667;0;1;01/01/2012;31/12/2012;2012CUSTOMS BOND;2012CUSTOMS BONDASURANSI JASA INDONESIA, PT
2012;CB;2012CB;CUSTOMS BOND;ASURANSI JASA TANIA, PT;ASURANSI JASA TANIA, PT;0.3;0.066666667;;0.02;0.35;0;0.066666667;0;1;01/01/2012;31/12/2012;2012CUSTOMS BOND;2012CUSTOMS BONDASURANSI JASA TANIA, PT
2012;CB;2012CB;CUSTOMS BOND;ASURANSI RAMAYANA, PT;ASURANSI RAMAYANA, PT;0.3;0.066666667;;0.02;0.35;0;0.066666667;0;1;01/01/2012;31/12/2012;2012CUSTOMS BOND;2012CUSTOMS BONDASURANSI RAMAYANA, PT
2012;CB;2012CB;CUSTOMS BOND;ASURANSI TUGU KRESNA PRATAMA, PT;ASURANSI TUGU KRESNA PRATAMA, PT;0.3;0.066666667;;0.02;0.35;0;0.066666667;0;1;01/01/2012;31/12/2012;2012CUSTOMS BOND;2012CUSTOMS BONDASURANSI TUGU KRESNA PRATAMA, PT
2012;CB;2012CB;CUSTOMS BOND;REASURANSI NASIONAL INDONESIA, PT;REASURANSI NASIONAL INDONESIA, PT;0.3;0.466666667;;0.14;0.35;0;0.466666667;0;1;01/01/2012;31/12/2012;2012CUSTOMS BOND;2012CUSTOMS BONDREASURANSI NASIONAL INDONESIA, PT
2012;CB;2012CB;CUSTOMS BOND;TUGU REASURANSI, PT;TUGU REASURANSI, PT;0.3;0.066666667;;0.02;0.35;0;0.066666667;0;1;01/01/2012;31/12/2012;2012CUSTOMS BOND;2012CUSTOMS BONDTUGU REASURANSI, PT
2012;KUC;2012KUC;COMMERCIAL CREDIT;ASRINDA ARTHASANGGA RE BROKERS, PT;REASURANSI NASIONAL INDONESIA, PT;0.2;1;;0.06;0.3;0;0.3;0;0.3;01/01/2012;31/12/2012;2012COMMERCIAL CREDIT;2012COMMERCIAL CREDITASRINDA ARTHASANGGA RE BROKERS, PT
2012;KUC;2012KUC;COMMERCIAL CREDIT;ASRINDA ARTHASANGGA RE BROKERS, PT;TUGU REASURANSI, PT;0.2;1;;0.06;0.3;0;0.3;0;0.3;01/01/2012;31/12/2012;2012COMMERCIAL CREDIT;2012COMMERCIAL CREDITASRINDA ARTHASANGGA RE BROKERS, PT
2012;KUC;2012KUC;COMMERCIAL CREDIT;ASRINDA ARTHASANGGA RE BROKERS, PT;REASURANSI INTERNATIONAL INDONESIA, PT;0.2;1;;0.01;0.3;0;0.05;0;0.05;01/01/2012;31/12/2012;2012COMMERCIAL CREDIT;2012COMMERCIAL CREDITASRINDA ARTHASANGGA RE BROKERS, PT
2012;KUC;2012KUC;COMMERCIAL CREDIT;ASRINDA ARTHASANGGA RE BROKERS, PT;ASURANSI JASA INDONESIA, PT;0.2;1;;0.01;0.3;0;0.05;0;0.05;01/01/2012;31/12/2012;2012COMMERCIAL CREDIT;2012COMMERCIAL CREDITASRINDA ARTHASANGGA RE BROKERS, PT
2012;KUC;2012KUC;COMMERCIAL CREDIT;ASRINDA ARTHASANGGA RE BROKERS, PT;ASURANSI TUGU KRESNA PRATAMA, PT;0.2;1;;0.02;0.3;0;0.1;0;0.1;01/01/2012;31/12/2012;2012COMMERCIAL CREDIT;2012COMMERCIAL CREDITASRINDA ARTHASANGGA RE BROKERS, PT
2012;KUC;2012KUC;COMMERCIAL CREDIT;ASRINDA ARTHASANGGA RE BROKERS, PT;ASURANSI BUMIPUTERA MUDA, PT;0.2;1;;0.04;0.3;0;0.2;0;0.2;01/01/2012;31/12/2012;2012COMMERCIAL CREDIT;2012COMMERCIAL CREDITASRINDA ARTHASANGGA RE BROKERS, PT
2012;KUS;2012KUS;CONSUMPTIVE CREDIT;ASRINDA ARTHASANGGA RE BROKERS, PT;REASURANSI NASIONAL INDONESIA, PT;0.2;1;;0.1;0.3;0;0.5;0;0.5;01/01/2012;31/12/2012;2012CONSUMPTIVE CREDIT;2012CONSUMPTIVE CREDITASRINDA ARTHASANGGA RE BROKERS, PT
2012;KUS;2012KUS;CONSUMPTIVE CREDIT;ASRINDA ARTHASANGGA RE BROKERS, PT;TUGU REASURANSI, PT;0.2;1;;0.01;0.3;0;0.05;0;0.05;01/01/2012;31/12/2012;2012CONSUMPTIVE CREDIT;2012CONSUMPTIVE CREDITASRINDA ARTHASANGGA RE BROKERS, PT
2012;KUS;2012KUS;CONSUMPTIVE CREDIT;ASRINDA ARTHASANGGA RE BROKERS, PT;REASURANSI INTERNATIONAL INDONESIA, PT;0.2;1;;0.01;0.3;0;0.05;0;0.05;01/01/2012;31/12/2012;2012CONSUMPTIVE CREDIT;2012CONSUMPTIVE CREDITASRINDA ARTHASANGGA RE BROKERS, PT
2012;KUS;2012KUS;CONSUMPTIVE CREDIT;ASRINDA ARTHASANGGA RE BROKERS, PT;ASURANSI JASA INDONESIA, PT;0.2;1;;0.02;0.3;0;0.1;0;0.1;01/01/2012;31/12/2012;2012CONSUMPTIVE CREDIT;2012CONSUMPTIVE CREDITASRINDA ARTHASANGGA RE BROKERS, PT
2012;KUS;2012KUS;CONSUMPTIVE CREDIT;ASRINDA ARTHASANGGA RE BROKERS, PT;ASURANSI TUGU KRESNA PRATAMA, PT;0.2;1;;0.02;0.3;0;0.1;0;0.1;01/01/2012;31/12/2012;2012CONSUMPTIVE CREDIT;2012CONSUMPTIVE CREDITASRINDA ARTHASANGGA RE BROKERS, PT
2012;KUS;2012KUS;CONSUMPTIVE CREDIT;ASRINDA ARTHASANGGA RE BROKERS, PT;ASURANSI JASA TANIA, PT;0.2;1;;0.02;0.3;0;0.1;0;0.1;01/01/2012;31/12/2012;2012CONSUMPTIVE CREDIT;2012CONSUMPTIVE CREDITASRINDA ARTHASANGGA RE BROKERS, PT
2012;KUS;2012KUS;CONSUMPTIVE CREDIT;ASRINDA ARTHASANGGA RE BROKERS, PT;ASURANSI BUMIPUTERA MUDA, PT;0.2;1;;0.02;0.3;0;0.1;0;0.1;01/01/2012;31/12/2012;2012CONSUMPTIVE CREDIT;2012CONSUMPTIVE CREDITASRINDA ARTHASANGGA RE BROKERS, PT
2012;KBG;2012KBG;COUNTER BANK GUARANTEE;ASIA CAPITAL REINSURANCE PTE.LTD.;ASIA CAPITAL REINSURANCE PTE.LTD.;0.3;0.033333333;;0.01;0.35;0;0.033333333;0;1;01/01/2012;31/12/2012;2012COUNTER BANK GUARANTEE;2012COUNTER BANK GUARANTEEASIA CAPITAL REINSURANCE PTE.LTD.
2012;KBG;2012KBG;COUNTER BANK GUARANTEE;ASURANSI ASEI INDONESIA, PT;ASURANSI ASEI INDONESIA, PT;0.3;0.083333333;;0.025;0.35;0;0.083333333;0;1;01/01/2012;31/12/2012;2012COUNTER BANK GUARANTEE;2012COUNTER BANK GUARANTEEASURANSI ASEI INDONESIA, PT
2012;KBG;2012KBG;COUNTER BANK GUARANTEE;ASURANSI BANGUN ASKRIDA, PT;ASURANSI BANGUN ASKRIDA, PT;0.3;0.008333333;;0.0025;0.35;0;0.008333333;0;1;01/01/2012;31/12/2012;2012COUNTER BANK GUARANTEE;2012COUNTER BANK GUARANTEEASURANSI BANGUN ASKRIDA, PT
2012;KBG;2012KBG;COUNTER BANK GUARANTEE;ASURANSI BUANA INDEPENDENT, PT;ASURANSI BUANA INDEPENDENT, PT;0.3;0.033333333;;0.01;0.35;0;0.033333333;0;1;01/01/2012;31/12/2012;2012COUNTER BANK GUARANTEE;2012COUNTER BANK GUARANTEEASURANSI BUANA INDEPENDENT, PT
2012;KBG;2012KBG;COUNTER BANK GUARANTEE;ASURANSI BUMIPUTERA MUDA, PT;ASURANSI BUMIPUTERA MUDA, PT;0.3;0.125;;0.0375;0.35;0;0.125;0;1;01/01/2012;31/12/2012;2012COUNTER BANK GUARANTEE;2012COUNTER BANK GUARANTEEASURANSI BUMIPUTERA MUDA, PT
2012;KBG;2012KBG;COUNTER BANK GUARANTEE;ASURANSI JASA INDONESIA, PT;ASURANSI JASA INDONESIA, PT;0.3;0.1;;0.03;0.35;0;0.1;0;1;01/01/2012;31/12/2012;2012COUNTER BANK GUARANTEE;2012COUNTER BANK GUARANTEEASURANSI JASA INDONESIA, PT
2012;KBG;2012KBG;COUNTER BANK GUARANTEE;ASURANSI JASA TANIA, PT;ASURANSI JASA TANIA, PT;0.3;0.05;;0.015;0.35;0;0.05;0;1;01/01/2012;31/12/2012;2012COUNTER BANK GUARANTEE;2012COUNTER BANK GUARANTEEASURANSI JASA TANIA, PT
2012;KBG;2012KBG;COUNTER BANK GUARANTEE;ASURANSI RAMAYANA, PT;ASURANSI RAMAYANA, PT;0.3;0.033333333;;0.01;0.35;0;0.033333333;0;1;01/01/2012;31/12/2012;2012COUNTER BANK GUARANTEE;2012COUNTER BANK GUARANTEEASURANSI RAMAYANA, PT
2012;KBG;2012KBG;COUNTER BANK GUARANTEE;ASURANSI SINAR MAS, PT;ASURANSI SINAR MAS, PT;0.3;0.066666667;;0.02;0.35;0;0.066666667;0;1;01/01/2012;31/12/2012;2012COUNTER BANK GUARANTEE;2012COUNTER BANK GUARANTEEASURANSI SINAR MAS, PT
2012;KBG;2012KBG;COUNTER BANK GUARANTEE;ASURANSI TRIPAKARTA, PT;ASURANSI TRIPAKARTA, PT;0.3;0.033333333;;0.01;0.35;0;0.033333333;0;1;01/01/2012;31/12/2012;2012COUNTER BANK GUARANTEE;2012COUNTER BANK GUARANTEEASURANSI TRIPAKARTA, PT
2012;KBG;2012KBG;COUNTER BANK GUARANTEE;ASURANSI TUGU KRESNA PRATAMA, PT;ASURANSI TUGU KRESNA PRATAMA, PT;0.3;0.033333333;;0.01;0.35;0;0.033333333;0;1;01/01/2012;31/12/2012;2012COUNTER BANK GUARANTEE;2012COUNTER BANK GUARANTEEASURANSI TUGU KRESNA PRATAMA, PT
2012;KBG;2012KBG;COUNTER BANK GUARANTEE;BRINGIN SEJAHTERA ARTAMAKMUR, PT;BRINGIN SEJAHTERA ARTAMAKMUR, PT;0.3;0.008333333;;0.0025;0.35;0;0.008333333;0;1;01/01/2012;31/12/2012;2012COUNTER BANK GUARANTEE;2012COUNTER BANK GUARANTEEBRINGIN SEJAHTERA ARTAMAKMUR, PT
2012;KBG;2012KBG;COUNTER BANK GUARANTEE;REASURANSI INTERNATIONAL INDONESIA, PT;REASURANSI INTERNATIONAL INDONESIA, PT;0.3;0.066666667;;0.02;0.35;0;0.066666667;0;1;01/01/2012;31/12/2012;2012COUNTER BANK GUARANTEE;2012COUNTER BANK GUARANTEEREASURANSI INTERNATIONAL INDONESIA, PT
2012;KBG;2012KBG;COUNTER BANK GUARANTEE;REASURANSI NASIONAL INDONESIA, PT;REASURANSI NASIONAL INDONESIA, PT;0.3;0.225;;0.0675;0.35;0;0.225;0;1;01/01/2012;31/12/2012;2012COUNTER BANK GUARANTEE;2012COUNTER BANK GUARANTEEREASURANSI NASIONAL INDONESIA, PT
2012;KBG;2012KBG;COUNTER BANK GUARANTEE;TUGU REASURANSI, PT;TUGU REASURANSI, PT;0.3;0.1;;0.03;0.35;0;0.1;0;1;01/01/2012;31/12/2012;2012COUNTER BANK GUARANTEE;2012COUNTER BANK GUARANTEETUGU REASURANSI, PT
2012;KKP;2012KKP;Kredit Ketahanan Pangan - Energi;ASURANSI ASEI INDONESIA, PT;ASURANSI ASEI INDONESIA, PT;0.2;0.25;;0.05;0.025;0;0.25;0;1;01/01/2012;31/12/2012;2012Kredit Ketahanan Pangan - Energi;2012Kredit Ketahanan Pangan - EnergiASURANSI ASEI INDONESIA, PT
2012;KKP;2012KKP;Kredit Ketahanan Pangan - Energi;ASURANSI JASA INDONESIA, PT;ASURANSI JASA INDONESIA, PT;0.2;0.5;;0.1;0.025;0;0.5;0;1;01/01/2012;31/12/2012;2012Kredit Ketahanan Pangan - Energi;2012Kredit Ketahanan Pangan - EnergiASURANSI JASA INDONESIA, PT
2012;KKP;2012KKP;Kredit Ketahanan Pangan - Energi;REASURANSI INTERNATIONAL INDONESIA, PT;REASURANSI INTERNATIONAL INDONESIA, PT;0.2;0.25;;0.05;0.025;0;0.25;0;1;01/01/2012;31/12/2012;2012Kredit Ketahanan Pangan - Energi;2012Kredit Ketahanan Pangan - EnergiREASURANSI INTERNATIONAL INDONESIA, PT
2012;KUK;2012KUK;SMALL CREDIT;ASURANSI ASEI INDONESIA, PT;ASURANSI ASEI INDONESIA, PT;0.2;0.1;;0.02;0.25;0;0.1;0;1;01/01/2012;31/12/2012;2012SMALL CREDIT;2012SMALL CREDITASURANSI ASEI INDONESIA, PT
2012;KUK;2012KUK;SMALL CREDIT;ASURANSI JASA INDONESIA, PT;ASURANSI JASA INDONESIA, PT;0.2;0.2;;0.04;0.25;0;0.2;0;1;01/01/2012;31/12/2012;2012SMALL CREDIT;2012SMALL CREDITASURANSI JASA INDONESIA, PT
2012;KUK;2012KUK;SMALL CREDIT;REASURANSI NASIONAL INDONESIA, PT;REASURANSI NASIONAL INDONESIA, PT;0.2;0.7;;0.14;0.25;0;0.7;0;1;01/01/2012;31/12/2012;2012SMALL CREDIT;2012SMALL CREDITREASURANSI NASIONAL INDONESIA, PT
2012;SB;2012SB;Surety Bond;ASIA CAPITAL REINSURANCE PTE.LTD.;ASIA CAPITAL REINSURANCE PTE.LTD.;0.275;0.036363636;;0.01;0.35;0;0.036363636;0;1;01/01/2012;31/12/2012;2012Surety Bond;2012Surety BondASIA CAPITAL REINSURANCE PTE.LTD.
2012;SB;2012SB;Surety Bond;ASURANSI ASEI INDONESIA, PT;ASURANSI ASEI INDONESIA, PT;0.275;0.036363636;;0.01;0.35;0;0.036363636;0;1;01/01/2012;31/12/2012;2012Surety Bond;2012Surety BondASURANSI ASEI INDONESIA, PT
2012;SB;2012SB;Surety Bond;ASURANSI BUMIPUTERA MUDA, PT;ASURANSI BUMIPUTERA MUDA, PT;0.275;0.109090909;;0.03;0.35;0;0.109090909;0;1;01/01/2012;31/12/2012;2012Surety Bond;2012Surety BondASURANSI BUMIPUTERA MUDA, PT
2012;SB;2012SB;Surety Bond;ASURANSI JASA INDONESIA, PT;ASURANSI JASA INDONESIA, PT;0.275;0.063636364;;0.0175;0.35;0;0.063636364;0;1;01/01/2012;31/12/2012;2012Surety Bond;2012Surety BondASURANSI JASA INDONESIA, PT
2012;SB;2012SB;Surety Bond;ASURANSI TRIPAKARTA, PT;ASURANSI TRIPAKARTA, PT;0.275;0.018181818;;0.005;0.35;0;0.018181818;0;1;01/01/2012;31/12/2012;2012Surety Bond;2012Surety BondASURANSI TRIPAKARTA, PT
2012;SB;2012SB;Surety Bond;ATRADIUS-RE;ATRADIUS-RE;0.275;0.181818182;;0.05;0.3;0;0.181818182;0;1;01/01/2012;31/12/2012;2012Surety Bond;2012Surety BondATRADIUS-RE
2012;SB;2012SB;Surety Bond;BRINGIN SEJAHTERA ARTAMAKMUR, PT;BRINGIN SEJAHTERA ARTAMAKMUR, PT;0.275;0.009090909;;0.0025;0.35;0;0.009090909;0;1;01/01/2012;31/12/2012;2012Surety Bond;2012Surety BondBRINGIN SEJAHTERA ARTAMAKMUR, PT
2012;SB;2012SB;Surety Bond;PARTNER REINSURANCE EUROPE LTD.;PARTNER REINSURANCE EUROPE LTD.;0.275;0.363636364;;0.1;0.3;0;0.363636364;0;1;01/01/2012;31/12/2012;2012Surety Bond;2012Surety BondPARTNER REINSURANCE EUROPE LTD.
2012;SB;2012SB;Surety Bond;REASURANSI INTERNATIONAL INDONESIA, PT;REASURANSI INTERNATIONAL INDONESIA, PT;0.275;0.036363636;;0.01;0.35;0;0.036363636;0;1;01/01/2012;31/12/2012;2012Surety Bond;2012Surety BondREASURANSI INTERNATIONAL INDONESIA, PT
2012;SB;2012SB;Surety Bond;REASURANSI NASIONAL INDONESIA, PT;REASURANSI NASIONAL INDONESIA, PT;0.275;0.145454545;;0.04;0.35;0;0.145454545;0;1;01/01/2012;31/12/2012;2012Surety Bond;2012Surety BondREASURANSI NASIONAL INDONESIA, PT
2013;TRC;2013TRC;TRADE CREDIT;ASURANSI ASEI INDONESIA, PT;ASURANSI ASEI INDONESIA, PT;0.2;0.0375;;0.0075;0.35;0;0.0375;0;1;01/01/2013;31/12/2013;2013TRADE CREDIT;2013TRADE CREDITASURANSI ASEI INDONESIA, PT
2013;TRC;2013TRC;TRADE CREDIT;ASURANSI BUMIPUTERA MUDA, PT;ASURANSI BUMIPUTERA MUDA, PT;0.2;0.0375;;0.0075;0.35;0;0.0375;0;1;01/01/2013;31/12/2013;2013TRADE CREDIT;2013TRADE CREDITASURANSI BUMIPUTERA MUDA, PT
2013;TRC;2013TRC;TRADE CREDIT;ASURANSI JASA INDONESIA, PT;ASURANSI JASA INDONESIA, PT;0.2;0.0375;;0.0075;0.35;0;0.0375;0;1;01/01/2013;31/12/2013;2013TRADE CREDIT;2013TRADE CREDITASURANSI JASA INDONESIA, PT
2013;TRC;2013TRC;TRADE CREDIT;ASURANSI SINAR MAS, PT;ASURANSI SINAR MAS, PT;0.2;0.0375;;0.0075;0.35;0;0.0375;0;1;01/01/2013;31/12/2013;2013TRADE CREDIT;2013TRADE CREDITASURANSI SINAR MAS, PT
2013;TRC;2013TRC;TRADE CREDIT;ATRADIUS-RE;ATRADIUS-RE;0.2;0.25;;0.05;0.3;0;0.25;0;1;01/01/2013;31/12/2013;2013TRADE CREDIT;2013TRADE CREDITATRADIUS-RE
2013;TRC;2013TRC;TRADE CREDIT;MUNICH REINSURANCE COMPANY KONINGINSTRASSE 107;MUNICH REINSURANCE COMPANY KONINGINSTRASSE 107;0.2;0.5;;0.1;0.3;0;0.5;0;1;01/01/2013;31/12/2013;2013TRADE CREDIT;2013TRADE CREDITMUNICH REINSURANCE COMPANY KONINGINSTRASSE 107
2013;TRC;2013TRC;TRADE CREDIT;REASURANSI NASIONAL INDONESIA, PT;REASURANSI NASIONAL INDONESIA, PT;0.2;0.1;;0.02;0.35;0;0.1;0;1;01/01/2013;31/12/2013;2013TRADE CREDIT;2013TRADE CREDITREASURANSI NASIONAL INDONESIA, PT
2013;CB;2013CB;Customs Bond;ASURANSI ASEI INDONESIA, PT;ASURANSI ASEI INDONESIA, PT;0.2;0.075;;0.015;0.35;0;0.075;0;1;01/01/2013;31/12/2013;2013Customs Bond;2013Customs BondASURANSI ASEI INDONESIA, PT
2013;CB;2013CB;Customs Bond;ASURANSI BUANA INDEPENDENT, PT;ASURANSI BUANA INDEPENDENT, PT;0.2;0.0375;;0.0075;0.35;0;0.0375;0;1;01/01/2013;31/12/2013;2013Customs Bond;2013Customs BondASURANSI BUANA INDEPENDENT, PT
2013;CB;2013CB;Customs Bond;ASURANSI BUMIPUTERA MUDA, PT;ASURANSI BUMIPUTERA MUDA, PT;0.2;0.075;;0.015;0.35;0;0.075;0;1;01/01/2013;31/12/2013;2013Customs Bond;2013Customs BondASURANSI BUMIPUTERA MUDA, PT
2013;CB;2013CB;Customs Bond;ASURANSI JASA INDONESIA, PT;ASURANSI JASA INDONESIA, PT;0.2;0.1;;0.02;0.35;0;0.1;0;1;01/01/2013;31/12/2013;2013Customs Bond;2013Customs BondASURANSI JASA INDONESIA, PT
2013;CB;2013CB;Customs Bond;ASURANSI JASA TANIA, PT;ASURANSI JASA TANIA, PT;0.2;0.075;;0.015;0.35;0;0.075;0;1;01/01/2013;31/12/2013;2013Customs Bond;2013Customs BondASURANSI JASA TANIA, PT
2013;CB;2013CB;Customs Bond;ASURANSI RAMAYANA, PT;ASURANSI RAMAYANA, PT;0.2;0.0375;;0.0075;0.35;0;0.0375;0;1;01/01/2013;31/12/2013;2013Customs Bond;2013Customs BondASURANSI RAMAYANA, PT
2013;CB;2013CB;Customs Bond;ASURANSI TUGU KRESNA PRATAMA, PT;ASURANSI TUGU KRESNA PRATAMA, PT;0.2;0.075;;0.015;0.35;0;0.075;0;1;01/01/2013;31/12/2013;2013Customs Bond;2013Customs BondASURANSI TUGU KRESNA PRATAMA, PT
2013;CB;2013CB;Customs Bond;REASURANSI NASIONAL INDONESIA, PT;REASURANSI NASIONAL INDONESIA, PT;0.2;0.45;;0.09;0.35;0;0.45;0;1;01/01/2013;31/12/2013;2013Customs Bond;2013Customs BondREASURANSI NASIONAL INDONESIA, PT
2013;CB;2013CB;Customs Bond;TUGU REASURANSI, PT;TUGU REASURANSI, PT;0.2;0.075;;0.015;0.35;0;0.075;0;1;01/01/2013;31/12/2013;2013Customs Bond;2013Customs BondTUGU REASURANSI, PT
2013;KUC;2013KUC;COMMERCIAL CREDIT;ASRINDA ARTHASANGGA RE BROKERS, PT;REASURANSI NASIONAL INDONESIA, PT;0.15;1;;0.05;0.3;0;0.333333333;0;0.333333333;01/01/2013;31/12/2013;2013COMMERCIAL CREDIT;2013COMMERCIAL CREDITASRINDA ARTHASANGGA RE BROKERS, PT
2013;KUC;2013KUC;COMMERCIAL CREDIT;ASRINDA ARTHASANGGA RE BROKERS, PT;REASURANSI INDONESIA UTAMA, PT;0.15;1;;0.01;0.3;0;0.066666667;0;0.066666667;01/01/2013;31/12/2013;2013COMMERCIAL CREDIT;2013COMMERCIAL CREDITASRINDA ARTHASANGGA RE BROKERS, PT
2013;KUC;2013KUC;COMMERCIAL CREDIT;ASRINDA ARTHASANGGA RE BROKERS, PT;TUGU REASURANSI, PT;0.15;1;;0.04;0.3;0;0.266666667;0;0.266666667;01/01/2013;31/12/2013;2013COMMERCIAL CREDIT;2013COMMERCIAL CREDITASRINDA ARTHASANGGA RE BROKERS, PT
2013;KUC;2013KUC;COMMERCIAL CREDIT;ASRINDA ARTHASANGGA RE BROKERS, PT;ASURANSI BUMIPUTERA MUDA, PT;0.15;1;;0.02;0.3;0;0.133333333;0;0.133333333;01/01/2013;31/12/2013;2013COMMERCIAL CREDIT;2013COMMERCIAL CREDITASRINDA ARTHASANGGA RE BROKERS, PT
2013;KUC;2013KUC;COMMERCIAL CREDIT;ASRINDA ARTHASANGGA RE BROKERS, PT;PLN INSURANCE;0.15;1;;0.015;0.3;0;0.1;0;0.1;01/01/2013;31/12/2013;2013COMMERCIAL CREDIT;2013COMMERCIAL CREDITASRINDA ARTHASANGGA RE BROKERS, PT
2013;KUC;2013KUC;COMMERCIAL CREDIT;ASRINDA ARTHASANGGA RE BROKERS, PT;ASURANSI JASA INDONESIA, PT;0.15;1;;0.015;0.3;0;0.1;0;0.1;01/01/2013;31/12/2013;2013COMMERCIAL CREDIT;2013COMMERCIAL CREDITASRINDA ARTHASANGGA RE BROKERS, PT
2013;KUS;2013KUS;CONSUMPTIVE CREDIT;ASRINDA ARTHASANGGA RE BROKERS, PT;REASURANSI NASIONAL INDONESIA, PT;0.125;1;;0.07;0.3;0;0.56;0;0.56;01/01/2013;31/12/2013;2013CONSUMPTIVE CREDIT;2013CONSUMPTIVE CREDITASRINDA ARTHASANGGA RE BROKERS, PT
2013;KUS;2013KUS;CONSUMPTIVE CREDIT;ASRINDA ARTHASANGGA RE BROKERS, PT;REASURANSI INDONESIA UTAMA, PT;0.125;1;;0.0075;0.3;0;0.06;0;0.06;01/01/2013;31/12/2013;2013CONSUMPTIVE CREDIT;2013CONSUMPTIVE CREDITASRINDA ARTHASANGGA RE BROKERS, PT
2013;KUS;2013KUS;CONSUMPTIVE CREDIT;ASRINDA ARTHASANGGA RE BROKERS, PT;TUGU REASURANSI, PT;0.125;1;;0.0075;0.3;0;0.06;0;0.06;01/01/2013;31/12/2013;2013CONSUMPTIVE CREDIT;2013CONSUMPTIVE CREDITASRINDA ARTHASANGGA RE BROKERS, PT
2013;KUS;2013KUS;CONSUMPTIVE CREDIT;ASRINDA ARTHASANGGA RE BROKERS, PT;ASURANSI BUMIPUTERA MUDA, PT;0.125;1;;0.01;0.3;0;0.08;0;0.08;01/01/2013;31/12/2013;2013CONSUMPTIVE CREDIT;2013CONSUMPTIVE CREDITASRINDA ARTHASANGGA RE BROKERS, PT
2013;KUS;2013KUS;CONSUMPTIVE CREDIT;ASRINDA ARTHASANGGA RE BROKERS, PT;PLN INSURANCE;0.125;1;;0.01;0.3;0;0.08;0;0.08;01/01/2013;31/12/2013;2013CONSUMPTIVE CREDIT;2013CONSUMPTIVE CREDITASRINDA ARTHASANGGA RE BROKERS, PT
2013;KUS;2013KUS;CONSUMPTIVE CREDIT;ASRINDA ARTHASANGGA RE BROKERS, PT;ASURANSI JASA INDONESIA, PT;0.125;1;;0.01;0.3;0;0.08;0;0.08;01/01/2013;31/12/2013;2013CONSUMPTIVE CREDIT;2013CONSUMPTIVE CREDITASRINDA ARTHASANGGA RE BROKERS, PT
2013;KUS;2013KUS;CONSUMPTIVE CREDIT;ASRINDA ARTHASANGGA RE BROKERS, PT;ASURANSI JASA TANIA, PT;0.125;1;;0.01;0.3;0;0.08;0;0.08;01/01/2013;31/12/2013;2013CONSUMPTIVE CREDIT;2013CONSUMPTIVE CREDITASRINDA ARTHASANGGA RE BROKERS, PT
2013;KBG;2013KBG;COUNTER BANK GUARANTEE;ASIA CAPITAL REINSURANCE PTE.LTD.;ASIA CAPITAL REINSURANCE PTE.LTD.;0.14;0.071428571;;0.01;0.35;0;0.071428571;0;1;01/01/2013;31/12/2013;2013COUNTER BANK GUARANTEE;2013COUNTER BANK GUARANTEEASIA CAPITAL REINSURANCE PTE.LTD.
2013;KBG;2013KBG;COUNTER BANK GUARANTEE;ASURANSI ASEI INDONESIA, PT;ASURANSI ASEI INDONESIA, PT;0.14;0.071428571;;0.01;0.35;0;0.071428571;0;1;01/01/2013;31/12/2013;2013COUNTER BANK GUARANTEE;2013COUNTER BANK GUARANTEEASURANSI ASEI INDONESIA, PT
2013;KBG;2013KBG;COUNTER BANK GUARANTEE;ASURANSI BANGUN ASKRIDA, PT;ASURANSI BANGUN ASKRIDA, PT;0.14;0.017857143;;0.0025;0.35;0;0.017857143;0;1;01/01/2013;31/12/2013;2013COUNTER BANK GUARANTEE;2013COUNTER BANK GUARANTEEASURANSI BANGUN ASKRIDA, PT
2013;KBG;2013KBG;COUNTER BANK GUARANTEE;ASURANSI BUANA INDEPENDENT, PT;ASURANSI BUANA INDEPENDENT, PT;0.14;0.035714286;;0.005;0.35;0;0.035714286;0;1;01/01/2013;31/12/2013;2013COUNTER BANK GUARANTEE;2013COUNTER BANK GUARANTEEASURANSI BUANA INDEPENDENT, PT
2013;KBG;2013KBG;COUNTER BANK GUARANTEE;ASURANSI BUMIPUTERA MUDA, PT;ASURANSI BUMIPUTERA MUDA, PT;0.14;0.071428571;;0.01;0.35;0;0.071428571;0;1;01/01/2013;31/12/2013;2013COUNTER BANK GUARANTEE;2013COUNTER BANK GUARANTEEASURANSI BUMIPUTERA MUDA, PT
2013;KBG;2013KBG;COUNTER BANK GUARANTEE;ASURANSI JASA INDONESIA, PT;ASURANSI JASA INDONESIA, PT;0.14;0.142857143;;0.02;0.35;0;0.142857143;0;1;01/01/2013;31/12/2013;2013COUNTER BANK GUARANTEE;2013COUNTER BANK GUARANTEEASURANSI JASA INDONESIA, PT
2013;KBG;2013KBG;COUNTER BANK GUARANTEE;ASURANSI JASA TANIA, PT;ASURANSI JASA TANIA, PT;0.14;0.035714286;;0.005;0.35;0;0.035714286;0;1;01/01/2013;31/12/2013;2013COUNTER BANK GUARANTEE;2013COUNTER BANK GUARANTEEASURANSI JASA TANIA, PT
2013;KBG;2013KBG;COUNTER BANK GUARANTEE;ASURANSI RAMAYANA, PT;ASURANSI RAMAYANA, PT;0.14;0.035714286;;0.005;0.35;0;0.035714286;0;1;01/01/2013;31/12/2013;2013COUNTER BANK GUARANTEE;2013COUNTER BANK GUARANTEEASURANSI RAMAYANA, PT
2013;KBG;2013KBG;COUNTER BANK GUARANTEE;ASURANSI SINAR MAS, PT;ASURANSI SINAR MAS, PT;0.14;0.035714286;;0.005;0.35;0;0.035714286;0;1;01/01/2013;31/12/2013;2013COUNTER BANK GUARANTEE;2013COUNTER BANK GUARANTEEASURANSI SINAR MAS, PT
2013;KBG;2013KBG;COUNTER BANK GUARANTEE;ASURANSI TRIPAKARTA, PT;ASURANSI TRIPAKARTA, PT;0.14;0.035714286;;0.005;0.35;0;0.035714286;0;1;01/01/2013;31/12/2013;2013COUNTER BANK GUARANTEE;2013COUNTER BANK GUARANTEEASURANSI TRIPAKARTA, PT
2013;KBG;2013KBG;COUNTER BANK GUARANTEE;ASURANSI TUGU KRESNA PRATAMA, PT;ASURANSI TUGU KRESNA PRATAMA, PT;0.14;0.035714286;;0.005;0.35;0;0.035714286;0;1;01/01/2013;31/12/2013;2013COUNTER BANK GUARANTEE;2013COUNTER BANK GUARANTEEASURANSI TUGU KRESNA PRATAMA, PT
2013;KBG;2013KBG;COUNTER BANK GUARANTEE;REASURANSI INTERNATIONAL INDONESIA, PT;REASURANSI INTERNATIONAL INDONESIA, PT;0.14;0.035714286;;0.005;0.35;0;0.035714286;0;1;01/01/2013;31/12/2013;2013COUNTER BANK GUARANTEE;2013COUNTER BANK GUARANTEEREASURANSI INTERNATIONAL INDONESIA, PT
2013;KBG;2013KBG;COUNTER BANK GUARANTEE;REASURANSI NASIONAL INDONESIA, PT;REASURANSI NASIONAL INDONESIA, PT;0.14;0.267857143;;0.0375;0.35;0;0.267857143;0;1;01/01/2013;31/12/2013;2013COUNTER BANK GUARANTEE;2013COUNTER BANK GUARANTEEREASURANSI NASIONAL INDONESIA, PT
2013;KBG;2013KBG;COUNTER BANK GUARANTEE;TUGU REASURANSI, PT;TUGU REASURANSI, PT;0.14;0.107142857;;0.015;0.35;0;0.107142857;0;1;01/01/2013;31/12/2013;2013COUNTER BANK GUARANTEE;2013COUNTER BANK GUARANTEETUGU REASURANSI, PT
2013;KKP;2013KKP;Kredit Ketahanan Pangan - Energi;ASURANSI ASEI INDONESIA, PT;ASURANSI ASEI INDONESIA, PT;0.2;0.25;;0.05;0.025;0;0.25;0;1;01/01/2013;31/12/2013;2013Kredit Ketahanan Pangan - Energi;2013Kredit Ketahanan Pangan - EnergiASURANSI ASEI INDONESIA, PT
2013;KKP;2013KKP;Kredit Ketahanan Pangan - Energi;ASURANSI JASA INDONESIA, PT;ASURANSI JASA INDONESIA, PT;0.2;0.5;;0.1;0.025;0;0.5;0;1;01/01/2013;31/12/2013;2013Kredit Ketahanan Pangan - Energi;2013Kredit Ketahanan Pangan - EnergiASURANSI JASA INDONESIA, PT
2013;KKP;2013KKP;Kredit Ketahanan Pangan - Energi;REASURANSI INTERNATIONAL INDONESIA, PT;REASURANSI INTERNATIONAL INDONESIA, PT;0.2;0.25;;0.05;0.025;0;0.25;0;1;01/01/2013;31/12/2013;2013Kredit Ketahanan Pangan - Energi;2013Kredit Ketahanan Pangan - EnergiREASURANSI INTERNATIONAL INDONESIA, PT
2013;KUK;2013KUK;SMALL CREDIT;ASURANSI ASEI INDONESIA, PT;ASURANSI ASEI INDONESIA, PT;0.125;0.12;;0.015;0.25;0;0.12;0;1;01/01/2013;31/12/2013;2013SMALL CREDIT;2013SMALL CREDITASURANSI ASEI INDONESIA, PT
2013;KUK;2013KUK;SMALL CREDIT;ASURANSI JASA INDONESIA, PT;ASURANSI JASA INDONESIA, PT;0.125;0.2;;0.025;0.25;0;0.2;0;1;01/01/2013;31/12/2013;2013SMALL CREDIT;2013SMALL CREDITASURANSI JASA INDONESIA, PT
2013;KUK;2013KUK;SMALL CREDIT;REASURANSI NASIONAL INDONESIA, PT;REASURANSI NASIONAL INDONESIA, PT;0.125;0.68;;0.085;0.25;0;0.68;0;1;01/01/2013;31/12/2013;2013SMALL CREDIT;2013SMALL CREDITREASURANSI NASIONAL INDONESIA, PT
2013;KUR;2013KUR;Kredit Usaha Rakyat;REASURANSI INTERNATIONAL INDONESIA, PT;REASURANSI INTERNATIONAL INDONESIA, PT;0.15;1;;0.15;0.25;0;1;0;1;01/01/2013;31/12/2013;2013Kredit Usaha Rakyat;2013Kredit Usaha RakyatREASURANSI INTERNATIONAL INDONESIA, PT
2013;SB;2013SB;Surety Bond;ASIA CAPITAL REINSURANCE PTE.LTD.;ASIA CAPITAL REINSURANCE PTE.LTD.;0.15;0.066666667;;0.01;0.35;0;0.066666667;0;1;01/01/2013;31/12/2013;2013Surety Bond;2013Surety BondASIA CAPITAL REINSURANCE PTE.LTD.
2013;SB;2013SB;Surety Bond;ASURANSI ASEI INDONESIA, PT;ASURANSI ASEI INDONESIA, PT;0.15;0.033333333;;0.005;0.35;0;0.033333333;0;1;01/01/2013;31/12/2013;2013Surety Bond;2013Surety BondASURANSI ASEI INDONESIA, PT
2013;SB;2013SB;Surety Bond;ASURANSI BUMIPUTERA MUDA, PT;ASURANSI BUMIPUTERA MUDA, PT;0.15;0.033333333;;0.005;0.35;0;0.033333333;0;1;01/01/2013;31/12/2013;2013Surety Bond;2013Surety BondASURANSI BUMIPUTERA MUDA, PT
2013;SB;2013SB;Surety Bond;ASURANSI JASA INDONESIA, PT;ASURANSI JASA INDONESIA, PT;0.15;0.066666667;;0.01;0.35;0;0.066666667;0;1;01/01/2013;31/12/2013;2013Surety Bond;2013Surety BondASURANSI JASA INDONESIA, PT
2013;SB;2013SB;Surety Bond;ASURANSI TRIPAKARTA, PT;ASURANSI TRIPAKARTA, PT;0.15;0.033333333;;0.005;0.35;0;0.033333333;0;1;01/01/2013;31/12/2013;2013Surety Bond;2013Surety BondASURANSI TRIPAKARTA, PT
2013;SB;2013SB;Surety Bond;ATRADIUS-RE;ATRADIUS-RE;0.15;0.2;;0.03;0.3;0;0.2;0;1;01/01/2013;31/12/2013;2013Surety Bond;2013Surety BondATRADIUS-RE
2013;SB;2013SB;Surety Bond;PARTNER REINSURANCE EUROPE LTD.;PARTNER REINSURANCE EUROPE LTD.;0.15;0.4;;0.06;0.3;0;0.4;0;1;01/01/2013;31/12/2013;2013Surety Bond;2013Surety BondPARTNER REINSURANCE EUROPE LTD.
2013;SB;2013SB;Surety Bond;REASURANSI INTERNATIONAL INDONESIA, PT;REASURANSI INTERNATIONAL INDONESIA, PT;0.15;0.033333333;;0.005;0.35;0;0.033333333;0;1;01/01/2013;31/12/2013;2013Surety Bond;2013Surety BondREASURANSI INTERNATIONAL INDONESIA, PT
2013;SB;2013SB;Surety Bond;REASURANSI NASIONAL INDONESIA, PT;REASURANSI NASIONAL INDONESIA, PT;0.15;0.133333333;;0.02;0.35;0;0.133333333;0;1;01/01/2013;31/12/2013;2013Surety Bond;2013Surety BondREASURANSI NASIONAL INDONESIA, PT
2014;TRC;2014TRC;TRADE CREDIT;ASURANSI ASEI INDONESIA, PT;ASURANSI ASEI INDONESIA, PT;0.2;0.025;;0.005;0.35;0;0.025;0;1;01/01/2014;01/01/2014;2014TRADE CREDIT;2014TRADE CREDITASURANSI ASEI INDONESIA, PT
2014;TRC;2014TRC;TRADE CREDIT;ASURANSI BUMIPUTERA MUDA, PT;ASURANSI BUMIPUTERA MUDA, PT;0.2;0.025;;0.005;0.35;0;0.025;0;1;01/01/2014;01/01/2014;2014TRADE CREDIT;2014TRADE CREDITASURANSI BUMIPUTERA MUDA, PT
2014;TRC;2014TRC;TRADE CREDIT;ASURANSI JASA INDONESIA, PT;ASURANSI JASA INDONESIA, PT;0.2;0.025;;0.005;0.35;0;0.025;0;1;01/01/2014;01/01/2014;2014TRADE CREDIT;2014TRADE CREDITASURANSI JASA INDONESIA, PT
2014;TRC;2014TRC;TRADE CREDIT;ASURANSI SINAR MAS, PT;ASURANSI SINAR MAS, PT;0.2;0.025;;0.005;0.35;0;0.025;0;1;01/01/2014;01/01/2014;2014TRADE CREDIT;2014TRADE CREDITASURANSI SINAR MAS, PT
2014;TRC;2014TRC;TRADE CREDIT;ATRADIUS-RE;ATRADIUS-RE;0.2;0.45;;0.09;0.3;0;0.45;0;1;01/01/2014;01/01/2014;2014TRADE CREDIT;2014TRADE CREDITATRADIUS-RE
2014;TRC;2014TRC;TRADE CREDIT;REASURANSI INTERNATIONAL INDONESIA, PT;REASURANSI INTERNATIONAL INDONESIA, PT;0.2;0.25;;0.05;0.35;0;0.25;0;1;01/01/2014;01/01/2014;2014TRADE CREDIT;2014TRADE CREDITREASURANSI INTERNATIONAL INDONESIA, PT
2014;TRC;2014TRC;TRADE CREDIT;REASURANSI NASIONAL INDONESIA, PT;REASURANSI NASIONAL INDONESIA, PT;0.2;0.2;;0.04;0.35;0;0.2;0;1;01/01/2014;01/01/2014;2014TRADE CREDIT;2014TRADE CREDITREASURANSI NASIONAL INDONESIA, PT
2014;CB;2014CB;Customs Bond;ASURANSI ASEI INDONESIA, PT;ASURANSI ASEI INDONESIA, PT;0.15;0.083333333;;0.0125;0.35;0;0.083333333;0;1;01/01/2014;01/01/2014;2014Customs Bond;2014Customs BondASURANSI ASEI INDONESIA, PT
2014;CB;2014CB;Customs Bond;ASURANSI BUANA INDEPENDENT, PT;ASURANSI BUANA INDEPENDENT, PT;0.15;0.033333333;;0.005;0.35;0;0.033333333;0;1;01/01/2014;01/01/2014;2014Customs Bond;2014Customs BondASURANSI BUANA INDEPENDENT, PT
2014;CB;2014CB;Customs Bond;ASURANSI BUMIPUTERA MUDA, PT;ASURANSI BUMIPUTERA MUDA, PT;0.15;0.066666667;;0.01;0.35;0;0.066666667;0;1;01/01/2014;01/01/2014;2014Customs Bond;2014Customs BondASURANSI BUMIPUTERA MUDA, PT
2014;CB;2014CB;Customs Bond;ASURANSI JASA INDONESIA, PT;ASURANSI JASA INDONESIA, PT;0.15;0.133333333;;0.02;0.35;0;0.133333333;0;1;01/01/2014;01/01/2014;2014Customs Bond;2014Customs BondASURANSI JASA INDONESIA, PT
2014;CB;2014CB;Customs Bond;ASURANSI JASA TANIA, PT;ASURANSI JASA TANIA, PT;0.15;0.066666667;;0.01;0.35;0;0.066666667;0;1;01/01/2014;01/01/2014;2014Customs Bond;2014Customs BondASURANSI JASA TANIA, PT
2014;CB;2014CB;Customs Bond;ASURANSI RAMAYANA, PT;ASURANSI RAMAYANA, PT;0.15;0.033333333;;0.005;0.35;0;0.033333333;0;1;01/01/2014;01/01/2014;2014Customs Bond;2014Customs BondASURANSI RAMAYANA, PT
2014;CB;2014CB;Customs Bond;ASURANSI TUGU KRESNA PRATAMA, PT;ASURANSI TUGU KRESNA PRATAMA, PT;0.15;0.066666667;;0.01;0.35;0;0.066666667;0;1;01/01/2014;01/01/2014;2014Customs Bond;2014Customs BondASURANSI TUGU KRESNA PRATAMA, PT
2014;CB;2014CB;Customs Bond;REASURANSI NASIONAL INDONESIA, PT;REASURANSI NASIONAL INDONESIA, PT;0.15;0.45;;0.0675;0.35;0;0.45;0;1;01/01/2014;01/01/2014;2014Customs Bond;2014Customs BondREASURANSI NASIONAL INDONESIA, PT
2014;CB;2014CB;Customs Bond;TUGU REASURANSI, PT;TUGU REASURANSI, PT;0.15;0.066666667;;0.01;0.35;0;0.066666667;0;1;01/01/2014;01/01/2014;2014Customs Bond;2014Customs BondTUGU REASURANSI, PT
2014;9;20149;ENGINEERING;ASURANSI JASA INDONESIA, PT;ASURANSI JASA INDONESIA, PT;0.5;0.075;;0.0375;0.325;0;0.075;0;1;01/01/2014;01/01/2014;2014ENGINEERING;2014ENGINEERINGASURANSI JASA INDONESIA, PT
2014;9;20149;ENGINEERING;REASURANSI INTERNATIONAL INDONESIA, PT;REASURANSI INTERNATIONAL INDONESIA, PT;0.5;0.425;;0.2125;0.325;0;0.425;0;1;01/01/2014;01/01/2014;2014ENGINEERING;2014ENGINEERINGREASURANSI INTERNATIONAL INDONESIA, PT
2014;9;20149;ENGINEERING;REASURANSI NASIONAL INDONESIA, PT;REASURANSI NASIONAL INDONESIA, PT;0.5;0.5;;0.25;0.325;0;0.5;0;1;01/01/2014;01/01/2014;2014ENGINEERING;2014ENGINEERINGREASURANSI NASIONAL INDONESIA, PT
2014;1;20141;FIRE;ASURANSI JASA INDONESIA, PT;ASURANSI JASA INDONESIA, PT;0.5;0.075;;0.0375;0.325;0;0.075;0;1;01/01/2014;01/01/2014;2014FIRE;2014FIREASURANSI JASA INDONESIA, PT
2014;1;20141;FIRE;REASURANSI INTERNATIONAL INDONESIA, PT;REASURANSI INTERNATIONAL INDONESIA, PT;0.5;0.425;;0.2125;0.325;0;0.425;0;1;01/01/2014;01/01/2014;2014FIRE;2014FIREREASURANSI INTERNATIONAL INDONESIA, PT
2014;1;20141;FIRE;REASURANSI NASIONAL INDONESIA, PT;REASURANSI NASIONAL INDONESIA, PT;0.5;0.5;;0.25;0.325;0;0.5;0;1;01/01/2014;01/01/2014;2014FIRE;2014FIREREASURANSI NASIONAL INDONESIA, PT
2014;15;201415;GENERAL ACCIDENT;ASURANSI JASA INDONESIA, PT;ASURANSI JASA INDONESIA, PT;0.5;0.075;;0.0375;0.35;0;0.075;0;1;01/01/2014;01/01/2014;2014GENERAL ACCIDENT;2014GENERAL ACCIDENTASURANSI JASA INDONESIA, PT
2014;15;201415;GENERAL ACCIDENT;REASURANSI INTERNATIONAL INDONESIA, PT;REASURANSI INTERNATIONAL INDONESIA, PT;0.5;0.425;;0.2125;0.35;0;0.425;0;1;01/01/2014;01/01/2014;2014GENERAL ACCIDENT;2014GENERAL ACCIDENTREASURANSI INTERNATIONAL INDONESIA, PT
2014;15;201415;GENERAL ACCIDENT;REASURANSI NASIONAL INDONESIA, PT;REASURANSI NASIONAL INDONESIA, PT;0.5;0.5;;0.25;0.35;0;0.5;0;1;01/01/2014;01/01/2014;2014GENERAL ACCIDENT;2014GENERAL ACCIDENTREASURANSI NASIONAL INDONESIA, PT
2014;203;2014203;HEAVY EQUIPMENT;ASURANSI JASA INDONESIA, PT;ASURANSI JASA INDONESIA, PT;0.5;0.05;;0.025;0;0;0.05;0;1;01/01/2014;01/01/2014;2014HEAVY EQUIPMENT;2014HEAVY EQUIPMENTASURANSI JASA INDONESIA, PT
2014;203;2014203;HEAVY EQUIPMENT;Jastan;ASURANSI JASA TANIA, PT;0.5;0.025;;0.0125;0;0;0.025;0;1;01/01/2014;01/01/2014;2014HEAVY EQUIPMENT;2014HEAVY EQUIPMENTJastan
2014;203;2014203;HEAVY EQUIPMENT;REASURANSI INTERNATIONAL INDONESIA, PT;REASURANSI INTERNATIONAL INDONESIA, PT;0.5;0.425;;0.2125;0;0;0.425;0;1;01/01/2014;01/01/2014;2014HEAVY EQUIPMENT;2014HEAVY EQUIPMENTREASURANSI INTERNATIONAL INDONESIA, PT
2014;203;2014203;HEAVY EQUIPMENT;REASURANSI NASIONAL INDONESIA, PT;REASURANSI NASIONAL INDONESIA, PT;0.5;0.5;;0.25;0;0;0.5;0;1;01/01/2014;01/01/2014;2014HEAVY EQUIPMENT;2014HEAVY EQUIPMENTREASURANSI NASIONAL INDONESIA, PT
2014;KUC;2014KUC;COMMERCIAL CREDIT;ASRINDA ARTHASANGGA RE BROKERS, PT;REASURANSI INTERNATIONAL INDONESIA, PT;0.15;0.666666667;;0.01;0.3;0;0.066666667;0;0.1;01/01/2014;01/01/2014;2014COMMERCIAL CREDIT;2014COMMERCIAL CREDITASRINDA ARTHASANGGA RE BROKERS, PT
2014;KUC;2014KUC;COMMERCIAL CREDIT;ASRINDA ARTHASANGGA RE BROKERS, PT;TUGU REASURANSI, PT;0.15;0.666666667;;0.04;0.3;0;0.266666667;0;0.4;01/01/2014;01/01/2014;2014COMMERCIAL CREDIT;2014COMMERCIAL CREDITASRINDA ARTHASANGGA RE BROKERS, PT
2014;KUC;2014KUC;COMMERCIAL CREDIT;ASRINDA ARTHASANGGA RE BROKERS, PT;ASURANSI BUMIPUTERA MUDA, PT;0.15;0.666666667;;0.02;0.3;0;0.133333333;0;0.2;01/01/2014;01/01/2014;2014COMMERCIAL CREDIT;2014COMMERCIAL CREDITASRINDA ARTHASANGGA RE BROKERS, PT
2014;KUC;2014KUC;COMMERCIAL CREDIT;ASRINDA ARTHASANGGA RE BROKERS, PT;ASURANSI JASA INDONESIA, PT;0.15;0.666666667;;0.015;0.3;0;0.1;0;0.15;01/01/2014;01/01/2014;2014COMMERCIAL CREDIT;2014COMMERCIAL CREDITASRINDA ARTHASANGGA RE BROKERS, PT
2014;KUC;2014KUC;COMMERCIAL CREDIT;ASRINDA ARTHASANGGA RE BROKERS, PT;ASURANSI TUGU KRESNA PRATAMA, PT;0.15;0.666666667;;0.015;0.3;0;0.1;0;0.15;01/01/2014;01/01/2014;2014COMMERCIAL CREDIT;2014COMMERCIAL CREDITASRINDA ARTHASANGGA RE BROKERS, PT
2014;KUC;2014KUC;COMMERCIAL CREDIT;REASURANSI NASIONAL INDONESIA, PT;REASURANSI NASIONAL INDONESIA, PT;0.15;0.333333333;;0.05;0.3;0;0.333333333;0;1;01/01/2014;01/01/2014;2014COMMERCIAL CREDIT;2014COMMERCIAL CREDITREASURANSI NASIONAL INDONESIA, PT
2014;KUS;2014KUS;CONSUMPTIVE CREDIT;ASRINDA ARTHASANGGA RE BROKERS, PT;REASURANSI INTERNATIONAL INDONESIA, PT;0.15;0.366666667;;0.0075;0.3;0;0.05;0;0.136363636;01/01/2014;01/01/2014;2014CONSUMPTIVE CREDIT;2014CONSUMPTIVE CREDITASRINDA ARTHASANGGA RE BROKERS, PT
2014;KUS;2014KUS;CONSUMPTIVE CREDIT;ASRINDA ARTHASANGGA RE BROKERS, PT;TUGU REASURANSI, PT;0.15;0.366666667;;0.0075;0.3;0;0.05;0;0.136363636;01/01/2014;01/01/2014;2014CONSUMPTIVE CREDIT;2014CONSUMPTIVE CREDITASRINDA ARTHASANGGA RE BROKERS, PT
2014;KUS;2014KUS;CONSUMPTIVE CREDIT;ASRINDA ARTHASANGGA RE BROKERS, PT;ASURANSI BUMIPUTERA MUDA, PT;0.15;0.366666667;;0.01;0.3;0;0.066666667;0;0.181818182;01/01/2014;01/01/2014;2014CONSUMPTIVE CREDIT;2014CONSUMPTIVE CREDITASRINDA ARTHASANGGA RE BROKERS, PT
2014;KUS;2014KUS;CONSUMPTIVE CREDIT;ASRINDA ARTHASANGGA RE BROKERS, PT;ASURANSI JASA INDONESIA, PT;0.15;0.366666667;;0.01;0.3;0;0.066666667;0;0.181818182;01/01/2014;01/01/2014;2014CONSUMPTIVE CREDIT;2014CONSUMPTIVE CREDITASRINDA ARTHASANGGA RE BROKERS, PT
2014;KUS;2014KUS;CONSUMPTIVE CREDIT;ASRINDA ARTHASANGGA RE BROKERS, PT;ASURANSI JASA TANIA, PT;0.15;0.366666667;;0.01;0.3;0;0.066666667;0;0.181818182;01/01/2014;01/01/2014;2014CONSUMPTIVE CREDIT;2014CONSUMPTIVE CREDITASRINDA ARTHASANGGA RE BROKERS, PT
2014;KUS;2014KUS;CONSUMPTIVE CREDIT;ASRINDA ARTHASANGGA RE BROKERS, PT;ASURANSI TUGU KRESNA PRATAMA, PT;0.15;0.366666667;;0.01;0.3;0;0.066666667;0;0.181818182;01/01/2014;01/01/2014;2014CONSUMPTIVE CREDIT;2014CONSUMPTIVE CREDITASRINDA ARTHASANGGA RE BROKERS, PT
2014;KUS;2014KUS;CONSUMPTIVE CREDIT;REASURANSI NASIONAL INDONESIA, PT;REASURANSI NASIONAL INDONESIA, PT;0.15;0.633333333;;0.095;0.3;0;0.633333333;0;1;01/01/2014;01/01/2014;2014CONSUMPTIVE CREDIT;2014CONSUMPTIVE CREDITREASURANSI NASIONAL INDONESIA, PT
2014;KBG;2014KBG;COUNTER BANK GUARANTEE;REASURANSI NASIONAL INDONESIA, PT;REASURANSI NASIONAL INDONESIA, PT;0.25;0.15;;0.0375;0.35;0;0.15;0;1;01/01/2014;01/01/2014;2014COUNTER BANK GUARANTEE;2014COUNTER BANK GUARANTEEREASURANSI NASIONAL INDONESIA, PT
2014;KBG;2014KBG;COUNTER BANK GUARANTEE;ASRINDA ARTHASANGGA RE BROKERS, PT;TUGU REASURANSI, PT;0.25;0.85;;0.02;0.35;0;0.08;0;0.094117647;01/01/2014;01/01/2014;2014COUNTER BANK GUARANTEE;2014COUNTER BANK GUARANTEEASRINDA ARTHASANGGA RE BROKERS, PT
2014;KBG;2014KBG;COUNTER BANK GUARANTEE;ASRINDA ARTHASANGGA RE BROKERS, PT;REASURANSI INDONESIA UTAMA, PT;0.25;0.85;;0.03;0.35;0;0.12;0;0.141176471;01/01/2014;01/01/2014;2014COUNTER BANK GUARANTEE;2014COUNTER BANK GUARANTEEASRINDA ARTHASANGGA RE BROKERS, PT
2014;KBG;2014KBG;COUNTER BANK GUARANTEE;ASRINDA ARTHASANGGA RE BROKERS, PT;ASURANSI BUMIPUTERA MUDA, PT;0.25;0.85;;0.015;0.35;0;0.06;0;0.070588235;01/01/2014;01/01/2014;2014COUNTER BANK GUARANTEE;2014COUNTER BANK GUARANTEEASRINDA ARTHASANGGA RE BROKERS, PT
2014;KBG;2014KBG;COUNTER BANK GUARANTEE;ASRINDA ARTHASANGGA RE BROKERS, PT;PLN INSURANCE;0.25;0.85;;0.0125;0.35;0;0.05;0;0.058823529;01/01/2014;01/01/2014;2014COUNTER BANK GUARANTEE;2014COUNTER BANK GUARANTEEASRINDA ARTHASANGGA RE BROKERS, PT
2014;KBG;2014KBG;COUNTER BANK GUARANTEE;ASRINDA ARTHASANGGA RE BROKERS, PT;ASURANSI JASA INDONESIA, PT;0.25;0.85;;0.0325;0.35;0;0.13;0;0.152941176;01/01/2014;01/01/2014;2014COUNTER BANK GUARANTEE;2014COUNTER BANK GUARANTEEASRINDA ARTHASANGGA RE BROKERS, PT
2014;KBG;2014KBG;COUNTER BANK GUARANTEE;ASRINDA ARTHASANGGA RE BROKERS, PT;ASURANSI BHAKTI BHAYANGKARA;0.25;0.85;;0.01;0.35;0;0.04;0;0.047058824;01/01/2014;01/01/2014;2014COUNTER BANK GUARANTEE;2014COUNTER BANK GUARANTEEASRINDA ARTHASANGGA RE BROKERS, PT
2014;KBG;2014KBG;COUNTER BANK GUARANTEE;ASRINDA ARTHASANGGA RE BROKERS, PT;ASURANSI TRIPAKARTA, PT;0.25;0.85;;0.0125;0.35;0;0.05;0;0.058823529;01/01/2014;01/01/2014;2014COUNTER BANK GUARANTEE;2014COUNTER BANK GUARANTEEASRINDA ARTHASANGGA RE BROKERS, PT
2014;KBG;2014KBG;COUNTER BANK GUARANTEE;ASRINDA ARTHASANGGA RE BROKERS, PT;ASURANSI JASA TANIA, PT;0.25;0.85;;0.015;0.35;0;0.06;0;0.070588235;01/01/2014;01/01/2014;2014COUNTER BANK GUARANTEE;2014COUNTER BANK GUARANTEEASRINDA ARTHASANGGA RE BROKERS, PT
2014;KBG;2014KBG;COUNTER BANK GUARANTEE;ASRINDA ARTHASANGGA RE BROKERS, PT;ASURANSI ASEI INDONESIA, PT;0.25;0.85;;0.0175;0.35;0;0.07;0;0.082352941;01/01/2014;01/01/2014;2014COUNTER BANK GUARANTEE;2014COUNTER BANK GUARANTEEASRINDA ARTHASANGGA RE BROKERS, PT
2014;KBG;2014KBG;COUNTER BANK GUARANTEE;ASRINDA ARTHASANGGA RE BROKERS, PT;ASURANSI SINAR MAS, PT;0.25;0.85;;0.0125;0.35;0;0.05;0;0.058823529;01/01/2014;01/01/2014;2014COUNTER BANK GUARANTEE;2014COUNTER BANK GUARANTEEASRINDA ARTHASANGGA RE BROKERS, PT
2014;KBG;2014KBG;COUNTER BANK GUARANTEE;ASRINDA ARTHASANGGA RE BROKERS, PT;ASURANSI RAMAYANA, PT;0.25;0.85;;0.0125;0.35;0;0.05;0;0.058823529;01/01/2014;01/01/2014;2014COUNTER BANK GUARANTEE;2014COUNTER BANK GUARANTEEASRINDA ARTHASANGGA RE BROKERS, PT
2014;KBG;2014KBG;COUNTER BANK GUARANTEE;ASRINDA ARTHASANGGA RE BROKERS, PT;ASURANSI BUANA INDEPENDENT, PT;0.25;0.85;;0.01;0.35;0;0.04;0;0.047058824;01/01/2014;01/01/2014;2014COUNTER BANK GUARANTEE;2014COUNTER BANK GUARANTEEASRINDA ARTHASANGGA RE BROKERS, PT
2014;KBG;2014KBG;COUNTER BANK GUARANTEE;ASRINDA ARTHASANGGA RE BROKERS, PT;ASURANSI BANGUN ASKRIDA, PT;0.25;0.85;;0.0075;0.35;0;0.03;0;0.035294118;01/01/2014;01/01/2014;2014COUNTER BANK GUARANTEE;2014COUNTER BANK GUARANTEEASRINDA ARTHASANGGA RE BROKERS, PT
2014;KBG;2014KBG;COUNTER BANK GUARANTEE;ASRINDA ARTHASANGGA RE BROKERS, PT;BRINGIN SEJAHTERA ARTAMAKMUR, PT;0.25;0.85;;0.005;0.35;0;0.02;0;0.023529412;01/01/2014;01/01/2014;2014COUNTER BANK GUARANTEE;2014COUNTER BANK GUARANTEEASRINDA ARTHASANGGA RE BROKERS, PT
2014;KKP;2014KKP;Kredit Ketahanan Pangan - Energi;ASURANSI ASEI INDONESIA, PT;ASURANSI ASEI INDONESIA, PT;0.2;0.25;;0.05;0.025;0;0.25;0;1;01/01/2014;01/01/2014;2014Kredit Ketahanan Pangan - Energi;2014Kredit Ketahanan Pangan - EnergiASURANSI ASEI INDONESIA, PT
2014;KKP;2014KKP;Kredit Ketahanan Pangan - Energi;ASURANSI JASA INDONESIA, PT;ASURANSI JASA INDONESIA, PT;0.2;0.5;;0.1;0.025;0;0.5;0;1;01/01/2014;01/01/2014;2014Kredit Ketahanan Pangan - Energi;2014Kredit Ketahanan Pangan - EnergiASURANSI JASA INDONESIA, PT
2014;KKP;2014KKP;Kredit Ketahanan Pangan - Energi;REASURANSI INTERNATIONAL INDONESIA, PT;REASURANSI INTERNATIONAL INDONESIA, PT;0.2;0.25;;0.05;0.025;0;0.25;0;1;01/01/2014;01/01/2014;2014Kredit Ketahanan Pangan - Energi;2014Kredit Ketahanan Pangan - EnergiREASURANSI INTERNATIONAL INDONESIA, PT
2014;KUK;2014KUK;SMALL CREDIT;ASURANSI ASEI INDONESIA, PT;ASURANSI ASEI INDONESIA, PT;0.15;0.15;;0.0225;0.25;0;0.15;0;1;01/01/2014;01/01/2014;2014SMALL CREDIT;2014SMALL CREDITASURANSI ASEI INDONESIA, PT
2014;KUK;2014KUK;SMALL CREDIT;ASURANSI JASA INDONESIA, PT;ASURANSI JASA INDONESIA, PT;0.15;0.166666667;;0.025;0.25;0;0.166666667;0;1;01/01/2014;01/01/2014;2014SMALL CREDIT;2014SMALL CREDITASURANSI JASA INDONESIA, PT
2014;KUK;2014KUK;SMALL CREDIT;REASURANSI NASIONAL INDONESIA, PT;REASURANSI NASIONAL INDONESIA, PT;0.15;0.683333333;;0.1025;0.25;0;0.683333333;0;1;01/01/2014;01/01/2014;2014SMALL CREDIT;2014SMALL CREDITREASURANSI NASIONAL INDONESIA, PT
2014;10;201410;LIABILITY;ASURANSI JASA INDONESIA, PT;ASURANSI JASA INDONESIA, PT;0.5;0.075;;0.0375;0.35;0;0.075;0;1;01/01/2014;01/01/2014;2014LIABILITY;2014LIABILITYASURANSI JASA INDONESIA, PT
2014;10;201410;LIABILITY;REASURANSI INTERNATIONAL INDONESIA, PT;REASURANSI INTERNATIONAL INDONESIA, PT;0.5;0.425;;0.2125;0.35;0;0.425;0;1;01/01/2014;01/01/2014;2014LIABILITY;2014LIABILITYREASURANSI INTERNATIONAL INDONESIA, PT
2014;10;201410;LIABILITY;REASURANSI NASIONAL INDONESIA, PT;REASURANSI NASIONAL INDONESIA, PT;0.5;0.5;;0.25;0.35;0;0.5;0;1;01/01/2014;01/01/2014;2014LIABILITY;2014LIABILITYREASURANSI NASIONAL INDONESIA, PT
2014;3;20143;MARINE CARGO;ASURANSI JASA INDONESIA, PT;ASURANSI JASA INDONESIA, PT;0.5;0.075;;0.0375;0.35;0;0.075;0;1;01/01/2014;01/01/2014;2014MARINE CARGO;2014MARINE CARGOASURANSI JASA INDONESIA, PT
2014;3;20143;MARINE CARGO;REASURANSI INTERNATIONAL INDONESIA, PT;REASURANSI INTERNATIONAL INDONESIA, PT;0.5;0.425;;0.2125;0.35;0;0.425;0;1;01/01/2014;01/01/2014;2014MARINE CARGO;2014MARINE CARGOREASURANSI INTERNATIONAL INDONESIA, PT
2014;3;20143;MARINE CARGO;REASURANSI NASIONAL INDONESIA, PT;REASURANSI NASIONAL INDONESIA, PT;0.5;0.5;;0.25;0.35;0;0.5;0;1;01/01/2014;01/01/2014;2014MARINE CARGO;2014MARINE CARGOREASURANSI NASIONAL INDONESIA, PT
2014;4;20144;MARINE HULL;Asiare;Asiare;0.5;0.5;;0.25;0;0;0.5;0;1;01/01/2014;01/01/2014;2014MARINE HULL;2014MARINE HULLAsiare
2014;4;20144;MARINE HULL;REASURANSI NASIONAL INDONESIA, PT;REASURANSI NASIONAL INDONESIA, PT;0.5;0.5;;0.25;0;0;0.5;0;1;01/01/2014;01/01/2014;2014MARINE HULL;2014MARINE HULLREASURANSI NASIONAL INDONESIA, PT
2014;11;201411;PERSONAL ACCIDENT;ASURANSI JASA INDONESIA, PT;ASURANSI JASA INDONESIA, PT;0.5;0.075;;0.0375;0.35;0;0.075;0;1;01/01/2014;01/01/2014;2014PERSONAL ACCIDENT;2014PERSONAL ACCIDENTASURANSI JASA INDONESIA, PT
2014;11;201411;PERSONAL ACCIDENT;REASURANSI INTERNATIONAL INDONESIA, PT;REASURANSI INTERNATIONAL INDONESIA, PT;0.5;0.425;;0.2125;0.35;0;0.425;0;1;01/01/2014;01/01/2014;2014PERSONAL ACCIDENT;2014PERSONAL ACCIDENTREASURANSI INTERNATIONAL INDONESIA, PT
2014;11;201411;PERSONAL ACCIDENT;REASURANSI NASIONAL INDONESIA, PT;REASURANSI NASIONAL INDONESIA, PT;0.5;0.5;;0.25;0.35;0;0.5;0;1;01/01/2014;01/01/2014;2014PERSONAL ACCIDENT;2014PERSONAL ACCIDENTREASURANSI NASIONAL INDONESIA, PT
2014;SB;2014SB;Surety Bond;ASURANSI ASEI INDONESIA, PT;ASURANSI ASEI INDONESIA, PT;0.15;0.033333333;;0.005;0.35;0;0.033333333;0;1;01/01/2014;01/01/2014;2014Surety Bond;2014Surety BondASURANSI ASEI INDONESIA, PT
2014;SB;2014SB;Surety Bond;ASURANSI BHAKTI BHAYANGKARA;ASURANSI BHAKTI BHAYANGKARA;0.15;0.133333333;;0.02;0.35;0;0.133333333;0;1;01/01/2014;01/01/2014;2014Surety Bond;2014Surety BondASURANSI BHAKTI BHAYANGKARA
2014;SB;2014SB;Surety Bond;ASURANSI BUMIPUTERA MUDA, PT;ASURANSI BUMIPUTERA MUDA, PT;0.15;0.033333333;;0.005;0.35;0;0.033333333;0;1;01/01/2014;01/01/2014;2014Surety Bond;2014Surety BondASURANSI BUMIPUTERA MUDA, PT
2014;SB;2014SB;Surety Bond;ASURANSI JASA INDONESIA, PT;ASURANSI JASA INDONESIA, PT;0.15;0.066666667;;0.01;0.35;0;0.066666667;0;1;01/01/2014;01/01/2014;2014Surety Bond;2014Surety BondASURANSI JASA INDONESIA, PT
2014;SB;2014SB;Surety Bond;ASURANSI RAMAYANA, PT;ASURANSI RAMAYANA, PT;0.15;0.033333333;;0.005;0.35;0;0.033333333;0;1;01/01/2014;01/01/2014;2014Surety Bond;2014Surety BondASURANSI RAMAYANA, PT
2014;SB;2014SB;Surety Bond;ASURANSI TRIPAKARTA, PT;ASURANSI TRIPAKARTA, PT;0.15;0.033333333;;0.005;0.35;0;0.033333333;0;1;01/01/2014;01/01/2014;2014Surety Bond;2014Surety BondASURANSI TRIPAKARTA, PT
2014;SB;2014SB;Surety Bond;REASURANSI INTERNATIONAL INDONESIA, PT;REASURANSI INTERNATIONAL INDONESIA, PT;0.15;0.333333333;;0.05;0.35;0;0.333333333;0;1;01/01/2014;01/01/2014;2014Surety Bond;2014Surety BondREASURANSI INTERNATIONAL INDONESIA, PT
2014;SB;2014SB;Surety Bond;REASURANSI NASIONAL INDONESIA, PT;REASURANSI NASIONAL INDONESIA, PT;0.15;0.333333333;;0.05;0.35;0;0.333333333;0;1;01/01/2014;01/01/2014;2014Surety Bond;2014Surety BondREASURANSI NASIONAL INDONESIA, PT
2015;TRC;2015TRC;TRADE CREDIT;ASRINDA ARTHASANGGA RE BROKERS, PT;ASURANSI ASEI INDONESIA, PT;0.2;0.325;;0.005;0.35;0;0.025;0;0.076923077;01/01/2015;31/12/2015;2015TRADE CREDIT;2015TRADE CREDITASRINDA ARTHASANGGA RE BROKERS, PT
2015;TRC;2015TRC;TRADE CREDIT;ASRINDA ARTHASANGGA RE BROKERS, PT;ASURANSI JASA INDONESIA, PT;0.2;0.325;;0.005;0.35;0;0.025;0;0.076923077;01/01/2015;31/12/2015;2015TRADE CREDIT;2015TRADE CREDITASRINDA ARTHASANGGA RE BROKERS, PT
2015;TRC;2015TRC;TRADE CREDIT;ASRINDA ARTHASANGGA RE BROKERS, PT;ASURANSI SINAR MAS, PT;0.2;0.325;;0.005;0.35;0;0.025;0;0.076923077;01/01/2015;31/12/2015;2015TRADE CREDIT;2015TRADE CREDITASRINDA ARTHASANGGA RE BROKERS, PT
2015;TRC;2015TRC;TRADE CREDIT;ASRINDA ARTHASANGGA RE BROKERS, PT;REASURANSI INTERNATIONAL INDONESIA, PT;0.2;0.325;;0.05;0.35;0;0.25;0;0.769230769;01/01/2015;31/12/2015;2015TRADE CREDIT;2015TRADE CREDITASRINDA ARTHASANGGA RE BROKERS, PT
2015;TRC;2015TRC;TRADE CREDIT;REASURANSI NASIONAL INDONESIA, PT;REASURANSI NASIONAL INDONESIA, PT;0.2;0.625;;0.125;0.35;0;0.625;0;1;01/01/2015;31/12/2015;2015TRADE CREDIT;2015TRADE CREDITREASURANSI NASIONAL INDONESIA, PT
2015;TRC;2015TRC;TRADE CREDIT;TRINITY RE;ASURANSI BHAKTI BHAYANGKARA;0.2;0.05;;0.01;0.35;0;0.05;0;1;01/01/2015;31/12/2015;2015TRADE CREDIT;2015TRADE CREDITTRINITY RE
2015;BGA;2015BGA;BRIGUNA - PHK;BRINGIN SEJAHTERA ARTAMAKMUR, PT;BRINGIN SEJAHTERA ARTAMAKMUR, PT;0.4;1;;0.4;0.05;0;1;0;1;0;0;2015BRIGUNA - PHK;2015BRIGUNA - PHKBRINGIN SEJAHTERA ARTAMAKMUR, PT
2015;CB;2015CB;Customs Bond;ASURANSI ASEI INDONESIA, PT;ASURANSI ASEI INDONESIA, PT;0.15;0.083333333;;0.0125;0.35;0;0.083333333;0;1;01/01/2015;31/12/2015;2015Customs Bond;2015Customs BondASURANSI ASEI INDONESIA, PT
2015;CB;2015CB;Customs Bond;ASURANSI BUANA INDEPENDENT, PT;ASURANSI BUANA INDEPENDENT, PT;0.15;0.033333333;;0.005;0.35;0;0.033333333;0;1;01/01/2015;31/12/2015;2015Customs Bond;2015Customs BondASURANSI BUANA INDEPENDENT, PT
2015;CB;2015CB;Customs Bond;ASURANSI BUMIPUTERA MUDA, PT;ASURANSI BUMIPUTERA MUDA, PT;0.15;0.066666667;;0.01;0.35;0;0.066666667;0;1;01/01/2015;31/12/2015;2015Customs Bond;2015Customs BondASURANSI BUMIPUTERA MUDA, PT
2015;CB;2015CB;Customs Bond;ASURANSI JASA INDONESIA, PT;ASURANSI JASA INDONESIA, PT;0.15;0.133333333;;0.02;0.35;0;0.133333333;0;1;01/01/2015;31/12/2015;2015Customs Bond;2015Customs BondASURANSI JASA INDONESIA, PT
2015;CB;2015CB;Customs Bond;ASURANSI JASA TANIA, PT;ASURANSI JASA TANIA, PT;0.15;0.066666667;;0.01;0.35;0;0.066666667;0;1;01/01/2015;31/12/2015;2015Customs Bond;2015Customs BondASURANSI JASA TANIA, PT
2015;CB;2015CB;Customs Bond;ASURANSI RAMAYANA, PT;ASURANSI RAMAYANA, PT;0.15;0.033333333;;0.005;0.35;0;0.033333333;0;1;01/01/2015;31/12/2015;2015Customs Bond;2015Customs BondASURANSI RAMAYANA, PT
2015;CB;2015CB;Customs Bond;REASURANSI NASIONAL INDONESIA, PT;REASURANSI NASIONAL INDONESIA, PT;0.15;0.45;;0.0675;0.35;0;0.45;0;1;01/01/2015;31/12/2015;2015Customs Bond;2015Customs BondREASURANSI NASIONAL INDONESIA, PT
2015;CB;2015CB;Customs Bond;TRINITY RE;ASURANSI BHAKTI BHAYANGKARA;0.15;0.066666667;;0.01;0.35;0;0.066666667;0;1;01/01/2015;31/12/2015;2015Customs Bond;2015Customs BondTRINITY RE
2015;CB;2015CB;Customs Bond;TUGU REASURANSI, PT;TUGU REASURANSI, PT;0.15;0.066666667;;0.01;0.35;0;0.066666667;0;1;01/01/2015;31/12/2015;2015Customs Bond;2015Customs BondTUGU REASURANSI, PT
2015;9;20159;ENGINEERING;ASRINDA ARTHASANGGA RE BROKERS, PT;REASURANSI NASIONAL INDONESIA, PT;0.5;1;1;0.25;0.325;0.3;0.5;0.5;0.5;01/01/2015;31/12/2015;2015ENGINEERING;2015ENGINEERINGASRINDA ARTHASANGGA RE BROKERS, PT
2015;9;20159;ENGINEERING;ASRINDA ARTHASANGGA RE BROKERS, PT;REASURANSI INDONESIA UTAMA, PT;0.5;1;1;0.22;0.325;0.3;0.44;0.44;0.44;01/01/2015;31/12/2015;2015ENGINEERING;2015ENGINEERINGASRINDA ARTHASANGGA RE BROKERS, PT
2015;9;20159;ENGINEERING;ASRINDA ARTHASANGGA RE BROKERS, PT;ASURANSI JASA INDONESIA, PT;0.5;1;1;0.025;0.325;0.3;0.05;0.05;0.05;01/01/2015;31/12/2015;2015ENGINEERING;2015ENGINEERINGASRINDA ARTHASANGGA RE BROKERS, PT
2015;9;20159;ENGINEERING;ASRINDA ARTHASANGGA RE BROKERS, PT;ASURANSI BINAGRIYA UPAKARA, PT;0.5;1;1;0.005;0.325;0.3;0.01;0.01;0.01;01/01/2015;31/12/2015;2015ENGINEERING;2015ENGINEERINGASRINDA ARTHASANGGA RE BROKERS, PT
2015;1;20151;FIRE;ASRINDA ARTHASANGGA RE BROKERS, PT;REASURANSI NASIONAL INDONESIA, PT;0.5;1;1;0.25;0.325;0.3;0.5;0.5;0.5;01/01/2015;31/12/2015;2015FIRE;2015FIREASRINDA ARTHASANGGA RE BROKERS, PT
2015;1;20151;FIRE;ASRINDA ARTHASANGGA RE BROKERS, PT;REASURANSI INDONESIA UTAMA, PT;0.5;1;1;0.22;0.325;0.3;0.44;0.44;0.44;01/01/2015;31/12/2015;2015FIRE;2015FIREASRINDA ARTHASANGGA RE BROKERS, PT
2015;1;20151;FIRE;ASRINDA ARTHASANGGA RE BROKERS, PT;ASURANSI JASA INDONESIA, PT;0.5;1;1;0.025;0.325;0.3;0.05;0.05;0.05;01/01/2015;31/12/2015;2015FIRE;2015FIREASRINDA ARTHASANGGA RE BROKERS, PT
2015;1;20151;FIRE;ASRINDA ARTHASANGGA RE BROKERS, PT;ASURANSI BINAGRIYA UPAKARA, PT;0.5;1;1;0.005;0.325;0.3;0.01;0.01;0.01;01/01/2015;31/12/2015;2015FIRE;2015FIREASRINDA ARTHASANGGA RE BROKERS, PT
2015;15;201515;GENERAL ACCIDENT;ASRINDA ARTHASANGGA RE BROKERS, PT;REASURANSI NASIONAL INDONESIA, PT;0.5;1;1;0.25;0.35;0.325;0.5;0.5;0.5;01/01/2015;31/12/2015;2015GENERAL ACCIDENT;2015GENERAL ACCIDENTASRINDA ARTHASANGGA RE BROKERS, PT
2015;15;201515;GENERAL ACCIDENT;ASRINDA ARTHASANGGA RE BROKERS, PT;REASURANSI INDONESIA UTAMA, PT;0.5;1;1;0.22;0.35;0.325;0.44;0.44;0.44;01/01/2015;31/12/2015;2015GENERAL ACCIDENT;2015GENERAL ACCIDENTASRINDA ARTHASANGGA RE BROKERS, PT
2015;15;201515;GENERAL ACCIDENT;ASRINDA ARTHASANGGA RE BROKERS, PT;ASURANSI JASA INDONESIA, PT;0.5;1;1;0.025;0.35;0.325;0.05;0.05;0.05;01/01/2015;31/12/2015;2015GENERAL ACCIDENT;2015GENERAL ACCIDENTASRINDA ARTHASANGGA RE BROKERS, PT
2015;15;201515;GENERAL ACCIDENT;ASRINDA ARTHASANGGA RE BROKERS, PT;ASURANSI BINAGRIYA UPAKARA, PT;0.5;1;1;0.005;0.35;0.325;0.01;0.01;0.01;01/01/2015;31/12/2015;2015GENERAL ACCIDENT;2015GENERAL ACCIDENTASRINDA ARTHASANGGA RE BROKERS, PT
2015;203;2015203;HEAVY EQUIPMENT;Asiare;Asiare;0.5;0.5;0.5;0.25;0.325;0.3;0.5;0.5;1;01/01/2015;0;2015HEAVY EQUIPMENT;2015HEAVY EQUIPMENTAsiare
2015;203;2015203;HEAVY EQUIPMENT;ASRINDA ARTHASANGGA RE BROKERS, PT;REASURANSI NASIONAL INDONESIA, PT;0.5;0.5;0.5;0.25;0.325;0.3;0.5;0.5;1;01/01/2015;0;2015HEAVY EQUIPMENT;2015HEAVY EQUIPMENTASRINDA ARTHASANGGA RE BROKERS, PT
2015;KUC;2015KUC;COMMERCIAL CREDIT;REASURANSI NASIONAL INDONESIA, PT;REASURANSI NASIONAL INDONESIA, PT;0.3;0.333333333;;0.1;0.3;0;0.333333333;0;1;01/01/2015;31/12/2015;2015COMMERCIAL CREDIT;2015COMMERCIAL CREDITREASURANSI NASIONAL INDONESIA, PT
2015;KUC;2015KUC;COMMERCIAL CREDIT;ASRINDA ARTHASANGGA RE BROKERS, PT;MASKAPAI REASURANSI INDONESIA, PT;0.3;0.666666667;;0.035;0.3;0;0.116666667;0;0.175;01/01/2015;31/12/2015;2015COMMERCIAL CREDIT;2015COMMERCIAL CREDITASRINDA ARTHASANGGA RE BROKERS, PT
2015;KUC;2015KUC;COMMERCIAL CREDIT;ASRINDA ARTHASANGGA RE BROKERS, PT;REASURANSI INDONESIA UTAMA, PT;0.3;0.666666667;;0.05;0.3;0;0.166666667;0;0.25;01/01/2015;31/12/2015;2015COMMERCIAL CREDIT;2015COMMERCIAL CREDITASRINDA ARTHASANGGA RE BROKERS, PT
2015;KUC;2015KUC;COMMERCIAL CREDIT;ASRINDA ARTHASANGGA RE BROKERS, PT;TUGU REASURANSI, PT;0.3;0.666666667;;0.0625;0.3;0;0.208333333;0;0.3125;01/01/2015;31/12/2015;2015COMMERCIAL CREDIT;2015COMMERCIAL CREDITASRINDA ARTHASANGGA RE BROKERS, PT
2015;KUC;2015KUC;COMMERCIAL CREDIT;ASRINDA ARTHASANGGA RE BROKERS, PT;ASURANSI BHAKTI BHAYANGKARA;0.3;0.666666667;;0.02;0.3;0;0.066666667;0;0.1;01/01/2015;31/12/2015;2015COMMERCIAL CREDIT;2015COMMERCIAL CREDITASRINDA ARTHASANGGA RE BROKERS, PT
2015;KUC;2015KUC;COMMERCIAL CREDIT;ASRINDA ARTHASANGGA RE BROKERS, PT;PLN INSURANCE;0.3;0.666666667;;0.01;0.3;0;0.033333333;0;0.05;01/01/2015;31/12/2015;2015COMMERCIAL CREDIT;2015COMMERCIAL CREDITASRINDA ARTHASANGGA RE BROKERS, PT
2015;KUC;2015KUC;COMMERCIAL CREDIT;ASRINDA ARTHASANGGA RE BROKERS, PT;ASURANSI JASA INDONESIA, PT;0.3;0.666666667;;0.015;0.3;0;0.05;0;0.075;01/01/2015;31/12/2015;2015COMMERCIAL CREDIT;2015COMMERCIAL CREDITASRINDA ARTHASANGGA RE BROKERS, PT
2015;KUC;2015KUC;COMMERCIAL CREDIT;ASRINDA ARTHASANGGA RE BROKERS, PT;ASURANSI TRIPAKARTA, PT;0.3;0.666666667;;0.0075;0.3;0;0.025;0;0.0375;01/01/2015;31/12/2015;2015COMMERCIAL CREDIT;2015COMMERCIAL CREDITASRINDA ARTHASANGGA RE BROKERS, PT
2015;KUS;2015KUS;CONSUMPTIVE CREDIT;REASURANSI NASIONAL INDONESIA, PT;REASURANSI NASIONAL INDONESIA, PT;0.3;0.5;;0.15;0.3;0;0.5;0;1;01/01/2015;31/12/2015;2015CONSUMPTIVE CREDIT;2015CONSUMPTIVE CREDITREASURANSI NASIONAL INDONESIA, PT
2015;KUS;2015KUS;CONSUMPTIVE CREDIT;ASRINDA ARTHASANGGA RE BROKERS, PT;TUGU REASURANSI, PT;0.3;0.5;;0.025;0.3;0;0.083333333;0;0.166666667;01/01/2015;31/12/2015;2015CONSUMPTIVE CREDIT;2015CONSUMPTIVE CREDITASRINDA ARTHASANGGA RE BROKERS, PT
2015;KUS;2015KUS;CONSUMPTIVE CREDIT;ASRINDA ARTHASANGGA RE BROKERS, PT;MASKAPAI REASURANSI INDONESIA, PT;0.3;0.5;;0.02;0.3;0;0.066666667;0;0.133333333;01/01/2015;31/12/2015;2015CONSUMPTIVE CREDIT;2015CONSUMPTIVE CREDITASRINDA ARTHASANGGA RE BROKERS, PT
2015;KUS;2015KUS;CONSUMPTIVE CREDIT;ASRINDA ARTHASANGGA RE BROKERS, PT;REASURANSI INDONESIA UTAMA, PT;0.3;0.5;;0.06;0.3;0;0.2;0;0.4;01/01/2015;31/12/2015;2015CONSUMPTIVE CREDIT;2015CONSUMPTIVE CREDITASRINDA ARTHASANGGA RE BROKERS, PT
2015;KUS;2015KUS;CONSUMPTIVE CREDIT;ASRINDA ARTHASANGGA RE BROKERS, PT;ASURANSI JASA INDONESIA, PT;0.3;0.5;;0.01;0.3;0;0.033333333;0;0.066666667;01/01/2015;31/12/2015;2015CONSUMPTIVE CREDIT;2015CONSUMPTIVE CREDITASRINDA ARTHASANGGA RE BROKERS, PT
2015;KUS;2015KUS;CONSUMPTIVE CREDIT;ASRINDA ARTHASANGGA RE BROKERS, PT;ASURANSI BHAKTI BHAYANGKARA;0.3;0.5;;0.02;0.3;0;0.066666667;0;0.133333333;01/01/2015;31/12/2015;2015CONSUMPTIVE CREDIT;2015CONSUMPTIVE CREDITASRINDA ARTHASANGGA RE BROKERS, PT
2015;KUS;2015KUS;CONSUMPTIVE CREDIT;ASRINDA ARTHASANGGA RE BROKERS, PT;ASURANSI JASA TANIA, PT;0.3;0.5;;0.015;0.3;0;0.05;0;0.1;01/01/2015;31/12/2015;2015CONSUMPTIVE CREDIT;2015CONSUMPTIVE CREDITASRINDA ARTHASANGGA RE BROKERS, PT
2015;KBG;2015KBG;COUNTER BANK GUARANTEE;REASURANSI NASIONAL INDONESIA, PT;REASURANSI NASIONAL INDONESIA, PT;0.3;0.416666667;;0.125;0.35;0;0.416666667;0;1;01/01/2015;31/12/2015;2015COUNTER BANK GUARANTEE;2015COUNTER BANK GUARANTEEREASURANSI NASIONAL INDONESIA, PT
2015;KBG;2015KBG;COUNTER BANK GUARANTEE;ASRINDA ARTHASANGGA RE BROKERS, PT;MASKAPAI REASURANSI INDONESIA, PT;0.3;0.583333333;;0.0225;0.35;0;0.075;0;0.128571429;01/01/2015;31/12/2015;2015COUNTER BANK GUARANTEE;2015COUNTER BANK GUARANTEEASRINDA ARTHASANGGA RE BROKERS, PT
2015;KBG;2015KBG;COUNTER BANK GUARANTEE;ASRINDA ARTHASANGGA RE BROKERS, PT;REASURANSI INDONESIA UTAMA, PT;0.3;0.583333333;;0.045;0.35;0;0.15;0;0.257142857;01/01/2015;31/12/2015;2015COUNTER BANK GUARANTEE;2015COUNTER BANK GUARANTEEASRINDA ARTHASANGGA RE BROKERS, PT
2015;KBG;2015KBG;COUNTER BANK GUARANTEE;ASRINDA ARTHASANGGA RE BROKERS, PT;PLN INSURANCE;0.3;0.583333333;;0.01;0.35;0;0.033333333;0;0.057142857;01/01/2015;31/12/2015;2015COUNTER BANK GUARANTEE;2015COUNTER BANK GUARANTEEASRINDA ARTHASANGGA RE BROKERS, PT
2015;KBG;2015KBG;COUNTER BANK GUARANTEE;ASRINDA ARTHASANGGA RE BROKERS, PT;ASURANSI JASA INDONESIA, PT;0.3;0.583333333;;0.0325;0.35;0;0.108333333;0;0.185714286;01/01/2015;31/12/2015;2015COUNTER BANK GUARANTEE;2015COUNTER BANK GUARANTEEASRINDA ARTHASANGGA RE BROKERS, PT
2015;KBG;2015KBG;COUNTER BANK GUARANTEE;ASRINDA ARTHASANGGA RE BROKERS, PT;ASURANSI BHAKTI BHAYANGKARA;0.3;0.583333333;;0.01;0.35;0;0.033333333;0;0.057142857;01/01/2015;31/12/2015;2015COUNTER BANK GUARANTEE;2015COUNTER BANK GUARANTEEASRINDA ARTHASANGGA RE BROKERS, PT
2015;KBG;2015KBG;COUNTER BANK GUARANTEE;ASRINDA ARTHASANGGA RE BROKERS, PT;ASURANSI JASA TANIA, PT;0.3;0.583333333;;0.01;0.35;0;0.033333333;0;0.057142857;01/01/2015;31/12/2015;2015COUNTER BANK GUARANTEE;2015COUNTER BANK GUARANTEEASRINDA ARTHASANGGA RE BROKERS, PT
2015;KBG;2015KBG;COUNTER BANK GUARANTEE;ASRINDA ARTHASANGGA RE BROKERS, PT;ASURANSI ASEI INDONESIA, PT;0.3;0.583333333;;0.01;0.35;0;0.033333333;0;0.057142857;01/01/2015;31/12/2015;2015COUNTER BANK GUARANTEE;2015COUNTER BANK GUARANTEEASRINDA ARTHASANGGA RE BROKERS, PT
2015;KBG;2015KBG;COUNTER BANK GUARANTEE;ASRINDA ARTHASANGGA RE BROKERS, PT;ASURANSI SINAR MAS, PT;0.3;0.583333333;;0.01;0.35;0;0.033333333;0;0.057142857;01/01/2015;31/12/2015;2015COUNTER BANK GUARANTEE;2015COUNTER BANK GUARANTEEASRINDA ARTHASANGGA RE BROKERS, PT
2015;KBG;2015KBG;COUNTER BANK GUARANTEE;ASRINDA ARTHASANGGA RE BROKERS, PT;ASURANSI RAMAYANA, PT;0.3;0.583333333;;0.005;0.35;0;0.016666667;0;0.028571429;01/01/2015;31/12/2015;2015COUNTER BANK GUARANTEE;2015COUNTER BANK GUARANTEEASRINDA ARTHASANGGA RE BROKERS, PT
2015;KBG;2015KBG;COUNTER BANK GUARANTEE;ASRINDA ARTHASANGGA RE BROKERS, PT;ASURANSI BUANA INDEPENDENT, PT;0.3;0.583333333;;0.01;0.35;0;0.033333333;0;0.057142857;01/01/2015;31/12/2015;2015COUNTER BANK GUARANTEE;2015COUNTER BANK GUARANTEEASRINDA ARTHASANGGA RE BROKERS, PT
2015;KBG;2015KBG;COUNTER BANK GUARANTEE;ASRINDA ARTHASANGGA RE BROKERS, PT;ASURANSI BANGUN ASKRIDA, PT;0.3;0.583333333;;0.005;0.35;0;0.016666667;0;0.028571429;01/01/2015;31/12/2015;2015COUNTER BANK GUARANTEE;2015COUNTER BANK GUARANTEEASRINDA ARTHASANGGA RE BROKERS, PT
2015;KBG;2015KBG;COUNTER BANK GUARANTEE;ASRINDA ARTHASANGGA RE BROKERS, PT;BRINGIN SEJAHTERA ARTAMAKMUR, PT;0.3;0.583333333;;0.005;0.35;0;0.016666667;0;0.028571429;01/01/2015;31/12/2015;2015COUNTER BANK GUARANTEE;2015COUNTER BANK GUARANTEEASRINDA ARTHASANGGA RE BROKERS, PT
2015;KKP;2015KKP;Kredit Ketahanan Pangan - Energi;ASURANSI ASEI INDONESIA, PT;ASURANSI ASEI INDONESIA, PT;0.2;0.25;;0.05;0.025;0;0.25;0;1;01/01/2015;31/12/2015;2015Kredit Ketahanan Pangan - Energi;2015Kredit Ketahanan Pangan - EnergiASURANSI ASEI INDONESIA, PT
2015;KKP;2015KKP;Kredit Ketahanan Pangan - Energi;ASURANSI JASA INDONESIA, PT;ASURANSI JASA INDONESIA, PT;0.2;0.5;;0.1;0.025;0;0.5;0;1;01/01/2015;31/12/2015;2015Kredit Ketahanan Pangan - Energi;2015Kredit Ketahanan Pangan - EnergiASURANSI JASA INDONESIA, PT
2015;KKP;2015KKP;Kredit Ketahanan Pangan - Energi;REASURANSI INTERNATIONAL INDONESIA, PT;REASURANSI INTERNATIONAL INDONESIA, PT;0.2;0.25;;0.05;0.025;0;0.25;0;1;01/01/2015;31/12/2015;2015Kredit Ketahanan Pangan - Energi;2015Kredit Ketahanan Pangan - EnergiREASURANSI INTERNATIONAL INDONESIA, PT
2015;KUK;2015KUK;SMALL CREDIT;ASRINDA ARTHASANGGA RE BROKERS, PT;REASURANSI INDONESIA UTAMA, PT;0.2649;0.037750094;;0.01;0.25;0;0.037750094;0;1;01/01/2015;31/12/2015;2015SMALL CREDIT;2015SMALL CREDITASRINDA ARTHASANGGA RE BROKERS, PT
2015;KUK;2015KUK;SMALL CREDIT;ASURANSI ASEI INDONESIA, PT;ASURANSI ASEI INDONESIA, PT;0.2649;0.056625142;;0.015;0.25;0;0.056625142;0;1;01/01/2015;31/12/2015;2015SMALL CREDIT;2015SMALL CREDITASURANSI ASEI INDONESIA, PT
2015;KUK;2015KUK;SMALL CREDIT;ASURANSI JASA INDONESIA, PT;ASURANSI JASA INDONESIA, PT;0.2649;0.075500189;;0.02;0.25;0;0.075500189;0;1;01/01/2015;31/12/2015;2015SMALL CREDIT;2015SMALL CREDITASURANSI JASA INDONESIA, PT
2015;KUK;2015KUK;SMALL CREDIT;REASURANSI NASIONAL INDONESIA, PT;REASURANSI NASIONAL INDONESIA, PT;0.2649;0.830124575;;0.2199;0.25;0;0.830124575;0;1;01/01/2015;31/12/2015;2015SMALL CREDIT;2015SMALL CREDITREASURANSI NASIONAL INDONESIA, PT
2015;10;201510;LIABILITY;ASRINDA ARTHASANGGA RE BROKERS, PT;REASURANSI NASIONAL INDONESIA, PT;0.5;1;1;0.25;0.35;0.325;0.5;0.5;0.5;01/01/2015;31/12/2015;2015LIABILITY;2015LIABILITYASRINDA ARTHASANGGA RE BROKERS, PT
2015;10;201510;LIABILITY;ASRINDA ARTHASANGGA RE BROKERS, PT;REASURANSI INDONESIA UTAMA, PT;0.5;1;1;0.22;0.35;0.325;0.44;0.44;0.44;01/01/2015;31/12/2015;2015LIABILITY;2015LIABILITYASRINDA ARTHASANGGA RE BROKERS, PT
2015;10;201510;LIABILITY;ASRINDA ARTHASANGGA RE BROKERS, PT;ASURANSI JASA INDONESIA, PT;0.5;1;1;0.025;0.35;0.325;0.05;0.05;0.05;01/01/2015;31/12/2015;2015LIABILITY;2015LIABILITYASRINDA ARTHASANGGA RE BROKERS, PT
2015;10;201510;LIABILITY;ASRINDA ARTHASANGGA RE BROKERS, PT;ASURANSI BINAGRIYA UPAKARA, PT;0.5;1;1;0.005;0.35;0.325;0.01;0.01;0.01;01/01/2015;31/12/2015;2015LIABILITY;2015LIABILITYASRINDA ARTHASANGGA RE BROKERS, PT
2015;3;20153;MARINE CARGO;ASRINDA ARTHASANGGA RE BROKERS, PT;REASURANSI NASIONAL INDONESIA, PT;0.5;1;1;0.25;0.35;0.325;0.5;0.5;0.5;01/01/2015;31/12/2015;2015MARINE CARGO;2015MARINE CARGOASRINDA ARTHASANGGA RE BROKERS, PT
2015;3;20153;MARINE CARGO;ASRINDA ARTHASANGGA RE BROKERS, PT;REASURANSI INDONESIA UTAMA, PT;0.5;1;1;0.22;0.35;0.325;0.44;0.44;0.44;01/01/2015;31/12/2015;2015MARINE CARGO;2015MARINE CARGOASRINDA ARTHASANGGA RE BROKERS, PT
2015;3;20153;MARINE CARGO;ASRINDA ARTHASANGGA RE BROKERS, PT;ASURANSI JASA INDONESIA, PT;0.5;1;1;0.025;0.35;0.325;0.05;0.05;0.05;01/01/2015;31/12/2015;2015MARINE CARGO;2015MARINE CARGOASRINDA ARTHASANGGA RE BROKERS, PT
2015;3;20153;MARINE CARGO;ASRINDA ARTHASANGGA RE BROKERS, PT;ASURANSI BINAGRIYA UPAKARA, PT;0.5;1;1;0.005;0.35;0.325;0.01;0.01;0.01;01/01/2015;31/12/2015;2015MARINE CARGO;2015MARINE CARGOASRINDA ARTHASANGGA RE BROKERS, PT
2015;4;20154;MARINE HULL;Asiare;Asiare;0.5;0.5;0.5;0.25;0.325;0.3;0.5;0.5;1;01/01/2015;31/12/2015;2015MARINE HULL;2015MARINE HULLAsiare
2015;4;20154;MARINE HULL;ASRINDA ARTHASANGGA RE BROKERS, PT;REASURANSI NASIONAL INDONESIA, PT;0.5;0.5;0.5;0.25;0.325;0.3;0.5;0.5;1;01/01/2015;31/12/2015;2015MARINE HULL;2015MARINE HULLASRINDA ARTHASANGGA RE BROKERS, PT
2015;2;20152;MOTOR VEHICLE;ASRINDA ARTHASANGGA RE BROKERS, PT;REASURANSI NASIONAL INDONESIA, PT;0.5;1;1;0.25;0.325;0.325;0.5;0.5;0.5;01/01/2015;31/12/2015;2015MOTOR VEHICLE;2015MOTOR VEHICLEASRINDA ARTHASANGGA RE BROKERS, PT
2015;2;20152;MOTOR VEHICLE;ASRINDA ARTHASANGGA RE BROKERS, PT;REASURANSI INDONESIA UTAMA, PT;0.5;1;1;0.2;0.325;0.325;0.4;0.4;0.4;01/01/2015;31/12/2015;2015MOTOR VEHICLE;2015MOTOR VEHICLEASRINDA ARTHASANGGA RE BROKERS, PT
2015;2;20152;MOTOR VEHICLE;ASRINDA ARTHASANGGA RE BROKERS, PT;ASURANSI BUMIPUTERA MUDA, PT;0.5;1;1;0.035;0.325;0.325;0.07;0.07;0.07;01/01/2015;31/12/2015;2015MOTOR VEHICLE;2015MOTOR VEHICLEASRINDA ARTHASANGGA RE BROKERS, PT
2015;2;20152;MOTOR VEHICLE;ASRINDA ARTHASANGGA RE BROKERS, PT;ASURANSI JASA INDONESIA, PT;0.5;1;1;0.015;0.325;0.325;0.03;0.03;0.03;01/01/2015;31/12/2015;2015MOTOR VEHICLE;2015MOTOR VEHICLEASRINDA ARTHASANGGA RE BROKERS, PT
2015;11;201511;PERSONAL ACCIDENT;ASRINDA ARTHASANGGA RE BROKERS, PT;REASURANSI NASIONAL INDONESIA, PT;0.5;1;1;0.25;0.35;0.325;0.5;0.5;0.5;01/01/2015;31/12/2015;2015PERSONAL ACCIDENT;2015PERSONAL ACCIDENTASRINDA ARTHASANGGA RE BROKERS, PT
2015;11;201511;PERSONAL ACCIDENT;ASRINDA ARTHASANGGA RE BROKERS, PT;REASURANSI INDONESIA UTAMA, PT;0.5;1;1;0.22;0.35;0.325;0.44;0.44;0.44;01/01/2015;31/12/2015;2015PERSONAL ACCIDENT;2015PERSONAL ACCIDENTASRINDA ARTHASANGGA RE BROKERS, PT
2015;11;201511;PERSONAL ACCIDENT;ASRINDA ARTHASANGGA RE BROKERS, PT;ASURANSI JASA INDONESIA, PT;0.5;1;1;0.025;0.35;0.325;0.05;0.05;0.05;01/01/2015;31/12/2015;2015PERSONAL ACCIDENT;2015PERSONAL ACCIDENTASRINDA ARTHASANGGA RE BROKERS, PT
2015;11;201511;PERSONAL ACCIDENT;ASRINDA ARTHASANGGA RE BROKERS, PT;ASURANSI BINAGRIYA UPAKARA, PT;0.5;1;1;0.005;0.35;0.325;0.01;0.01;0.01;01/01/2015;31/12/2015;2015PERSONAL ACCIDENT;2015PERSONAL ACCIDENTASRINDA ARTHASANGGA RE BROKERS, PT
2015;SB;2015SB;Surety Bond;ASURANSI ASEI INDONESIA, PT;ASURANSI ASEI INDONESIA, PT;0.15;0.033333333;;0.005;0.35;0;0.033333333;0;1;01/01/2015;31/12/2015;2015Surety Bond;2015Surety BondASURANSI ASEI INDONESIA, PT
2015;SB;2015SB;Surety Bond;ASURANSI BHAKTI BHAYANGKARA;ASURANSI BHAKTI BHAYANGKARA;0.15;0.1;;0.015;0.35;0;0.1;0;1;01/01/2015;31/12/2015;2015Surety Bond;2015Surety BondASURANSI BHAKTI BHAYANGKARA
2015;SB;2015SB;Surety Bond;ASURANSI JASA INDONESIA, PT;ASURANSI JASA INDONESIA, PT;0.15;0.1;;0.015;0.35;0;0.1;0;1;01/01/2015;31/12/2015;2015Surety Bond;2015Surety BondASURANSI JASA INDONESIA, PT
2015;SB;2015SB;Surety Bond;ASURANSI RAMAYANA, PT;ASURANSI RAMAYANA, PT;0.15;0.033333333;;0.005;0.35;0;0.033333333;0;1;01/01/2015;31/12/2015;2015Surety Bond;2015Surety BondASURANSI RAMAYANA, PT
2015;SB;2015SB;Surety Bond;ASURANSI TRIPAKARTA, PT;ASURANSI TRIPAKARTA, PT;0.15;0.033333333;;0.005;0.35;0;0.033333333;0;1;01/01/2015;31/12/2015;2015Surety Bond;2015Surety BondASURANSI TRIPAKARTA, PT
2015;SB;2015SB;Surety Bond;REASURANSI INTERNATIONAL INDONESIA, PT;REASURANSI INTERNATIONAL INDONESIA, PT;0.15;0.333333333;;0.05;0.35;0;0.333333333;0;1;01/01/2015;31/12/2015;2015Surety Bond;2015Surety BondREASURANSI INTERNATIONAL INDONESIA, PT
2015;SB;2015SB;Surety Bond;REASURANSI NASIONAL INDONESIA, PT;REASURANSI NASIONAL INDONESIA, PT;0.15;0.366666667;;0.055;0.35;0;0.366666667;0;1;01/01/2015;31/12/2015;2015Surety Bond;2015Surety BondREASURANSI NASIONAL INDONESIA, PT
2016;TRC;2016TRC;TRADE CREDIT;ASRINDA ARTHASANGGA RE BROKERS, PT;ASURANSI ASEI INDONESIA, PT;0.2;0.325;;0.005;0.35;0;0.025;0;0.076923077;01/01/2016;31/10/2016;2016TRADE CREDIT;2016TRADE CREDITASRINDA ARTHASANGGA RE BROKERS, PT
2016;TRC;2016TRC;TRADE CREDIT;ASRINDA ARTHASANGGA RE BROKERS, PT;ASURANSI JASA INDONESIA, PT;0.2;0.325;;0.005;0.35;0;0.025;0;0.076923077;01/01/2016;31/10/2016;2016TRADE CREDIT;2016TRADE CREDITASRINDA ARTHASANGGA RE BROKERS, PT
2016;TRC;2016TRC;TRADE CREDIT;ASRINDA ARTHASANGGA RE BROKERS, PT;ASURANSI SINAR MAS, PT;0.2;0.325;;0.005;0.35;0;0.025;0;0.076923077;01/01/2016;31/10/2016;2016TRADE CREDIT;2016TRADE CREDITASRINDA ARTHASANGGA RE BROKERS, PT
2016;TRC;2016TRC;TRADE CREDIT;ASRINDA ARTHASANGGA RE BROKERS, PT;REASURANSI INTERNATIONAL INDONESIA, PT;0.2;0.325;;0.05;0.35;0;0.25;0;0.769230769;01/01/2016;31/10/2016;2016TRADE CREDIT;2016TRADE CREDITASRINDA ARTHASANGGA RE BROKERS, PT
2016;TRC;2016TRC;TRADE CREDIT;REASURANSI NASIONAL INDONESIA, PT;REASURANSI NASIONAL INDONESIA, PT;0.2;0.625;;0.125;0.35;0;0.625;0;1;01/01/2016;31/10/2016;2016TRADE CREDIT;2016TRADE CREDITREASURANSI NASIONAL INDONESIA, PT
2016;TRC;2016TRC;TRADE CREDIT;TRINITY RE;ASURANSI BHAKTI BHAYANGKARA;0.2;0.05;;0.01;0.35;0;0.05;0;1;01/01/2016;31/10/2016;2016TRADE CREDIT;2016TRADE CREDITTRINITY RE
2016;5;20165;AVIATION;ASRINDA ARTHASANGGA RE BROKERS, PT;REASURANSI NASIONAL INDONESIA, PT;0.5;1;;0.25;0.325;0;0.5;0;0.5;01/01/2016;31/10/2016;2016AVIATION;2016AVIATIONASRINDA ARTHASANGGA RE BROKERS, PT
2016;5;20165;AVIATION;ASRINDA ARTHASANGGA RE BROKERS, PT;REASURANSI INDONESIA UTAMA, PT;0.5;1;;0.2125;0.325;0;0.425;0;0.425;01/01/2016;31/10/2016;2016AVIATION;2016AVIATIONASRINDA ARTHASANGGA RE BROKERS, PT
2016;5;20165;AVIATION;ASRINDA ARTHASANGGA RE BROKERS, PT;ASURANSI JASA INDONESIA, PT;0.5;1;;0.025;0.325;0;0.05;0;0.05;01/01/2016;31/10/2016;2016AVIATION;2016AVIATIONASRINDA ARTHASANGGA RE BROKERS, PT
2016;5;20165;AVIATION;ASRINDA ARTHASANGGA RE BROKERS, PT;ASURANSI BINAGRIYA UPAKARA, PT;0.5;1;;0.005;0.325;0;0.01;0;0.01;01/01/2016;31/10/2016;2016AVIATION;2016AVIATIONASRINDA ARTHASANGGA RE BROKERS, PT
2016;5;20165;AVIATION;ASRINDA ARTHASANGGA RE BROKERS, PT;MEGARE;0.5;1;;0.0075;0.325;0;0.015;0;0.015;01/01/2016;31/10/2016;2016AVIATION;2016AVIATIONASRINDA ARTHASANGGA RE BROKERS, PT
2016;CB;2016CB;Customs Bond;ASURANSI ASEI INDONESIA, PT;ASURANSI ASEI INDONESIA, PT;0.15;0.083333333;;0.0125;0.35;0;0.083333333;0;1;01/01/2016;31/10/2016;2016Customs Bond;2016Customs BondASURANSI ASEI INDONESIA, PT
2016;CB;2016CB;Customs Bond;ASURANSI BUANA INDEPENDENT, PT;ASURANSI BUANA INDEPENDENT, PT;0.15;0.033333333;;0.005;0.35;0;0.033333333;0;1;01/01/2016;31/10/2016;2016Customs Bond;2016Customs BondASURANSI BUANA INDEPENDENT, PT
2016;CB;2016CB;Customs Bond;ASURANSI BUMIPUTERA MUDA, PT;ASURANSI BUMIPUTERA MUDA, PT;0.15;0.066666667;;0.01;0.35;0;0.066666667;0;1;01/01/2016;31/10/2016;2016Customs Bond;2016Customs BondASURANSI BUMIPUTERA MUDA, PT
2016;CB;2016CB;Customs Bond;ASURANSI JASA INDONESIA, PT;ASURANSI JASA INDONESIA, PT;0.15;0.133333333;;0.02;0.35;0;0.133333333;0;1;01/01/2016;31/10/2016;2016Customs Bond;2016Customs BondASURANSI JASA INDONESIA, PT
2016;CB;2016CB;Customs Bond;ASURANSI JASA TANIA, PT;ASURANSI JASA TANIA, PT;0.15;0.066666667;;0.01;0.35;0;0.066666667;0;1;01/01/2016;31/10/2016;2016Customs Bond;2016Customs BondASURANSI JASA TANIA, PT
2016;CB;2016CB;Customs Bond;ASURANSI RAMAYANA, PT;ASURANSI RAMAYANA, PT;0.15;0.033333333;;0.005;0.35;0;0.033333333;0;1;01/01/2016;31/10/2016;2016Customs Bond;2016Customs BondASURANSI RAMAYANA, PT
2016;CB;2016CB;Customs Bond;REASURANSI NASIONAL INDONESIA, PT;REASURANSI NASIONAL INDONESIA, PT;0.15;0.516666667;;0.0775;0.35;0;0.516666667;0;1;01/01/2016;31/10/2016;2016Customs Bond;2016Customs BondREASURANSI NASIONAL INDONESIA, PT
2016;CB;2016CB;Customs Bond;TRINITY RE;ASURANSI BHAKTI BHAYANGKARA;0.15;0.066666667;;0.01;0.35;0;0.066666667;0;1;01/01/2016;31/10/2016;2016Customs Bond;2016Customs BondTRINITY RE
2016;9;20169;ENGINEERING;ASRINDA ARTHASANGGA RE BROKERS, PT;REASURANSI NASIONAL INDONESIA, PT;0.5;1;1;0.25;0.325;0.3;0.5;0.5;0.5;01/01/2016;31/10/2016;2016ENGINEERING;2016ENGINEERINGASRINDA ARTHASANGGA RE BROKERS, PT
2016;9;20169;ENGINEERING;ASRINDA ARTHASANGGA RE BROKERS, PT;REASURANSI INDONESIA UTAMA, PT;0.5;1;1;0.2125;0.325;0.3;0.425;0.425;0.425;01/01/2016;31/10/2016;2016ENGINEERING;2016ENGINEERINGASRINDA ARTHASANGGA RE BROKERS, PT
2016;9;20169;ENGINEERING;ASRINDA ARTHASANGGA RE BROKERS, PT;ASURANSI JASA INDONESIA, PT;0.5;1;1;0.025;0.325;0.3;0.05;0.05;0.05;01/01/2016;31/10/2016;2016ENGINEERING;2016ENGINEERINGASRINDA ARTHASANGGA RE BROKERS, PT
2016;9;20169;ENGINEERING;ASRINDA ARTHASANGGA RE BROKERS, PT;ASURANSI BINAGRIYA UPAKARA, PT;0.5;1;1;0.005;0.325;0.3;0.01;0.01;0.01;01/01/2016;31/10/2016;2016ENGINEERING;2016ENGINEERINGASRINDA ARTHASANGGA RE BROKERS, PT
2016;9;20169;ENGINEERING;ASRINDA ARTHASANGGA RE BROKERS, PT;MEGARE;0.5;1;1;0.0075;0.325;0.3;0.015;0.015;0.015;01/01/2016;31/10/2016;2016ENGINEERING;2016ENGINEERINGASRINDA ARTHASANGGA RE BROKERS, PT
2016;1;20161;FIRE;ASRINDA ARTHASANGGA RE BROKERS, PT;REASURANSI NASIONAL INDONESIA, PT;0.5;1;1;0.25;0.325;0.3;0.5;0.5;0.5;01/01/2016;31/10/2016;2016FIRE;2016FIREASRINDA ARTHASANGGA RE BROKERS, PT
2016;1;20161;FIRE;ASRINDA ARTHASANGGA RE BROKERS, PT;REASURANSI INDONESIA UTAMA, PT;0.5;1;1;0.2125;0.325;0.3;0.425;0.425;0.425;01/01/2016;31/10/2016;2016FIRE;2016FIREASRINDA ARTHASANGGA RE BROKERS, PT
2016;1;20161;FIRE;ASRINDA ARTHASANGGA RE BROKERS, PT;ASURANSI JASA INDONESIA, PT;0.5;1;1;0.025;0.325;0.3;0.05;0.05;0.05;01/01/2016;31/10/2016;2016FIRE;2016FIREASRINDA ARTHASANGGA RE BROKERS, PT
2016;1;20161;FIRE;ASRINDA ARTHASANGGA RE BROKERS, PT;ASURANSI BINAGRIYA UPAKARA, PT;0.5;1;1;0.005;0.325;0.3;0.01;0.01;0.01;01/01/2016;31/10/2016;2016FIRE;2016FIREASRINDA ARTHASANGGA RE BROKERS, PT
2016;1;20161;FIRE;ASRINDA ARTHASANGGA RE BROKERS, PT;MEGARE;0.5;1;1;0.0075;0.325;0.3;0.015;0.015;0.015;01/01/2016;31/10/2016;2016FIRE;2016FIREASRINDA ARTHASANGGA RE BROKERS, PT
2016;15;201615;GENERAL ACCIDENT;ASRINDA ARTHASANGGA RE BROKERS, PT;REASURANSI NASIONAL INDONESIA, PT;0.5;1;1;0.25;0.35;0.325;0.5;0.5;0.5;01/01/2016;31/10/2016;2016GENERAL ACCIDENT;2016GENERAL ACCIDENTASRINDA ARTHASANGGA RE BROKERS, PT
2016;15;201615;GENERAL ACCIDENT;ASRINDA ARTHASANGGA RE BROKERS, PT;REASURANSI INDONESIA UTAMA, PT;0.5;1;1;0.2125;0.35;0.325;0.425;0.425;0.425;01/01/2016;31/10/2016;2016GENERAL ACCIDENT;2016GENERAL ACCIDENTASRINDA ARTHASANGGA RE BROKERS, PT
2016;15;201615;GENERAL ACCIDENT;ASRINDA ARTHASANGGA RE BROKERS, PT;ASURANSI JASA INDONESIA, PT;0.5;1;1;0.025;0.35;0.325;0.05;0.05;0.05;01/01/2016;31/10/2016;2016GENERAL ACCIDENT;2016GENERAL ACCIDENTASRINDA ARTHASANGGA RE BROKERS, PT
2016;15;201615;GENERAL ACCIDENT;ASRINDA ARTHASANGGA RE BROKERS, PT;ASURANSI BINAGRIYA UPAKARA, PT;0.5;1;1;0.005;0.35;0.325;0.01;0.01;0.01;01/01/2016;31/10/2016;2016GENERAL ACCIDENT;2016GENERAL ACCIDENTASRINDA ARTHASANGGA RE BROKERS, PT
2016;15;201615;GENERAL ACCIDENT;ASRINDA ARTHASANGGA RE BROKERS, PT;MEGARE;0.5;1;1;0.0075;0.35;0.325;0.015;0.015;0.015;01/01/2016;31/10/2016;2016GENERAL ACCIDENT;2016GENERAL ACCIDENTASRINDA ARTHASANGGA RE BROKERS, PT
2016;203;2016203;HEAVY EQUIPMENT;ASRINDA ARTHASANGGA RE BROKERS, PT;TRINITY RE;0.5;1;1;0.175;0.35;0.325;0.35;0.35;0.35;01/01/2016;31/10/2016;2016HEAVY EQUIPMENT;2016HEAVY EQUIPMENTASRINDA ARTHASANGGA RE BROKERS, PT
2016;203;2016203;HEAVY EQUIPMENT;ASRINDA ARTHASANGGA RE BROKERS, PT;ASURANSI JASA INDONESIA, PT;0.5;1;1;0.025;0.35;0.325;0.05;0.05;0.05;01/01/2016;31/10/2016;2016HEAVY EQUIPMENT;2016HEAVY EQUIPMENTASRINDA ARTHASANGGA RE BROKERS, PT
2016;203;2016203;HEAVY EQUIPMENT;ASRINDA ARTHASANGGA RE BROKERS, PT;ASURANSI BINAGRIYA UPAKARA, PT;0.5;1;1;0.005;0.35;0.325;0.01;0.01;0.01;01/01/2016;31/10/2016;2016HEAVY EQUIPMENT;2016HEAVY EQUIPMENTASRINDA ARTHASANGGA RE BROKERS, PT
2016;203;2016203;HEAVY EQUIPMENT;ASRINDA ARTHASANGGA RE BROKERS, PT;ARTHARE;0.5;1;1;0.0375;0.35;0.325;0.075;0.075;0.075;01/01/2016;31/10/2016;2016HEAVY EQUIPMENT;2016HEAVY EQUIPMENTASRINDA ARTHASANGGA RE BROKERS, PT
2016;203;2016203;HEAVY EQUIPMENT;ASRINDA ARTHASANGGA RE BROKERS, PT;MEGARE;0.5;1;1;0.0075;0.35;0.325;0.015;0.015;0.015;01/01/2016;31/10/2016;2016HEAVY EQUIPMENT;2016HEAVY EQUIPMENTASRINDA ARTHASANGGA RE BROKERS, PT
2016;203;2016203;HEAVY EQUIPMENT;ASRINDA ARTHASANGGA RE BROKERS, PT;REASURANSI NASIONAL INDONESIA, PT;0.5;1;1;0.25;0.35;0.325;0.5;0.5;0.5;01/01/2016;31/10/2016;2016HEAVY EQUIPMENT;2016HEAVY EQUIPMENTASRINDA ARTHASANGGA RE BROKERS, PT
2016;KUC;2016KUC;COMMERCIAL CREDIT;JASA CIPTA REMBAKA;REASURANSI INTERNATIONAL INDONESIA, PT;0.2;0.5;;0.03;0.3;0;0.15;0;0.3;01/01/2016;31/10/2016;2016COMMERCIAL CREDIT;2016COMMERCIAL CREDITJASA CIPTA REMBAKA
2016;KUC;2016KUC;COMMERCIAL CREDIT;JASA CIPTA REMBAKA;TUGU REASURANSI, PT;0.2;0.5;;0.025;0.3;0;0.125;0;0.25;01/01/2016;31/10/2016;2016COMMERCIAL CREDIT;2016COMMERCIAL CREDITJASA CIPTA REMBAKA
2016;KUC;2016KUC;COMMERCIAL CREDIT;JASA CIPTA REMBAKA;MASKAPAI REASURANSI INDONESIA, PT;0.2;0.5;;0.01;0.3;0;0.05;0;0.1;01/01/2016;31/10/2016;2016COMMERCIAL CREDIT;2016COMMERCIAL CREDITJASA CIPTA REMBAKA
2016;KUC;2016KUC;COMMERCIAL CREDIT;JASA CIPTA REMBAKA;ASURANSI JASA INDONESIA, PT;0.2;0.5;;0.015;0.3;0;0.075;0;0.15;01/01/2016;31/10/2016;2016COMMERCIAL CREDIT;2016COMMERCIAL CREDITJASA CIPTA REMBAKA
2016;KUC;2016KUC;COMMERCIAL CREDIT;JASA CIPTA REMBAKA;ASURANSI TUGU KRESNA PRATAMA, PT;0.2;0.5;;0.005;0.3;0;0.025;0;0.05;01/01/2016;31/10/2016;2016COMMERCIAL CREDIT;2016COMMERCIAL CREDITJASA CIPTA REMBAKA
2016;KUC;2016KUC;COMMERCIAL CREDIT;JASA CIPTA REMBAKA;ASURANSI BHAKTI BHAYANGKARA;0.2;0.5;;0.01;0.3;0;0.05;0;0.1;01/01/2016;31/10/2016;2016COMMERCIAL CREDIT;2016COMMERCIAL CREDITJASA CIPTA REMBAKA
2016;KUC;2016KUC;COMMERCIAL CREDIT;JASA CIPTA REMBAKA;ASURANSI TRIPAKARTA, PT;0.2;0.5;;0.005;0.3;0;0.025;0;0.05;01/01/2016;31/10/2016;2016COMMERCIAL CREDIT;2016COMMERCIAL CREDITJASA CIPTA REMBAKA
2016;KUC;2016KUC;COMMERCIAL CREDIT;REASURANSI NASIONAL INDONESIA, PT;REASURANSI NASIONAL INDONESIA, PT;0.2;0.5;;0.1;0.3;0;0.5;0;1;01/01/2016;31/10/2016;2016COMMERCIAL CREDIT;2016COMMERCIAL CREDITREASURANSI NASIONAL INDONESIA, PT
2016;KUS;2016KUS;CONSUMPTIVE CREDIT;ASRINDA ARTHASANGGA RE BROKERS, PT;TUGU REASURANSI, PT;0.3;0.55;;0.02;0.3;0;0.066666667;0;0.121212121;01/01/2016;31/10/2016;2016CONSUMPTIVE CREDIT;2016CONSUMPTIVE CREDITASRINDA ARTHASANGGA RE BROKERS, PT
2016;KUS;2016KUS;CONSUMPTIVE CREDIT;ASRINDA ARTHASANGGA RE BROKERS, PT;MASKAPAI REASURANSI INDONESIA, PT;0.3;0.55;;0.025;0.3;0;0.083333333;0;0.151515152;01/01/2016;31/10/2016;2016CONSUMPTIVE CREDIT;2016CONSUMPTIVE CREDITASRINDA ARTHASANGGA RE BROKERS, PT
2016;KUS;2016KUS;CONSUMPTIVE CREDIT;ASRINDA ARTHASANGGA RE BROKERS, PT;REASURANSI INDONESIA UTAMA, PT;0.3;0.55;;0.06;0.3;0;0.2;0;0.363636364;01/01/2016;31/10/2016;2016CONSUMPTIVE CREDIT;2016CONSUMPTIVE CREDITASRINDA ARTHASANGGA RE BROKERS, PT
2016;KUS;2016KUS;CONSUMPTIVE CREDIT;ASRINDA ARTHASANGGA RE BROKERS, PT;ASURANSI JASA INDONESIA, PT;0.3;0.55;;0.01;0.3;0;0.033333333;0;0.060606061;01/01/2016;31/10/2016;2016CONSUMPTIVE CREDIT;2016CONSUMPTIVE CREDITASRINDA ARTHASANGGA RE BROKERS, PT
2016;KUS;2016KUS;CONSUMPTIVE CREDIT;ASRINDA ARTHASANGGA RE BROKERS, PT;ASURANSI BHAKTI BHAYANGKARA;0.3;0.55;;0.01;0.3;0;0.033333333;0;0.060606061;01/01/2016;31/10/2016;2016CONSUMPTIVE CREDIT;2016CONSUMPTIVE CREDITASRINDA ARTHASANGGA RE BROKERS, PT
2016;KUS;2016KUS;CONSUMPTIVE CREDIT;ASRINDA ARTHASANGGA RE BROKERS, PT;ASURANSI JASA TANIA, PT;0.3;0.55;;0.015;0.3;0;0.05;0;0.090909091;01/01/2016;31/10/2016;2016CONSUMPTIVE CREDIT;2016CONSUMPTIVE CREDITASRINDA ARTHASANGGA RE BROKERS, PT
2016;KUS;2016KUS;CONSUMPTIVE CREDIT;ASRINDA ARTHASANGGA RE BROKERS, PT;MEGARE;0.3;0.55;;0.015;0.3;0;0.05;0;0.090909091;01/01/2016;31/10/2016;2016CONSUMPTIVE CREDIT;2016CONSUMPTIVE CREDITASRINDA ARTHASANGGA RE BROKERS, PT
2016;KUS;2016KUS;CONSUMPTIVE CREDIT;ASRINDA ARTHASANGGA RE BROKERS, PT;ASURANSI JASARAHARJA PUTERA;0.3;0.55;;0.01;0.3;0;0.033333333;0;0.060606061;01/01/2016;31/10/2016;2016CONSUMPTIVE CREDIT;2016CONSUMPTIVE CREDITASRINDA ARTHASANGGA RE BROKERS, PT
2016;KUS;2016KUS;CONSUMPTIVE CREDIT;REASURANSI NASIONAL INDONESIA, PT;REASURANSI NASIONAL INDONESIA, PT;0.3;0.45;;0.135;0.3;0;0.45;0;1;01/01/2016;31/10/2016;2016CONSUMPTIVE CREDIT;2016CONSUMPTIVE CREDITREASURANSI NASIONAL INDONESIA, PT
2016;KBG;2016KBG;COUNTER BANK GUARANTEE;ASRINDA ARTHASANGGA RE BROKERS, PT;MASKAPAI REASURANSI INDONESIA, PT;0.3;0.583333333;;0.0225;0.35;0;0.075;0;0.128571429;01/01/2016;31/10/2016;2016COUNTER BANK GUARANTEE;2016COUNTER BANK GUARANTEEASRINDA ARTHASANGGA RE BROKERS, PT
2016;KBG;2016KBG;COUNTER BANK GUARANTEE;ASRINDA ARTHASANGGA RE BROKERS, PT;REASURANSI INDONESIA UTAMA, PT;0.3;0.583333333;;0.04;0.35;0;0.133333333;0;0.228571429;01/01/2016;31/10/2016;2016COUNTER BANK GUARANTEE;2016COUNTER BANK GUARANTEEASRINDA ARTHASANGGA RE BROKERS, PT
2016;KBG;2016KBG;COUNTER BANK GUARANTEE;ASRINDA ARTHASANGGA RE BROKERS, PT;APLN;0.3;0.583333333;;0.01;0.35;0;0.033333333;0;0.057142857;01/01/2016;31/10/2016;2016COUNTER BANK GUARANTEE;2016COUNTER BANK GUARANTEEASRINDA ARTHASANGGA RE BROKERS, PT
2016;KBG;2016KBG;COUNTER BANK GUARANTEE;ASRINDA ARTHASANGGA RE BROKERS, PT;ASURANSI JASA INDONESIA, PT;0.3;0.583333333;;0.0325;0.35;0;0.108333333;0;0.185714286;01/01/2016;31/10/2016;2016COUNTER BANK GUARANTEE;2016COUNTER BANK GUARANTEEASRINDA ARTHASANGGA RE BROKERS, PT
2016;KBG;2016KBG;COUNTER BANK GUARANTEE;ASRINDA ARTHASANGGA RE BROKERS, PT;ASURANSI BHAKTI BHAYANGKARA;0.3;0.583333333;;0.01;0.35;0;0.033333333;0;0.057142857;01/01/2016;31/10/2016;2016COUNTER BANK GUARANTEE;2016COUNTER BANK GUARANTEEASRINDA ARTHASANGGA RE BROKERS, PT
2016;KBG;2016KBG;COUNTER BANK GUARANTEE;ASRINDA ARTHASANGGA RE BROKERS, PT;ASURANSI JASA TANIA, PT;0.3;0.583333333;;0.01;0.35;0;0.033333333;0;0.057142857;01/01/2016;31/10/2016;2016COUNTER BANK GUARANTEE;2016COUNTER BANK GUARANTEEASRINDA ARTHASANGGA RE BROKERS, PT
2016;KBG;2016KBG;COUNTER BANK GUARANTEE;ASRINDA ARTHASANGGA RE BROKERS, PT;ASURANSI ASEI INDONESIA, PT;0.3;0.583333333;;0.01;0.35;0;0.033333333;0;0.057142857;01/01/2016;31/10/2016;2016COUNTER BANK GUARANTEE;2016COUNTER BANK GUARANTEEASRINDA ARTHASANGGA RE BROKERS, PT
2016;KBG;2016KBG;COUNTER BANK GUARANTEE;ASRINDA ARTHASANGGA RE BROKERS, PT;ASURANSI SINAR MAS, PT;0.3;0.583333333;;0.01;0.35;0;0.033333333;0;0.057142857;01/01/2016;31/10/2016;2016COUNTER BANK GUARANTEE;2016COUNTER BANK GUARANTEEASRINDA ARTHASANGGA RE BROKERS, PT
2016;KBG;2016KBG;COUNTER BANK GUARANTEE;ASRINDA ARTHASANGGA RE BROKERS, PT;ASURANSI RAMAYANA, PT;0.3;0.583333333;;0.005;0.35;0;0.016666667;0;0.028571429;01/01/2016;31/10/2016;2016COUNTER BANK GUARANTEE;2016COUNTER BANK GUARANTEEASRINDA ARTHASANGGA RE BROKERS, PT
2016;KBG;2016KBG;COUNTER BANK GUARANTEE;ASRINDA ARTHASANGGA RE BROKERS, PT;ASURANSI BUANA INDEPENDENT, PT;0.3;0.583333333;;0.005;0.35;0;0.016666667;0;0.028571429;01/01/2016;31/10/2016;2016COUNTER BANK GUARANTEE;2016COUNTER BANK GUARANTEEASRINDA ARTHASANGGA RE BROKERS, PT
2016;KBG;2016KBG;COUNTER BANK GUARANTEE;ASRINDA ARTHASANGGA RE BROKERS, PT;ASURANSI BANGUN ASKRIDA, PT;0.3;0.583333333;;0.015;0.35;0;0.05;0;0.085714286;01/01/2016;31/10/2016;2016COUNTER BANK GUARANTEE;2016COUNTER BANK GUARANTEEASRINDA ARTHASANGGA RE BROKERS, PT
2016;KBG;2016KBG;COUNTER BANK GUARANTEE;ASRINDA ARTHASANGGA RE BROKERS, PT;BRINGIN SEJAHTERA ARTAMAKMUR, PT;0.3;0.583333333;;0.005;0.35;0;0.016666667;0;0.028571429;01/01/2016;31/10/2016;2016COUNTER BANK GUARANTEE;2016COUNTER BANK GUARANTEEASRINDA ARTHASANGGA RE BROKERS, PT
2016;KBG;2016KBG;COUNTER BANK GUARANTEE;REASURANSI NASIONAL INDONESIA, PT;REASURANSI NASIONAL INDONESIA, PT;0.3;0.416666667;;0.125;0.35;0;0.416666667;0;1;01/01/2016;31/10/2016;2016COUNTER BANK GUARANTEE;2016COUNTER BANK GUARANTEEREASURANSI NASIONAL INDONESIA, PT
2016;KUK;2016KUK;SMALL CREDIT;ASRINDA ARTHASANGGA RE BROKERS, PT;REASURANSI INDONESIA UTAMA, PT;0.3;0.166666667;;0.05;0.25;0;0.166666667;0;1;01/01/2016;31/10/2016;2016SMALL CREDIT;2016SMALL CREDITASRINDA ARTHASANGGA RE BROKERS, PT
2016;KUK;2016KUK;SMALL CREDIT;ASURANSI ASEI INDONESIA, PT;ASURANSI ASEI INDONESIA, PT;0.3;0.05;;0.015;0.25;0;0.05;0;1;01/01/2016;31/10/2016;2016SMALL CREDIT;2016SMALL CREDITASURANSI ASEI INDONESIA, PT
2016;KUK;2016KUK;SMALL CREDIT;ASURANSI JASA INDONESIA, PT;ASURANSI JASA INDONESIA, PT;0.3;0.05;;0.015;0.25;0;0.05;0;1;01/01/2016;31/10/2016;2016SMALL CREDIT;2016SMALL CREDITASURANSI JASA INDONESIA, PT
2016;KUK;2016KUK;SMALL CREDIT;REASURANSI NASIONAL INDONESIA, PT;REASURANSI NASIONAL INDONESIA, PT;0.3;0.733333333;;0.22;0.25;0;0.733333333;0;1;01/01/2016;31/10/2016;2016SMALL CREDIT;2016SMALL CREDITREASURANSI NASIONAL INDONESIA, PT
2016;10;201610;LIABILITY;ASRINDA ARTHASANGGA RE BROKERS, PT;REASURANSI NASIONAL INDONESIA, PT;0.5;1;1;0.25;0.35;0.325;0.5;0.5;0.5;01/01/2016;31/10/2016;2016LIABILITY;2016LIABILITYASRINDA ARTHASANGGA RE BROKERS, PT
2016;10;201610;LIABILITY;ASRINDA ARTHASANGGA RE BROKERS, PT;REASURANSI INDONESIA UTAMA, PT;0.5;1;1;0.2125;0.35;0.325;0.425;0.425;0.425;01/01/2016;31/10/2016;2016LIABILITY;2016LIABILITYASRINDA ARTHASANGGA RE BROKERS, PT
2016;10;201610;LIABILITY;ASRINDA ARTHASANGGA RE BROKERS, PT;ASURANSI JASA INDONESIA, PT;0.5;1;1;0.025;0.35;0.325;0.05;0.05;0.05;01/01/2016;31/10/2016;2016LIABILITY;2016LIABILITYASRINDA ARTHASANGGA RE BROKERS, PT
2016;10;201610;LIABILITY;ASRINDA ARTHASANGGA RE BROKERS, PT;ASURANSI BINAGRIYA UPAKARA, PT;0.5;1;1;0.005;0.35;0.325;0.01;0.01;0.01;01/01/2016;31/10/2016;2016LIABILITY;2016LIABILITYASRINDA ARTHASANGGA RE BROKERS, PT
2016;10;201610;LIABILITY;ASRINDA ARTHASANGGA RE BROKERS, PT;MEGARE;0.5;1;1;0.0075;0.35;0.325;0.015;0.015;0.015;01/01/2016;31/10/2016;2016LIABILITY;2016LIABILITYASRINDA ARTHASANGGA RE BROKERS, PT
2016;3;20163;MARINE CARGO;ASRINDA ARTHASANGGA RE BROKERS, PT;REASURANSI NASIONAL INDONESIA, PT;0.5;1;1;0.25;0.35;0.325;0.5;0.5;0.5;01/01/2016;31/10/2016;2016MARINE CARGO;2016MARINE CARGOASRINDA ARTHASANGGA RE BROKERS, PT
2016;3;20163;MARINE CARGO;ASRINDA ARTHASANGGA RE BROKERS, PT;REASURANSI INDONESIA UTAMA, PT;0.5;1;1;0.2125;0.35;0.325;0.425;0.425;0.425;01/01/2016;31/10/2016;2016MARINE CARGO;2016MARINE CARGOASRINDA ARTHASANGGA RE BROKERS, PT
2016;3;20163;MARINE CARGO;ASRINDA ARTHASANGGA RE BROKERS, PT;ASURANSI JASA INDONESIA, PT;0.5;1;1;0.025;0.35;0.325;0.05;0.05;0.05;01/01/2016;31/10/2016;2016MARINE CARGO;2016MARINE CARGOASRINDA ARTHASANGGA RE BROKERS, PT
2016;3;20163;MARINE CARGO;ASRINDA ARTHASANGGA RE BROKERS, PT;ASURANSI BINAGRIYA UPAKARA, PT;0.5;1;1;0.005;0.35;0.325;0.01;0.01;0.01;01/01/2016;31/10/2016;2016MARINE CARGO;2016MARINE CARGOASRINDA ARTHASANGGA RE BROKERS, PT
2016;3;20163;MARINE CARGO;ASRINDA ARTHASANGGA RE BROKERS, PT;MEGARE;0.5;1;1;0.0075;0.35;0.325;0.015;0.015;0.015;01/01/2016;31/10/2016;2016MARINE CARGO;2016MARINE CARGOASRINDA ARTHASANGGA RE BROKERS, PT
2016;4;20164;MARINE HULL;ASRINDA ARTHASANGGA RE BROKERS, PT;REASURANSI NASIONAL INDONESIA, PT;0.4;1;1;0.2;0.35;0.325;0.5;0.5;0.5;01/01/2016;31/10/2016;2016MARINE HULL;2016MARINE HULLASRINDA ARTHASANGGA RE BROKERS, PT
2016;4;20164;MARINE HULL;ASRINDA ARTHASANGGA RE BROKERS, PT;ASIA CAPITAL REINSURANCE PTE.LTD.;0.4;1;1;0.1;0.35;0.325;0.25;0.25;0.25;01/01/2016;31/10/2016;2016MARINE HULL;2016MARINE HULLASRINDA ARTHASANGGA RE BROKERS, PT
2016;4;20164;MARINE HULL;ASRINDA ARTHASANGGA RE BROKERS, PT;TRINITY RE;0.4;1;1;0.1;0.35;0.325;0.25;0.25;0.25;01/01/2016;31/10/2016;2016MARINE HULL;2016MARINE HULLASRINDA ARTHASANGGA RE BROKERS, PT
2016;2;20162;MOTOR VEHICLE;ASRINDA ARTHASANGGA RE BROKERS, PT;REASURANSI NASIONAL INDONESIA, PT;0.55;1;1;0.275;0.325;0.325;0.5;0.5;0.5;01/01/2016;31/10/2016;2016MOTOR VEHICLE;2016MOTOR VEHICLEASRINDA ARTHASANGGA RE BROKERS, PT
2016;2;20162;MOTOR VEHICLE;ASRINDA ARTHASANGGA RE BROKERS, PT;REASURANSI INDONESIA UTAMA, PT;0.55;1;1;0.23375;0.325;0.325;0.425;0.425;0.425;01/01/2016;31/10/2016;2016MOTOR VEHICLE;2016MOTOR VEHICLEASRINDA ARTHASANGGA RE BROKERS, PT
2016;2;20162;MOTOR VEHICLE;ASRINDA ARTHASANGGA RE BROKERS, PT;ASURANSI JASA INDONESIA, PT;0.55;1;1;0.0275;0.325;0.325;0.05;0.05;0.05;01/01/2016;31/10/2016;2016MOTOR VEHICLE;2016MOTOR VEHICLEASRINDA ARTHASANGGA RE BROKERS, PT
2016;2;20162;MOTOR VEHICLE;ASRINDA ARTHASANGGA RE BROKERS, PT;ASURANSI BINAGRIYA UPAKARA, PT;0.55;1;1;0.0055;0.325;0.325;0.01;0.01;0.01;01/01/2016;31/10/2016;2016MOTOR VEHICLE;2016MOTOR VEHICLEASRINDA ARTHASANGGA RE BROKERS, PT
2016;2;20162;MOTOR VEHICLE;ASRINDA ARTHASANGGA RE BROKERS, PT;MEGARE;0.55;1;1;0.00825;0.325;0.325;0.015;0.015;0.015;01/01/2016;31/10/2016;2016MOTOR VEHICLE;2016MOTOR VEHICLEASRINDA ARTHASANGGA RE BROKERS, PT
2016;11;201611;PERSONAL ACCIDENT;ASRINDA ARTHASANGGA RE BROKERS, PT;REASURANSI NASIONAL INDONESIA, PT;0.5;1;1;0.25;0.35;0.325;0.5;0.5;0.5;01/01/2016;31/10/2016;2016PERSONAL ACCIDENT;2016PERSONAL ACCIDENTASRINDA ARTHASANGGA RE BROKERS, PT
2016;11;201611;PERSONAL ACCIDENT;ASRINDA ARTHASANGGA RE BROKERS, PT;REASURANSI INDONESIA UTAMA, PT;0.5;1;1;0.2125;0.35;0.325;0.425;0.425;0.425;01/01/2016;31/10/2016;2016PERSONAL ACCIDENT;2016PERSONAL ACCIDENTASRINDA ARTHASANGGA RE BROKERS, PT
2016;11;201611;PERSONAL ACCIDENT;ASRINDA ARTHASANGGA RE BROKERS, PT;ASURANSI JASA INDONESIA, PT;0.5;1;1;0.025;0.35;0.325;0.05;0.05;0.05;01/01/2016;31/10/2016;2016PERSONAL ACCIDENT;2016PERSONAL ACCIDENTASRINDA ARTHASANGGA RE BROKERS, PT
2016;11;201611;PERSONAL ACCIDENT;ASRINDA ARTHASANGGA RE BROKERS, PT;ASURANSI BINAGRIYA UPAKARA, PT;0.5;1;1;0.005;0.35;0.325;0.01;0.01;0.01;01/01/2016;31/10/2016;2016PERSONAL ACCIDENT;2016PERSONAL ACCIDENTASRINDA ARTHASANGGA RE BROKERS, PT
2016;11;201611;PERSONAL ACCIDENT;ASRINDA ARTHASANGGA RE BROKERS, PT;MEGARE;0.5;1;1;0.0075;0.35;0.325;0.015;0.015;0.015;01/01/2016;31/10/2016;2016PERSONAL ACCIDENT;2016PERSONAL ACCIDENTASRINDA ARTHASANGGA RE BROKERS, PT
2016;SB;2016SB;Surety Bond;ASURANSI ASEI INDONESIA, PT;ASURANSI ASEI INDONESIA, PT;0.15;0.033333333;;0.005;0.35;0;0.033333333;0;1;01/01/2016;31/10/2016;2016Surety Bond;2016Surety BondASURANSI ASEI INDONESIA, PT
2016;SB;2016SB;Surety Bond;ASURANSI BHAKTI BHAYANGKARA;ASURANSI BHAKTI BHAYANGKARA;0.15;0.1;;0.015;0.35;0;0.1;0;1;01/01/2016;31/10/2016;2016Surety Bond;2016Surety BondASURANSI BHAKTI BHAYANGKARA
2016;SB;2016SB;Surety Bond;ASURANSI JASA INDONESIA, PT;ASURANSI JASA INDONESIA, PT;0.15;0.1;;0.015;0.35;0;0.1;0;1;01/01/2016;31/10/2016;2016Surety Bond;2016Surety BondASURANSI JASA INDONESIA, PT
2016;SB;2016SB;Surety Bond;ASURANSI JASARAHARJA PUTERA;ASURANSI JASARAHARJA PUTERA;0.15;0.033333333;;0.005;0.35;0;0.033333333;0;1;01/01/2016;31/10/2016;2016Surety Bond;2016Surety BondASURANSI JASARAHARJA PUTERA
2016;SB;2016SB;Surety Bond;ASURANSI RAMAYANA, PT;ASURANSI RAMAYANA, PT;0.15;0.033333333;;0.005;0.35;0;0.033333333;0;1;01/01/2016;31/10/2016;2016Surety Bond;2016Surety BondASURANSI RAMAYANA, PT
2016;SB;2016SB;Surety Bond;ASURANSI VIDEI;ASURANSI VIDEI;0.15;0.066666667;;0.01;0.35;0;0.066666667;0;1;01/01/2016;31/10/2016;2016Surety Bond;2016Surety BondASURANSI VIDEI
2016;SB;2016SB;Surety Bond;REASURANSI INTERNATIONAL INDONESIA, PT;REASURANSI INTERNATIONAL INDONESIA, PT;0.15;0.266666667;;0.04;0.35;0;0.266666667;0;1;01/01/2016;31/10/2016;2016Surety Bond;2016Surety BondREASURANSI INTERNATIONAL INDONESIA, PT
2016;SB;2016SB;Surety Bond;REASURANSI NASIONAL INDONESIA, PT;REASURANSI NASIONAL INDONESIA, PT;0.15;0.366666667;;0.055;0.35;0;0.366666667;0;1;01/01/2016;31/10/2016;2016Surety Bond;2016Surety BondREASURANSI NASIONAL INDONESIA, PT
2019;BRI;2019BRI;BRIGUNA;SIMAS REINSURANCE BROKER;REASURANSI NASIONAL INDONESIA, PT;0.6;1;;0.3;0.225;0;0.5;0;0.5;01/05/2019;31/12/2019;2019BRIGUNA;2019BRIGUNASIMAS REINSURANCE BROKER
2019;BRI;2019BRI;BRIGUNA;SIMAS REINSURANCE BROKER;TUGU REASURANSI, PT;0.6;1;;0.3;0.225;0;0.5;0;0.5;01/05/2019;31/12/2019;2019BRIGUNA;2019BRIGUNASIMAS REINSURANCE BROKER
2020;5;20205;AVIATION;ASRINDA ARTHASANGGA RE BROKERS, PT;REASURANSI NASIONAL INDONESIA, PT;0.5;0.6;;0.3;0.3;0;0.6;0;1;01/01/2020;31/12/2020;2020AVIATION;2020AVIATIONASRINDA ARTHASANGGA RE BROKERS, PT
2020;5;20205;AVIATION;GARUDA RE;TUGU REASURANSI, PT;0.5;0.4;;0.07;0.3;0;0.14;0;0.35;01/01/2020;31/12/2020;2020AVIATION;2020AVIATIONGARUDA RE
2020;5;20205;AVIATION;GARUDA RE;MASKAPAI REASURANSI INDONESIA, PT;0.5;0.4;;0.035;0.3;0;0.07;0;0.175;01/01/2020;31/12/2020;2020AVIATION;2020AVIATIONGARUDA RE
2020;5;20205;AVIATION;GARUDA RE;REASURANSI NUSANTARA MAKMUR, PT;0.5;0.4;;0.02;0.3;0;0.04;0;0.1;01/01/2020;31/12/2020;2020AVIATION;2020AVIATIONGARUDA RE
2020;5;20205;AVIATION;GARUDA RE;ASURANSI JASA INDONESIA, PT;0.5;0.4;;0.025;0.3;0;0.05;0;0.125;01/01/2020;31/12/2020;2020AVIATION;2020AVIATIONGARUDA RE
2020;5;20205;AVIATION;GARUDA RE;ASURANSI SINAR MAS, PT;0.5;0.4;;0.015;0.3;0;0.03;0;0.075;01/01/2020;31/12/2020;2020AVIATION;2020AVIATIONGARUDA RE
2020;5;20205;AVIATION;GARUDA RE;ASURANSI JASARAHARJA PUTERA;0.5;0.4;;0.005;0.3;0;0.01;0;0.025;01/01/2020;31/12/2020;2020AVIATION;2020AVIATIONGARUDA RE
2020;5;20205;AVIATION;GARUDA RE;ASURANSI BUMIPUTERA MUDA, PT;0.5;0.4;;0.005;0.3;0;0.01;0;0.025;01/01/2020;31/12/2020;2020AVIATION;2020AVIATIONGARUDA RE
2020;5;20205;AVIATION;GARUDA RE;ASURANSI BHAKTI BHAYANGKARA;0.5;0.4;;0.005;0.3;0;0.01;0;0.025;01/01/2020;31/12/2020;2020AVIATION;2020AVIATIONGARUDA RE
2020;5;20205;AVIATION;GARUDA RE;ASURANSI VIDEI;0.5;0.4;;0.01;0.3;0;0.02;0;0.05;01/01/2020;31/12/2020;2020AVIATION;2020AVIATIONGARUDA RE
2020;5;20205;AVIATION;GARUDA RE;ASURANSI BINAGRIYA UPAKARA, PT;0.5;0.4;;0.01;0.3;0;0.02;0;0.05;01/01/2020;31/12/2020;2020AVIATION;2020AVIATIONGARUDA RE
2020;5;20205;AVIATION LIABILITY;ASRINDA ARTHASANGGA RE BROKERS, PT;REASURANSI NASIONAL INDONESIA, PT;0.5;0.6;0.6;0.3;0.25;0.225;0.6;0.6;1;01/01/2020;31/12/2020;2020AVIATION LIABILITY;2020AVIATION LIABILITYASRINDA ARTHASANGGA RE BROKERS, PT
2020;5;20205;AVIATION LIABILITY;GARUDA RE;TUGU REASURANSI, PT;0.5;0.4;0.4;0.07;0.25;0.225;0.14;0.14;0.35;01/01/2020;31/12/2020;2020AVIATION LIABILITY;2020AVIATION LIABILITYGARUDA RE
2020;5;20205;AVIATION LIABILITY;GARUDA RE;MASKAPAI REASURANSI INDONESIA, PT;0.5;0.4;0.4;0.035;0.25;0.225;0.07;0.07;0.175;01/01/2020;31/12/2020;2020AVIATION LIABILITY;2020AVIATION LIABILITYGARUDA RE
2020;5;20205;AVIATION LIABILITY;GARUDA RE;REASURANSI NUSANTARA MAKMUR, PT;0.5;0.4;0.4;0.02;0.25;0.225;0.04;0.04;0.1;01/01/2020;31/12/2020;2020AVIATION LIABILITY;2020AVIATION LIABILITYGARUDA RE
2020;5;20205;AVIATION LIABILITY;GARUDA RE;ASURANSI JASA INDONESIA, PT;0.5;0.4;0.4;0.025;0.25;0.225;0.05;0.05;0.125;01/01/2020;31/12/2020;2020AVIATION LIABILITY;2020AVIATION LIABILITYGARUDA RE
2020;5;20205;AVIATION LIABILITY;GARUDA RE;ASURANSI SINAR MAS, PT;0.5;0.4;0.4;0.015;0.25;0.225;0.03;0.03;0.075;01/01/2020;31/12/2020;2020AVIATION LIABILITY;2020AVIATION LIABILITYGARUDA RE
2020;5;20205;AVIATION LIABILITY;GARUDA RE;ASURANSI JASARAHARJA PUTERA;0.5;0.4;0.4;0.005;0.25;0.225;0.01;0.01;0.025;01/01/2020;31/12/2020;2020AVIATION LIABILITY;2020AVIATION LIABILITYGARUDA RE
2020;5;20205;AVIATION LIABILITY;GARUDA RE;ASURANSI BUMIPUTERA MUDA, PT;0.5;0.4;0.4;0.005;0.25;0.225;0.01;0.01;0.025;01/01/2020;31/12/2020;2020AVIATION LIABILITY;2020AVIATION LIABILITYGARUDA RE
2020;5;20205;AVIATION LIABILITY;GARUDA RE;ASURANSI BHAKTI BHAYANGKARA;0.5;0.4;0.4;0.005;0.25;0.225;0.01;0.01;0.025;01/01/2020;31/12/2020;2020AVIATION LIABILITY;2020AVIATION LIABILITYGARUDA RE
2020;5;20205;AVIATION LIABILITY;GARUDA RE;ASURANSI VIDEI;0.5;0.4;0.4;0.01;0.25;0.225;0.02;0.02;0.05;01/01/2020;31/12/2020;2020AVIATION LIABILITY;2020AVIATION LIABILITYGARUDA RE
2020;5;20205;AVIATION LIABILITY;GARUDA RE;ASURANSI BINAGRIYA UPAKARA, PT;0.5;0.4;0.4;0.01;0.25;0.225;0.02;0.02;0.05;01/01/2020;31/12/2020;2020AVIATION LIABILITY;2020AVIATION LIABILITYGARUDA RE
2020;KUC;2020KUC;COMMERCIAL CREDIT;ASRINDA ARTHASANGGA RE BROKERS, PT;REASURANSI NASIONAL INDONESIA, PT;0.3;0.6;0.6;0.18;0.35;0.325;0.6;0.6;1;01/01/2020;31/12/2020;2020COMMERCIAL CREDIT;2020COMMERCIAL CREDITASRINDA ARTHASANGGA RE BROKERS, PT
2020;KUC;2020KUC;COMMERCIAL CREDIT;GARUDA RE;REASURANSI INDONESIA UTAMA, PT;0.3;0.4;0.4;0.015;0.35;0.325;0.05;0.05;0.125;01/01/2020;31/12/2020;2020COMMERCIAL CREDIT;2020COMMERCIAL CREDITGARUDA RE
2020;KUC;2020KUC;COMMERCIAL CREDIT;GARUDA RE;TUGU REASURANSI, PT;0.3;0.4;0.4;0.027;0.35;0.325;0.09;0.09;0.225;01/01/2020;31/12/2020;2020COMMERCIAL CREDIT;2020COMMERCIAL CREDITGARUDA RE
2020;KUC;2020KUC;COMMERCIAL CREDIT;GARUDA RE;MASKAPAI REASURANSI INDONESIA, PT;0.3;0.4;0.4;0.021;0.35;0.325;0.07;0.07;0.175;01/01/2020;31/12/2020;2020COMMERCIAL CREDIT;2020COMMERCIAL CREDITGARUDA RE
2020;KUC;2020KUC;COMMERCIAL CREDIT;GARUDA RE;REASURANSI NUSANTARA MAKMUR, PT;0.3;0.4;0.4;0.012;0.35;0.325;0.04;0.04;0.1;01/01/2020;31/12/2020;2020COMMERCIAL CREDIT;2020COMMERCIAL CREDITGARUDA RE
2020;KUC;2020KUC;COMMERCIAL CREDIT;GARUDA RE;ASURANSI JASA INDONESIA, PT;0.3;0.4;0.4;0.015;0.35;0.325;0.05;0.05;0.125;01/01/2020;31/12/2020;2020COMMERCIAL CREDIT;2020COMMERCIAL CREDITGARUDA RE
2020;KUC;2020KUC;COMMERCIAL CREDIT;GARUDA RE;ASURANSI SINAR MAS, PT;0.3;0.4;0.4;0.009;0.35;0.325;0.03;0.03;0.075;01/01/2020;31/12/2020;2020COMMERCIAL CREDIT;2020COMMERCIAL CREDITGARUDA RE
2020;KUC;2020KUC;COMMERCIAL CREDIT;GARUDA RE;ASURANSI JASARAHARJA PUTERA;0.3;0.4;0.4;0.006;0.35;0.325;0.02;0.02;0.05;01/01/2020;31/12/2020;2020COMMERCIAL CREDIT;2020COMMERCIAL CREDITGARUDA RE
2020;KUC;2020KUC;COMMERCIAL CREDIT;GARUDA RE;ASURANSI BHAKTI BHAYANGKARA;0.3;0.4;0.4;0.003;0.35;0.325;0.01;0.01;0.025;01/01/2020;31/12/2020;2020COMMERCIAL CREDIT;2020COMMERCIAL CREDITGARUDA RE
2020;KUC;2020KUC;COMMERCIAL CREDIT;GARUDA RE;ASURANSI VIDEI;0.3;0.4;0.4;0.006;0.35;0.325;0.02;0.02;0.05;01/01/2020;31/12/2020;2020COMMERCIAL CREDIT;2020COMMERCIAL CREDITGARUDA RE
2020;KUC;2020KUC;COMMERCIAL CREDIT;GARUDA RE;ASURANSI BINAGRIYA UPAKARA, PT;0.3;0.4;0.4;0.003;0.35;0.325;0.01;0.01;0.025;01/01/2020;31/12/2020;2020COMMERCIAL CREDIT;2020COMMERCIAL CREDITGARUDA RE
2020;KUC;2020KUC;COMMERCIAL CREDIT;GARUDA RE;ASURANSI BUANA INDEPENDENT, PT;0.3;0.4;0.4;0.003;0.35;0.325;0.01;0.01;0.025;01/01/2020;31/12/2020;2020COMMERCIAL CREDIT;2020COMMERCIAL CREDITGARUDA RE
2020;KUS;2020KUS;CONSUMPTIVE CREDIT;ASRINDA ARTHASANGGA RE BROKERS, PT;REASURANSI NASIONAL INDONESIA, PT;0.3;0.6;;0.18;0.35;0;0.6;0;1;01/01/2020;31/12/2020;2020CONSUMPTIVE CREDIT;2020CONSUMPTIVE CREDITASRINDA ARTHASANGGA RE BROKERS, PT
2020;KUS;2020KUS;CONSUMPTIVE CREDIT;GARUDA RE;REASURANSI INDONESIA UTAMA, PT;0.3;0.4;;0.015;0.35;0;0.05;0;0.125;01/01/2020;31/12/2020;2020CONSUMPTIVE CREDIT;2020CONSUMPTIVE CREDITGARUDA RE
2020;KUS;2020KUS;CONSUMPTIVE CREDIT;GARUDA RE;TUGU REASURANSI, PT;0.3;0.4;;0.027;0.35;0;0.09;0;0.225;01/01/2020;31/12/2020;2020CONSUMPTIVE CREDIT;2020CONSUMPTIVE CREDITGARUDA RE
2020;KUS;2020KUS;CONSUMPTIVE CREDIT;GARUDA RE;ASURANSI SINAR MAS, PT;0.3;0.4;;0.009;0.35;0;0.03;0;0.075;01/01/2020;31/12/2020;2020CONSUMPTIVE CREDIT;2020CONSUMPTIVE CREDITGARUDA RE
2020;KUS;2020KUS;CONSUMPTIVE CREDIT;GARUDA RE;ASURANSI JASARAHARJA PUTERA;0.3;0.4;;0.006;0.35;0;0.02;0;0.05;01/01/2020;31/12/2020;2020CONSUMPTIVE CREDIT;2020CONSUMPTIVE CREDITGARUDA RE
2020;KUS;2020KUS;CONSUMPTIVE CREDIT;GARUDA RE;ASURANSI BHAKTI BHAYANGKARA;0.3;0.4;;0.003;0.35;0;0.01;0;0.025;01/01/2020;31/12/2020;2020CONSUMPTIVE CREDIT;2020CONSUMPTIVE CREDITGARUDA RE
2020;KUS;2020KUS;CONSUMPTIVE CREDIT;GARUDA RE;ASURANSI VIDEI;0.3;0.4;;0.006;0.35;0;0.02;0;0.05;01/01/2020;31/12/2020;2020CONSUMPTIVE CREDIT;2020CONSUMPTIVE CREDITGARUDA RE
2020;KUS;2020KUS;CONSUMPTIVE CREDIT;GARUDA RE;ASURANSI BINAGRIYA UPAKARA, PT;0.3;0.4;;0.003;0.35;0;0.01;0;0.025;01/01/2020;31/12/2020;2020CONSUMPTIVE CREDIT;2020CONSUMPTIVE CREDITGARUDA RE
2020;KUS;2020KUS;CONSUMPTIVE CREDIT;GARUDA RE;ASURANSI BUANA INDEPENDENT, PT;0.3;0.4;;0.003;0.35;0;0.01;0;0.025;01/01/2020;31/12/2020;2020CONSUMPTIVE CREDIT;2020CONSUMPTIVE CREDITGARUDA RE
2020;KUS;2020KUS;CONSUMPTIVE CREDIT;GARUDA RE;MASKAPAI REASURANSI INDONESIA, PT;0.3;0.4;;0.021;0.35;0;0.07;0;0.175;01/01/2020;31/12/2020;2020CONSUMPTIVE CREDIT;2020CONSUMPTIVE CREDITGARUDA RE
2020;KUS;2020KUS;CONSUMPTIVE CREDIT;GARUDA RE;REASURANSI NUSANTARA MAKMUR, PT;0.3;0.4;;0.012;0.35;0;0.04;0;0.1;01/01/2020;31/12/2020;2020CONSUMPTIVE CREDIT;2020CONSUMPTIVE CREDITGARUDA RE
2020;KUS;2020KUS;CONSUMPTIVE CREDIT;GARUDA RE;ASURANSI JASA INDONESIA, PT;0.3;0.4;;0.015;0.35;0;0.05;0;0.125;01/01/2020;31/12/2020;2020CONSUMPTIVE CREDIT;2020CONSUMPTIVE CREDITGARUDA RE
2020;KBG;2020KBG;COUNTER BANK GUARANTEE;ASRINDA ARTHASANGGA RE BROKERS, PT;REASURANSI NASIONAL INDONESIA, PT;0.5;0.6;0.6;0.3;0.35;0.35;0.6;0.6;1;01/01/2020;31/12/2020;2020COUNTER BANK GUARANTEE;2020COUNTER BANK GUARANTEEASRINDA ARTHASANGGA RE BROKERS, PT
2020;KBG;2020KBG;COUNTER BANK GUARANTEE;GARUDA RE;ASURANSI BUANA INDEPENDENT, PT;0.5;0.4;0.4;0.005;0.35;0.35;0.01;0.01;0.025;01/01/2020;31/12/2020;2020COUNTER BANK GUARANTEE;2020COUNTER BANK GUARANTEEGARUDA RE
2020;KBG;2020KBG;COUNTER BANK GUARANTEE;GARUDA RE;REASURANSI INDONESIA UTAMA, PT;0.5;0.4;0.4;0.025;0.35;0.35;0.05;0.05;0.125;01/01/2020;31/12/2020;2020COUNTER BANK GUARANTEE;2020COUNTER BANK GUARANTEEGARUDA RE
2020;KBG;2020KBG;COUNTER BANK GUARANTEE;GARUDA RE;TUGU REASURANSI, PT;0.5;0.4;0.4;0.045;0.35;0.35;0.09;0.09;0.225;01/01/2020;31/12/2020;2020COUNTER BANK GUARANTEE;2020COUNTER BANK GUARANTEEGARUDA RE
2020;KBG;2020KBG;COUNTER BANK GUARANTEE;GARUDA RE;MASKAPAI REASURANSI INDONESIA, PT;0.5;0.4;0.4;0.035;0.35;0.35;0.07;0.07;0.175;01/01/2020;31/12/2020;2020COUNTER BANK GUARANTEE;2020COUNTER BANK GUARANTEEGARUDA RE
2020;KBG;2020KBG;COUNTER BANK GUARANTEE;GARUDA RE;REASURANSI NUSANTARA MAKMUR, PT;0.5;0.4;0.4;0.02;0.35;0.35;0.04;0.04;0.1;01/01/2020;31/12/2020;2020COUNTER BANK GUARANTEE;2020COUNTER BANK GUARANTEEGARUDA RE
2020;KBG;2020KBG;COUNTER BANK GUARANTEE;GARUDA RE;ASURANSI JASA INDONESIA, PT;0.5;0.4;0.4;0.025;0.35;0.35;0.05;0.05;0.125;01/01/2020;31/12/2020;2020COUNTER BANK GUARANTEE;2020COUNTER BANK GUARANTEEGARUDA RE
2020;KBG;2020KBG;COUNTER BANK GUARANTEE;GARUDA RE;ASURANSI SINAR MAS, PT;0.5;0.4;0.4;0.015;0.35;0.35;0.03;0.03;0.075;01/01/2020;31/12/2020;2020COUNTER BANK GUARANTEE;2020COUNTER BANK GUARANTEEGARUDA RE
2020;KBG;2020KBG;COUNTER BANK GUARANTEE;GARUDA RE;ASURANSI JASARAHARJA PUTERA;0.5;0.4;0.4;0.01;0.35;0.35;0.02;0.02;0.05;01/01/2020;31/12/2020;2020COUNTER BANK GUARANTEE;2020COUNTER BANK GUARANTEEGARUDA RE
2020;KBG;2020KBG;COUNTER BANK GUARANTEE;GARUDA RE;ASURANSI BHAKTI BHAYANGKARA;0.5;0.4;0.4;0.005;0.35;0.35;0.01;0.01;0.025;01/01/2020;31/12/2020;2020COUNTER BANK GUARANTEE;2020COUNTER BANK GUARANTEEGARUDA RE
2020;KBG;2020KBG;COUNTER BANK GUARANTEE;GARUDA RE;ASURANSI VIDEI;0.5;0.4;0.4;0.01;0.35;0.35;0.02;0.02;0.05;01/01/2020;31/12/2020;2020COUNTER BANK GUARANTEE;2020COUNTER BANK GUARANTEEGARUDA RE
2020;KBG;2020KBG;COUNTER BANK GUARANTEE;GARUDA RE;ASURANSI BINAGRIYA UPAKARA, PT;0.5;0.4;0.4;0.005;0.35;0.35;0.01;0.01;0.025;01/01/2020;31/12/2020;2020COUNTER BANK GUARANTEE;2020COUNTER BANK GUARANTEEGARUDA RE
2020;CB;2020CB;CUSTOMS BOND;ASRINDA ARTHASANGGA RE BROKERS, PT;REASURANSI NASIONAL INDONESIA, PT;0.3;0.6;0.6;0.18;0.35;0.35;0.6;0.6;1;01/01/2020;31/12/2020;2020CUSTOMS BOND;2020CUSTOMS BONDASRINDA ARTHASANGGA RE BROKERS, PT
2020;CB;2020CB;CUSTOMS BOND;GARUDA RE;REASURANSI INDONESIA UTAMA, PT;0.3;0.4;0.4;0.015;0.35;0.35;0.05;0.05;0.125;01/01/2020;31/12/2020;2020CUSTOMS BOND;2020CUSTOMS BONDGARUDA RE
2020;CB;2020CB;CUSTOMS BOND;GARUDA RE;TUGU REASURANSI, PT;0.3;0.4;0.4;0.027;0.35;0.35;0.09;0.09;0.225;01/01/2020;31/12/2020;2020CUSTOMS BOND;2020CUSTOMS BONDGARUDA RE
2020;CB;2020CB;CUSTOMS BOND;GARUDA RE;MASKAPAI REASURANSI INDONESIA, PT;0.3;0.4;0.4;0.021;0.35;0.35;0.07;0.07;0.175;01/01/2020;31/12/2020;2020CUSTOMS BOND;2020CUSTOMS BONDGARUDA RE
2020;CB;2020CB;CUSTOMS BOND;GARUDA RE;REASURANSI NUSANTARA MAKMUR, PT;0.3;0.4;0.4;0.012;0.35;0.35;0.04;0.04;0.1;01/01/2020;31/12/2020;2020CUSTOMS BOND;2020CUSTOMS BONDGARUDA RE
2020;CB;2020CB;CUSTOMS BOND;GARUDA RE;ASURANSI JASA INDONESIA, PT;0.3;0.4;0.4;0.015;0.35;0.35;0.05;0.05;0.125;01/01/2020;31/12/2020;2020CUSTOMS BOND;2020CUSTOMS BONDGARUDA RE
2020;CB;2020CB;CUSTOMS BOND;GARUDA RE;ASURANSI SINAR MAS, PT;0.3;0.4;0.4;0.009;0.35;0.35;0.03;0.03;0.075;01/01/2020;31/12/2020;2020CUSTOMS BOND;2020CUSTOMS BONDGARUDA RE
2020;CB;2020CB;CUSTOMS BOND;GARUDA RE;ASURANSI JASARAHARJA PUTERA;0.3;0.4;0.4;0.006;0.35;0.35;0.02;0.02;0.05;01/01/2020;31/12/2020;2020CUSTOMS BOND;2020CUSTOMS BONDGARUDA RE
2020;CB;2020CB;CUSTOMS BOND;GARUDA RE;ASURANSI BHAKTI BHAYANGKARA;0.3;0.4;0.4;0.003;0.35;0.35;0.01;0.01;0.025;01/01/2020;31/12/2020;2020CUSTOMS BOND;2020CUSTOMS BONDGARUDA RE
2020;CB;2020CB;CUSTOMS BOND;GARUDA RE;ASURANSI VIDEI;0.3;0.4;0.4;0.006;0.35;0.35;0.02;0.02;0.05;01/01/2020;31/12/2020;2020CUSTOMS BOND;2020CUSTOMS BONDGARUDA RE
2020;CB;2020CB;CUSTOMS BOND;GARUDA RE;ASURANSI BINAGRIYA UPAKARA, PT;0.3;0.4;0.4;0.003;0.35;0.35;0.01;0.01;0.025;01/01/2020;31/12/2020;2020CUSTOMS BOND;2020CUSTOMS BONDGARUDA RE
2020;CB;2020CB;CUSTOMS BOND;GARUDA RE;ASURANSI BUANA INDEPENDENT, PT;0.3;0.4;0.4;0.003;0.35;0.35;0.01;0.01;0.025;01/01/2020;31/12/2020;2020CUSTOMS BOND;2020CUSTOMS BONDGARUDA RE
2020;9;20209;ENGINEERING;ASRINDA ARTHASANGGA RE BROKERS, PT;REASURANSI NASIONAL INDONESIA, PT;0;0;0.6;0;0;0.3;0;0.6;0;01/01/2020;31/12/2020;2020ENGINEERING;2020ENGINEERINGASRINDA ARTHASANGGA RE BROKERS, PT
2020;9;20209;ENGINEERING;GARUDA RE;TUGU REASURANSI, PT;0;0;0.4;0;0;0.3;0;0.14;0;01/01/2020;31/12/2020;2020ENGINEERING;2020ENGINEERINGGARUDA RE
2020;9;20209;ENGINEERING;GARUDA RE;MASKAPAI REASURANSI INDONESIA, PT;0;0;0.4;0;0;0.3;0;0.07;0;01/01/2020;31/12/2020;2020ENGINEERING;2020ENGINEERINGGARUDA RE
2020;9;20209;ENGINEERING;GARUDA RE;REASURANSI NUSANTARA MAKMUR, PT;0;0;0.4;0;0;0.3;0;0.04;0;01/01/2020;31/12/2020;2020ENGINEERING;2020ENGINEERINGGARUDA RE
2020;9;20209;ENGINEERING;GARUDA RE;ASURANSI JASA INDONESIA, PT;0;0;0.4;0;0;0.3;0;0.05;0;01/01/2020;31/12/2020;2020ENGINEERING;2020ENGINEERINGGARUDA RE
2020;9;20209;ENGINEERING;GARUDA RE;ASURANSI SINAR MAS, PT;0;0;0.4;0;0;0.3;0;0.03;0;01/01/2020;31/12/2020;2020ENGINEERING;2020ENGINEERINGGARUDA RE
2020;9;20209;ENGINEERING;GARUDA RE;ASURANSI JASARAHARJA PUTERA;0;0;0.4;0;0;0.3;0;0.01;0;01/01/2020;31/12/2020;2020ENGINEERING;2020ENGINEERINGGARUDA RE
2020;9;20209;ENGINEERING;GARUDA RE;ASURANSI BUMIPUTERA MUDA, PT;0;0;0.4;0;0;0.3;0;0.01;0;01/01/2020;31/12/2020;2020ENGINEERING;2020ENGINEERINGGARUDA RE
2020;9;20209;ENGINEERING;GARUDA RE;ASURANSI BHAKTI BHAYANGKARA;0;0;0.4;0;0;0.3;0;0.01;0;01/01/2020;31/12/2020;2020ENGINEERING;2020ENGINEERINGGARUDA RE
2020;9;20209;ENGINEERING;GARUDA RE;ASURANSI VIDEI;0;0;0.4;0;0;0.3;0;0.02;0;01/01/2020;31/12/2020;2020ENGINEERING;2020ENGINEERINGGARUDA RE
2020;9;20209;ENGINEERING;GARUDA RE;ASURANSI BINAGRIYA UPAKARA, PT;0;0;0.4;0;0;0.3;0;0.02;0;01/01/2020;31/12/2020;2020ENGINEERING;2020ENGINEERINGGARUDA RE
2020;1;20201;FIRE;ASRINDA ARTHASANGGA RE BROKERS, PT;REASURANSI NASIONAL INDONESIA, PT;0;0;0.6;0;0;0.335;0;0.6;0;01/01/2020;31/12/2020;2020FIRE;2020FIREASRINDA ARTHASANGGA RE BROKERS, PT
2020;1;20201;FIRE;GARUDA RE;TUGU REASURANSI, PT;0;0;0.4;0;0;0.335;0;0.14;0;01/01/2020;31/12/2020;2020FIRE;2020FIREGARUDA RE
2020;1;20201;FIRE;GARUDA RE;MASKAPAI REASURANSI INDONESIA, PT;0;0;0.4;0;0;0.335;0;0.07;0;01/01/2020;31/12/2020;2020FIRE;2020FIREGARUDA RE
2020;1;20201;FIRE;GARUDA RE;REASURANSI NUSANTARA MAKMUR, PT;0;0;0.4;0;0;0.335;0;0.04;0;01/01/2020;31/12/2020;2020FIRE;2020FIREGARUDA RE
2020;1;20201;FIRE;GARUDA RE;ASURANSI JASA INDONESIA, PT;0;0;0.4;0;0;0.335;0;0.05;0;01/01/2020;31/12/2020;2020FIRE;2020FIREGARUDA RE
2020;1;20201;FIRE;GARUDA RE;ASURANSI SINAR MAS, PT;0;0;0.4;0;0;0.335;0;0.03;0;01/01/2020;31/12/2020;2020FIRE;2020FIREGARUDA RE
2020;1;20201;FIRE;GARUDA RE;ASURANSI JASARAHARJA PUTERA;0;0;0.4;0;0;0.335;0;0.01;0;01/01/2020;31/12/2020;2020FIRE;2020FIREGARUDA RE
2020;1;20201;FIRE;GARUDA RE;ASURANSI BUMIPUTERA MUDA, PT;0;0;0.4;0;0;0.335;0;0.01;0;01/01/2020;31/12/2020;2020FIRE;2020FIREGARUDA RE
2020;1;20201;FIRE;GARUDA RE;ASURANSI BHAKTI BHAYANGKARA;0;0;0.4;0;0;0.335;0;0.01;0;01/01/2020;31/12/2020;2020FIRE;2020FIREGARUDA RE
2020;1;20201;FIRE;GARUDA RE;ASURANSI VIDEI;0;0;0.4;0;0;0.335;0;0.02;0;01/01/2020;31/12/2020;2020FIRE;2020FIREGARUDA RE
2020;1;20201;FIRE;GARUDA RE;ASURANSI BINAGRIYA UPAKARA, PT;0;0;0.4;0;0;0.335;0;0.02;0;01/01/2020;31/12/2020;2020FIRE;2020FIREGARUDA RE
2020;15;202015;GENERAL ACCIDENT;ASRINDA ARTHASANGGA RE BROKERS, PT;REASURANSI NASIONAL INDONESIA, PT;0;0;0.6;0;0;0.3;0;0.6;0;01/01/2020;31/12/2020;2020GENERAL ACCIDENT;2020GENERAL ACCIDENTASRINDA ARTHASANGGA RE BROKERS, PT
2020;15;202015;GENERAL ACCIDENT;GARUDA RE;TUGU REASURANSI, PT;0;0;0.4;0;0;0.3;0;0.14;0;01/01/2020;31/12/2020;2020GENERAL ACCIDENT;2020GENERAL ACCIDENTGARUDA RE
2020;15;202015;GENERAL ACCIDENT;GARUDA RE;MASKAPAI REASURANSI INDONESIA, PT;0;0;0.4;0;0;0.3;0;0.07;0;01/01/2020;31/12/2020;2020GENERAL ACCIDENT;2020GENERAL ACCIDENTGARUDA RE
2020;15;202015;GENERAL ACCIDENT;GARUDA RE;REASURANSI NUSANTARA MAKMUR, PT;0;0;0.4;0;0;0.3;0;0.04;0;01/01/2020;31/12/2020;2020GENERAL ACCIDENT;2020GENERAL ACCIDENTGARUDA RE
2020;15;202015;GENERAL ACCIDENT;GARUDA RE;ASURANSI JASA INDONESIA, PT;0;0;0.4;0;0;0.3;0;0.05;0;01/01/2020;31/12/2020;2020GENERAL ACCIDENT;2020GENERAL ACCIDENTGARUDA RE
2020;15;202015;GENERAL ACCIDENT;GARUDA RE;ASURANSI SINAR MAS, PT;0;0;0.4;0;0;0.3;0;0.03;0;01/01/2020;31/12/2020;2020GENERAL ACCIDENT;2020GENERAL ACCIDENTGARUDA RE
2020;15;202015;GENERAL ACCIDENT;GARUDA RE;ASURANSI JASARAHARJA PUTERA;0;0;0.4;0;0;0.3;0;0.01;0;01/01/2020;31/12/2020;2020GENERAL ACCIDENT;2020GENERAL ACCIDENTGARUDA RE
2020;15;202015;GENERAL ACCIDENT;GARUDA RE;ASURANSI BUMIPUTERA MUDA, PT;0;0;0.4;0;0;0.3;0;0.01;0;01/01/2020;31/12/2020;2020GENERAL ACCIDENT;2020GENERAL ACCIDENTGARUDA RE
2020;15;202015;GENERAL ACCIDENT;GARUDA RE;ASURANSI BHAKTI BHAYANGKARA;0;0;0.4;0;0;0.3;0;0.01;0;01/01/2020;31/12/2020;2020GENERAL ACCIDENT;2020GENERAL ACCIDENTGARUDA RE
2020;15;202015;GENERAL ACCIDENT;GARUDA RE;ASURANSI VIDEI;0;0;0.4;0;0;0.3;0;0.02;0;01/01/2020;31/12/2020;2020GENERAL ACCIDENT;2020GENERAL ACCIDENTGARUDA RE
2020;15;202015;GENERAL ACCIDENT;GARUDA RE;ASURANSI BINAGRIYA UPAKARA, PT;0;0;0.4;0;0;0.3;0;0.02;0;01/01/2020;31/12/2020;2020GENERAL ACCIDENT;2020GENERAL ACCIDENTGARUDA RE
2020;203;2020203;HEAVY EQUIPMENT;ASRINDA ARTHASANGGA RE BROKERS, PT;REASURANSI NASIONAL INDONESIA, PT;0.3;0.6;;0.18;0.325;0;0.6;0;1;01/01/2020;31/12/2020;2020HEAVY EQUIPMENT;2020HEAVY EQUIPMENTASRINDA ARTHASANGGA RE BROKERS, PT
2020;203;2020203;HEAVY EQUIPMENT;GARUDA RE;TUGU REASURANSI, PT;0.3;0.4;;0.042;0.325;0;0.14;0;0.35;01/01/2020;31/12/2020;2020HEAVY EQUIPMENT;2020HEAVY EQUIPMENTGARUDA RE
2020;203;2020203;HEAVY EQUIPMENT;GARUDA RE;MASKAPAI REASURANSI INDONESIA, PT;0.3;0.4;;0.021;0.325;0;0.07;0;0.175;01/01/2020;31/12/2020;2020HEAVY EQUIPMENT;2020HEAVY EQUIPMENTGARUDA RE
2020;203;2020203;HEAVY EQUIPMENT;GARUDA RE;REASURANSI NUSANTARA MAKMUR, PT;0.3;0.4;;0.012;0.325;0;0.04;0;0.1;01/01/2020;31/12/2020;2020HEAVY EQUIPMENT;2020HEAVY EQUIPMENTGARUDA RE
2020;203;2020203;HEAVY EQUIPMENT;GARUDA RE;ASURANSI JASA INDONESIA, PT;0.3;0.4;;0.015;0.325;0;0.05;0;0.125;01/01/2020;31/12/2020;2020HEAVY EQUIPMENT;2020HEAVY EQUIPMENTGARUDA RE
2020;203;2020203;HEAVY EQUIPMENT;GARUDA RE;ASURANSI SINAR MAS, PT;0.3;0.4;;0.009;0.325;0;0.03;0;0.075;01/01/2020;31/12/2020;2020HEAVY EQUIPMENT;2020HEAVY EQUIPMENTGARUDA RE
2020;203;2020203;HEAVY EQUIPMENT;GARUDA RE;ASURANSI JASARAHARJA PUTERA;0.3;0.4;;0.003;0.325;0;0.01;0;0.025;01/01/2020;31/12/2020;2020HEAVY EQUIPMENT;2020HEAVY EQUIPMENTGARUDA RE
2020;203;2020203;HEAVY EQUIPMENT;GARUDA RE;ASURANSI BUMIPUTERA MUDA, PT;0.3;0.4;;0.003;0.325;0;0.01;0;0.025;01/01/2020;31/12/2020;2020HEAVY EQUIPMENT;2020HEAVY EQUIPMENTGARUDA RE
2020;203;2020203;HEAVY EQUIPMENT;GARUDA RE;ASURANSI BHAKTI BHAYANGKARA;0.3;0.4;;0.003;0.325;0;0.01;0;0.025;01/01/2020;31/12/2020;2020HEAVY EQUIPMENT;2020HEAVY EQUIPMENTGARUDA RE
2020;203;2020203;HEAVY EQUIPMENT;GARUDA RE;ASURANSI VIDEI;0.3;0.4;;0.006;0.325;0;0.02;0;0.05;01/01/2020;31/12/2020;2020HEAVY EQUIPMENT;2020HEAVY EQUIPMENTGARUDA RE
2020;203;2020203;HEAVY EQUIPMENT;GARUDA RE;ASURANSI BINAGRIYA UPAKARA, PT;0.3;0.4;;0.006;0.325;0;0.02;0;0.05;01/01/2020;31/12/2020;2020HEAVY EQUIPMENT;2020HEAVY EQUIPMENTGARUDA RE
2020;10;202010;LIABILITY (GA);ASRINDA ARTHASANGGA RE BROKERS, PT;REASURANSI NASIONAL INDONESIA, PT;0;0;0.6;0;0;0.3;0;0.6;0;01/01/2020;31/12/2020;2020LIABILITY (GA);2020LIABILITY (GA)ASRINDA ARTHASANGGA RE BROKERS, PT
2020;10;202010;LIABILITY (GA);GARUDA RE;TUGU REASURANSI, PT;0;0;0.4;0;0;0.3;0;0.14;0;01/01/2020;31/12/2020;2020LIABILITY (GA);2020LIABILITY (GA)GARUDA RE
2020;10;202010;LIABILITY (GA);GARUDA RE;MASKAPAI REASURANSI INDONESIA, PT;0;0;0.4;0;0;0.3;0;0.07;0;01/01/2020;31/12/2020;2020LIABILITY (GA);2020LIABILITY (GA)GARUDA RE
2020;10;202010;LIABILITY (GA);GARUDA RE;REASURANSI NUSANTARA MAKMUR, PT;0;0;0.4;0;0;0.3;0;0.04;0;01/01/2020;31/12/2020;2020LIABILITY (GA);2020LIABILITY (GA)GARUDA RE
2020;10;202010;LIABILITY (GA);GARUDA RE;ASURANSI JASA INDONESIA, PT;0;0;0.4;0;0;0.3;0;0.05;0;01/01/2020;31/12/2020;2020LIABILITY (GA);2020LIABILITY (GA)GARUDA RE
2020;10;202010;LIABILITY (GA);GARUDA RE;ASURANSI SINAR MAS, PT;0;0;0.4;0;0;0.3;0;0.03;0;01/01/2020;31/12/2020;2020LIABILITY (GA);2020LIABILITY (GA)GARUDA RE
2020;10;202010;LIABILITY (GA);GARUDA RE;ASURANSI JASARAHARJA PUTERA;0;0;0.4;0;0;0.3;0;0.01;0;01/01/2020;31/12/2020;2020LIABILITY (GA);2020LIABILITY (GA)GARUDA RE
2020;10;202010;LIABILITY (GA);GARUDA RE;ASURANSI BUMIPUTERA MUDA, PT;0;0;0.4;0;0;0.3;0;0.01;0;01/01/2020;31/12/2020;2020LIABILITY (GA);2020LIABILITY (GA)GARUDA RE
2020;10;202010;LIABILITY (GA);GARUDA RE;ASURANSI BHAKTI BHAYANGKARA;0;0;0.4;0;0;0.3;0;0.01;0;01/01/2020;31/12/2020;2020LIABILITY (GA);2020LIABILITY (GA)GARUDA RE
2020;10;202010;LIABILITY (GA);GARUDA RE;ASURANSI VIDEI;0;0;0.4;0;0;0.3;0;0.02;0;01/01/2020;31/12/2020;2020LIABILITY (GA);2020LIABILITY (GA)GARUDA RE
2020;10;202010;LIABILITY (GA);GARUDA RE;ASURANSI BINAGRIYA UPAKARA, PT;0;0;0.4;0;0;0.3;0;0.02;0;01/01/2020;31/12/2020;2020LIABILITY (GA);2020LIABILITY (GA)GARUDA RE
2020;3;20203;MARINE CARGO;ASRINDA ARTHASANGGA RE BROKERS, PT;REASURANSI NASIONAL INDONESIA, PT;0.25;0.6;0.6;0.15;0.33;0.3;0.6;0.6;1;01/01/2020;31/12/2020;2020MARINE CARGO;2020MARINE CARGOASRINDA ARTHASANGGA RE BROKERS, PT
2020;3;20203;MARINE CARGO;GARUDA RE;TUGU REASURANSI, PT;0.25;0.4;0.4;0.035;0.33;0.3;0.14;0.14;0.35;01/01/2020;31/12/2020;2020MARINE CARGO;2020MARINE CARGOGARUDA RE
2020;3;20203;MARINE CARGO;GARUDA RE;MASKAPAI REASURANSI INDONESIA, PT;0.25;0.4;0.4;0.0175;0.33;0.3;0.07;0.07;0.175;01/01/2020;31/12/2020;2020MARINE CARGO;2020MARINE CARGOGARUDA RE
2020;3;20203;MARINE CARGO;GARUDA RE;REASURANSI NUSANTARA MAKMUR, PT;0.25;0.4;0.4;0.01;0.33;0.3;0.04;0.04;0.1;01/01/2020;31/12/2020;2020MARINE CARGO;2020MARINE CARGOGARUDA RE
2020;3;20203;MARINE CARGO;GARUDA RE;ASURANSI JASA INDONESIA, PT;0.25;0.4;0.4;0.0125;0.33;0.3;0.05;0.05;0.125;01/01/2020;31/12/2020;2020MARINE CARGO;2020MARINE CARGOGARUDA RE
2020;3;20203;MARINE CARGO;GARUDA RE;ASURANSI SINAR MAS, PT;0.25;0.4;0.4;0.0075;0.33;0.3;0.03;0.03;0.075;01/01/2020;31/12/2020;2020MARINE CARGO;2020MARINE CARGOGARUDA RE
2020;3;20203;MARINE CARGO;GARUDA RE;ASURANSI JASARAHARJA PUTERA;0.25;0.4;0.4;0.0025;0.33;0.3;0.01;0.01;0.025;01/01/2020;31/12/2020;2020MARINE CARGO;2020MARINE CARGOGARUDA RE
2020;3;20203;MARINE CARGO;GARUDA RE;ASURANSI BUMIPUTERA MUDA, PT;0.25;0.4;0.4;0.0025;0.33;0.3;0.01;0.01;0.025;01/01/2020;31/12/2020;2020MARINE CARGO;2020MARINE CARGOGARUDA RE
2020;3;20203;MARINE CARGO;GARUDA RE;ASURANSI BHAKTI BHAYANGKARA;0.25;0.4;0.4;0.0025;0.33;0.3;0.01;0.01;0.025;01/01/2020;31/12/2020;2020MARINE CARGO;2020MARINE CARGOGARUDA RE
2020;3;20203;MARINE CARGO;GARUDA RE;ASURANSI VIDEI;0.25;0.4;0.4;0.005;0.33;0.3;0.02;0.02;0.05;01/01/2020;31/12/2020;2020MARINE CARGO;2020MARINE CARGOGARUDA RE
2020;3;20203;MARINE CARGO;GARUDA RE;ASURANSI BINAGRIYA UPAKARA, PT;0.25;0.4;0.4;0.005;0.33;0.3;0.02;0.02;0.05;01/01/2020;31/12/2020;2020MARINE CARGO;2020MARINE CARGOGARUDA RE
2020;4;20204;MARINE HULL;ASRINDA ARTHASANGGA RE BROKERS, PT;REASURANSI NASIONAL INDONESIA, PT;0.5;0.6;0.6;0.3;0.3;0.225;0.6;0.6;1;01/01/2020;31/12/2020;2020MARINE HULL;2020MARINE HULLASRINDA ARTHASANGGA RE BROKERS, PT
2020;4;20204;MARINE HULL;GARUDA RE;TUGU REASURANSI, PT;0.5;0.4;0.4;0.07;0.3;0.225;0.14;0.14;0.35;01/01/2020;31/12/2020;2020MARINE HULL;2020MARINE HULLGARUDA RE
2020;4;20204;MARINE HULL;GARUDA RE;MASKAPAI REASURANSI INDONESIA, PT;0.5;0.4;0.4;0.035;0.3;0.225;0.07;0.07;0.175;01/01/2020;31/12/2020;2020MARINE HULL;2020MARINE HULLGARUDA RE
2020;4;20204;MARINE HULL;GARUDA RE;REASURANSI NUSANTARA MAKMUR, PT;0.5;0.4;0.4;0.02;0.3;0.225;0.04;0.04;0.1;01/01/2020;31/12/2020;2020MARINE HULL;2020MARINE HULLGARUDA RE
2020;4;20204;MARINE HULL;GARUDA RE;ASURANSI JASA INDONESIA, PT;0.5;0.4;0.4;0.025;0.3;0.225;0.05;0.05;0.125;01/01/2020;31/12/2020;2020MARINE HULL;2020MARINE HULLGARUDA RE
2020;4;20204;MARINE HULL;GARUDA RE;ASURANSI SINAR MAS, PT;0.5;0.4;0.4;0.015;0.3;0.225;0.03;0.03;0.075;01/01/2020;31/12/2020;2020MARINE HULL;2020MARINE HULLGARUDA RE
2020;4;20204;MARINE HULL;GARUDA RE;ASURANSI JASARAHARJA PUTERA;0.5;0.4;0.4;0.005;0.3;0.225;0.01;0.01;0.025;01/01/2020;31/12/2020;2020MARINE HULL;2020MARINE HULLGARUDA RE
2020;4;20204;MARINE HULL;GARUDA RE;ASURANSI BUMIPUTERA MUDA, PT;0.5;0.4;0.4;0.005;0.3;0.225;0.01;0.01;0.025;01/01/2020;31/12/2020;2020MARINE HULL;2020MARINE HULLGARUDA RE
2020;4;20204;MARINE HULL;GARUDA RE;ASURANSI BHAKTI BHAYANGKARA;0.5;0.4;0.4;0.005;0.3;0.225;0.01;0.01;0.025;01/01/2020;31/12/2020;2020MARINE HULL;2020MARINE HULLGARUDA RE
2020;4;20204;MARINE HULL;GARUDA RE;ASURANSI VIDEI;0.5;0.4;0.4;0.01;0.3;0.225;0.02;0.02;0.05;01/01/2020;31/12/2020;2020MARINE HULL;2020MARINE HULLGARUDA RE
2020;4;20204;MARINE HULL;GARUDA RE;ASURANSI BINAGRIYA UPAKARA, PT;0.5;0.4;0.4;0.01;0.3;0.225;0.02;0.02;0.05;01/01/2020;31/12/2020;2020MARINE HULL;2020MARINE HULLGARUDA RE
2020;15X;202015X;MONEY INSURANCE;ASRINDA ARTHASANGGA RE BROKERS, PT;REASURANSI NASIONAL INDONESIA, PT;0;0;0.6;0;0;0.325;0;0.6;0;01/01/2020;31/12/2020;2020MONEY INSURANCE;2020MONEY INSURANCEASRINDA ARTHASANGGA RE BROKERS, PT
2020;15X;202015X;MONEY INSURANCE;GARUDA RE;TUGU REASURANSI, PT;0;0;0.4;0;0;0.325;0;0.14;0;01/01/2020;31/12/2020;2020MONEY INSURANCE;2020MONEY INSURANCEGARUDA RE
2020;15X;202015X;MONEY INSURANCE;GARUDA RE;MASKAPAI REASURANSI INDONESIA, PT;0;0;0.4;0;0;0.325;0;0.07;0;01/01/2020;31/12/2020;2020MONEY INSURANCE;2020MONEY INSURANCEGARUDA RE
2020;15X;202015X;MONEY INSURANCE;GARUDA RE;REASURANSI NUSANTARA MAKMUR, PT;0;0;0.4;0;0;0.325;0;0.04;0;01/01/2020;31/12/2020;2020MONEY INSURANCE;2020MONEY INSURANCEGARUDA RE
2020;15X;202015X;MONEY INSURANCE;GARUDA RE;ASURANSI JASA INDONESIA, PT;0;0;0.4;0;0;0.325;0;0.05;0;01/01/2020;31/12/2020;2020MONEY INSURANCE;2020MONEY INSURANCEGARUDA RE
2020;15X;202015X;MONEY INSURANCE;GARUDA RE;ASURANSI SINAR MAS, PT;0;0;0.4;0;0;0.325;0;0.03;0;01/01/2020;31/12/2020;2020MONEY INSURANCE;2020MONEY INSURANCEGARUDA RE
2020;15X;202015X;MONEY INSURANCE;GARUDA RE;ASURANSI JASARAHARJA PUTERA;0;0;0.4;0;0;0.325;0;0.01;0;01/01/2020;31/12/2020;2020MONEY INSURANCE;2020MONEY INSURANCEGARUDA RE
2020;15X;202015X;MONEY INSURANCE;GARUDA RE;ASURANSI BUMIPUTERA MUDA, PT;0;0;0.4;0;0;0.325;0;0.01;0;01/01/2020;31/12/2020;2020MONEY INSURANCE;2020MONEY INSURANCEGARUDA RE
2020;15X;202015X;MONEY INSURANCE;GARUDA RE;ASURANSI BHAKTI BHAYANGKARA;0;0;0.4;0;0;0.325;0;0.01;0;01/01/2020;31/12/2020;2020MONEY INSURANCE;2020MONEY INSURANCEGARUDA RE
2020;15X;202015X;MONEY INSURANCE;GARUDA RE;ASURANSI VIDEI;0;0;0.4;0;0;0.325;0;0.02;0;01/01/2020;31/12/2020;2020MONEY INSURANCE;2020MONEY INSURANCEGARUDA RE
2020;15X;202015X;MONEY INSURANCE;GARUDA RE;ASURANSI BINAGRIYA UPAKARA, PT;0;0;0.4;0;0;0.325;0;0.02;0;01/01/2020;31/12/2020;2020MONEY INSURANCE;2020MONEY INSURANCEGARUDA RE
2020;2;20202;MOTOR VEHICLE;ASRINDA ARTHASANGGA RE BROKERS, PT;REASURANSI NASIONAL INDONESIA, PT;0;0;0.6;0;0;0.325;0;0.6;0;01/01/2020;31/12/2020;2020MOTOR VEHICLE;2020MOTOR VEHICLEASRINDA ARTHASANGGA RE BROKERS, PT
2020;2;20202;MOTOR VEHICLE;GARUDA RE;TUGU REASURANSI, PT;0;0;0.4;0;0;0.325;0;0.14;0;01/01/2020;31/12/2020;2020MOTOR VEHICLE;2020MOTOR VEHICLEGARUDA RE
2020;2;20202;MOTOR VEHICLE;GARUDA RE;MASKAPAI REASURANSI INDONESIA, PT;0;0;0.4;0;0;0.325;0;0.07;0;01/01/2020;31/12/2020;2020MOTOR VEHICLE;2020MOTOR VEHICLEGARUDA RE
2020;2;20202;MOTOR VEHICLE;GARUDA RE;REASURANSI NUSANTARA MAKMUR, PT;0;0;0.4;0;0;0.325;0;0.04;0;01/01/2020;31/12/2020;2020MOTOR VEHICLE;2020MOTOR VEHICLEGARUDA RE
2020;2;20202;MOTOR VEHICLE;GARUDA RE;ASURANSI JASA INDONESIA, PT;0;0;0.4;0;0;0.325;0;0.05;0;01/01/2020;31/12/2020;2020MOTOR VEHICLE;2020MOTOR VEHICLEGARUDA RE
2020;2;20202;MOTOR VEHICLE;GARUDA RE;ASURANSI SINAR MAS, PT;0;0;0.4;0;0;0.325;0;0.03;0;01/01/2020;31/12/2020;2020MOTOR VEHICLE;2020MOTOR VEHICLEGARUDA RE
2020;2;20202;MOTOR VEHICLE;GARUDA RE;ASURANSI JASARAHARJA PUTERA;0;0;0.4;0;0;0.325;0;0.01;0;01/01/2020;31/12/2020;2020MOTOR VEHICLE;2020MOTOR VEHICLEGARUDA RE
2020;2;20202;MOTOR VEHICLE;GARUDA RE;ASURANSI BUMIPUTERA MUDA, PT;0;0;0.4;0;0;0.325;0;0.01;0;01/01/2020;31/12/2020;2020MOTOR VEHICLE;2020MOTOR VEHICLEGARUDA RE
2020;2;20202;MOTOR VEHICLE;GARUDA RE;ASURANSI BHAKTI BHAYANGKARA;0;0;0.4;0;0;0.325;0;0.01;0;01/01/2020;31/12/2020;2020MOTOR VEHICLE;2020MOTOR VEHICLEGARUDA RE
2020;2;20202;MOTOR VEHICLE;GARUDA RE;ASURANSI VIDEI;0;0;0.4;0;0;0.325;0;0.02;0;01/01/2020;31/12/2020;2020MOTOR VEHICLE;2020MOTOR VEHICLEGARUDA RE
2020;2;20202;MOTOR VEHICLE;GARUDA RE;ASURANSI BINAGRIYA UPAKARA, PT;0;0;0.4;0;0;0.325;0;0.02;0;01/01/2020;31/12/2020;2020MOTOR VEHICLE;2020MOTOR VEHICLEGARUDA RE
2020;0;20200;OIL & GAS;ASRINDA ARTHASANGGA RE BROKERS, PT;REASURANSI NASIONAL INDONESIA, PT;0.5;0.6;0.6;0.3;0.25;0.225;0.6;0.6;1;01/01/2020;31/12/2020;2020OIL & GAS;2020OIL & GASASRINDA ARTHASANGGA RE BROKERS, PT
2020;0;20200;OIL & GAS;GARUDA RE;TUGU REASURANSI, PT;0.5;0.4;0.4;0.07;0.25;0.225;0.14;0.14;0.35;01/01/2020;31/12/2020;2020OIL & GAS;2020OIL & GASGARUDA RE
2020;0;20200;OIL & GAS;GARUDA RE;MASKAPAI REASURANSI INDONESIA, PT;0.5;0.4;0.4;0.035;0.25;0.225;0.07;0.07;0.175;01/01/2020;31/12/2020;2020OIL & GAS;2020OIL & GASGARUDA RE
2020;0;20200;OIL & GAS;GARUDA RE;REASURANSI NUSANTARA MAKMUR, PT;0.5;0.4;0.4;0.02;0.25;0.225;0.04;0.04;0.1;01/01/2020;31/12/2020;2020OIL & GAS;2020OIL & GASGARUDA RE
2020;0;20200;OIL & GAS;GARUDA RE;ASURANSI JASA INDONESIA, PT;0.5;0.4;0.4;0.025;0.25;0.225;0.05;0.05;0.125;01/01/2020;31/12/2020;2020OIL & GAS;2020OIL & GASGARUDA RE
2020;0;20200;OIL & GAS;GARUDA RE;ASURANSI SINAR MAS, PT;0.5;0.4;0.4;0.015;0.25;0.225;0.03;0.03;0.075;01/01/2020;31/12/2020;2020OIL & GAS;2020OIL & GASGARUDA RE
2020;0;20200;OIL & GAS;GARUDA RE;ASURANSI JASARAHARJA PUTERA;0.5;0.4;0.4;0.005;0.25;0.225;0.01;0.01;0.025;01/01/2020;31/12/2020;2020OIL & GAS;2020OIL & GASGARUDA RE
2020;0;20200;OIL & GAS;GARUDA RE;ASURANSI BUMIPUTERA MUDA, PT;0.5;0.4;0.4;0.005;0.25;0.225;0.01;0.01;0.025;01/01/2020;31/12/2020;2020OIL & GAS;2020OIL & GASGARUDA RE
2020;0;20200;OIL & GAS;GARUDA RE;ASURANSI BHAKTI BHAYANGKARA;0.5;0.4;0.4;0.005;0.25;0.225;0.01;0.01;0.025;01/01/2020;31/12/2020;2020OIL & GAS;2020OIL & GASGARUDA RE
2020;0;20200;OIL & GAS;GARUDA RE;ASURANSI VIDEI;0.5;0.4;0.4;0.01;0.25;0.225;0.02;0.02;0.05;01/01/2020;31/12/2020;2020OIL & GAS;2020OIL & GASGARUDA RE
2020;0;20200;OIL & GAS;GARUDA RE;ASURANSI BINAGRIYA UPAKARA, PT;0.5;0.4;0.4;0.01;0.25;0.225;0.02;0.02;0.05;01/01/2020;31/12/2020;2020OIL & GAS;2020OIL & GASGARUDA RE
2020;11;202011;PERSONAL ACCIDENT (GA);ASRINDA ARTHASANGGA RE BROKERS, PT;REASURANSI NASIONAL INDONESIA, PT;0;0;0.6;0;0;0.3;0;0.6;0;01/01/2020;31/12/2020;2020PERSONAL ACCIDENT (GA);2020PERSONAL ACCIDENT (GA)ASRINDA ARTHASANGGA RE BROKERS, PT
2020;11;202011;PERSONAL ACCIDENT (GA);GARUDA RE;TUGU REASURANSI, PT;0;0;0.4;0;0;0.3;0;0.14;0;01/01/2020;31/12/2020;2020PERSONAL ACCIDENT (GA);2020PERSONAL ACCIDENT (GA)GARUDA RE
2020;11;202011;PERSONAL ACCIDENT (GA);GARUDA RE;MASKAPAI REASURANSI INDONESIA, PT;0;0;0.4;0;0;0.3;0;0.07;0;01/01/2020;31/12/2020;2020PERSONAL ACCIDENT (GA);2020PERSONAL ACCIDENT (GA)GARUDA RE
2020;11;202011;PERSONAL ACCIDENT (GA);GARUDA RE;REASURANSI NUSANTARA MAKMUR, PT;0;0;0.4;0;0;0.3;0;0.04;0;01/01/2020;31/12/2020;2020PERSONAL ACCIDENT (GA);2020PERSONAL ACCIDENT (GA)GARUDA RE
2020;11;202011;PERSONAL ACCIDENT (GA);GARUDA RE;ASURANSI JASA INDONESIA, PT;0;0;0.4;0;0;0.3;0;0.05;0;01/01/2020;31/12/2020;2020PERSONAL ACCIDENT (GA);2020PERSONAL ACCIDENT (GA)GARUDA RE
2020;11;202011;PERSONAL ACCIDENT (GA);GARUDA RE;ASURANSI SINAR MAS, PT;0;0;0.4;0;0;0.3;0;0.03;0;01/01/2020;31/12/2020;2020PERSONAL ACCIDENT (GA);2020PERSONAL ACCIDENT (GA)GARUDA RE
2020;11;202011;PERSONAL ACCIDENT (GA);GARUDA RE;ASURANSI JASARAHARJA PUTERA;0;0;0.4;0;0;0.3;0;0.01;0;01/01/2020;31/12/2020;2020PERSONAL ACCIDENT (GA);2020PERSONAL ACCIDENT (GA)GARUDA RE
2020;11;202011;PERSONAL ACCIDENT (GA);GARUDA RE;ASURANSI BUMIPUTERA MUDA, PT;0;0;0.4;0;0;0.3;0;0.01;0;01/01/2020;31/12/2020;2020PERSONAL ACCIDENT (GA);2020PERSONAL ACCIDENT (GA)GARUDA RE
2020;11;202011;PERSONAL ACCIDENT (GA);GARUDA RE;ASURANSI BHAKTI BHAYANGKARA;0;0;0.4;0;0;0.3;0;0.01;0;01/01/2020;31/12/2020;2020PERSONAL ACCIDENT (GA);2020PERSONAL ACCIDENT (GA)GARUDA RE
2020;11;202011;PERSONAL ACCIDENT (GA);GARUDA RE;ASURANSI VIDEI;0;0;0.4;0;0;0.3;0;0.02;0;01/01/2020;31/12/2020;2020PERSONAL ACCIDENT (GA);2020PERSONAL ACCIDENT (GA)GARUDA RE
2020;11;202011;PERSONAL ACCIDENT (GA);GARUDA RE;ASURANSI BINAGRIYA UPAKARA, PT;0;0;0.4;0;0;0.3;0;0.02;0;01/01/2020;31/12/2020;2020PERSONAL ACCIDENT (GA);2020PERSONAL ACCIDENT (GA)GARUDA RE
2020;KUK;2020KUK;PRODUCTIVE CREDIT;ASRINDA ARTHASANGGA RE BROKERS, PT;REASURANSI NASIONAL INDONESIA, PT;0.7;0.6;;0.42;0.325;0;0.6;0;1;01/01/2020;31/12/2020;2020PRODUCTIVE CREDIT;2020PRODUCTIVE CREDITASRINDA ARTHASANGGA RE BROKERS, PT
2020;KUK;2020KUK;PRODUCTIVE CREDIT;GARUDA RE;ASURANSI VIDEI;0.7;0.4;;0.014;0.325;0;0.02;0;0.05;01/01/2020;31/12/2020;2020PRODUCTIVE CREDIT;2020PRODUCTIVE CREDITGARUDA RE
2020;KUK;2020KUK;PRODUCTIVE CREDIT;GARUDA RE;ASURANSI BINAGRIYA UPAKARA, PT;0.7;0.4;;0.007;0.325;0;0.01;0;0.025;01/01/2020;31/12/2020;2020PRODUCTIVE CREDIT;2020PRODUCTIVE CREDITGARUDA RE
2020;KUK;2020KUK;PRODUCTIVE CREDIT;GARUDA RE;ASURANSI BUANA INDEPENDENT, PT;0.7;0.4;;0.007;0.325;0;0.01;0;0.025;01/01/2020;31/12/2020;2020PRODUCTIVE CREDIT;2020PRODUCTIVE CREDITGARUDA RE
2020;KUK;2020KUK;PRODUCTIVE CREDIT;GARUDA RE;REASURANSI INDONESIA UTAMA, PT;0.7;0.4;;0.035;0.325;0;0.05;0;0.125;01/01/2020;31/12/2020;2020PRODUCTIVE CREDIT;2020PRODUCTIVE CREDITGARUDA RE
2020;KUK;2020KUK;PRODUCTIVE CREDIT;GARUDA RE;TUGU REASURANSI, PT;0.7;0.4;;0.063;0.325;0;0.09;0;0.225;01/01/2020;31/12/2020;2020PRODUCTIVE CREDIT;2020PRODUCTIVE CREDITGARUDA RE
2020;KUK;2020KUK;PRODUCTIVE CREDIT;GARUDA RE;MASKAPAI REASURANSI INDONESIA, PT;0.7;0.4;;0.049;0.325;0;0.07;0;0.175;01/01/2020;31/12/2020;2020PRODUCTIVE CREDIT;2020PRODUCTIVE CREDITGARUDA RE
2020;KUK;2020KUK;PRODUCTIVE CREDIT;GARUDA RE;REASURANSI NUSANTARA MAKMUR, PT;0.7;0.4;;0.028;0.325;0;0.04;0;0.1;01/01/2020;31/12/2020;2020PRODUCTIVE CREDIT;2020PRODUCTIVE CREDITGARUDA RE
2020;KUK;2020KUK;PRODUCTIVE CREDIT;GARUDA RE;ASURANSI JASA INDONESIA, PT;0.7;0.4;;0.035;0.325;0;0.05;0;0.125;01/01/2020;31/12/2020;2020PRODUCTIVE CREDIT;2020PRODUCTIVE CREDITGARUDA RE
2020;KUK;2020KUK;PRODUCTIVE CREDIT;GARUDA RE;ASURANSI SINAR MAS, PT;0.7;0.4;;0.021;0.325;0;0.03;0;0.075;01/01/2020;31/12/2020;2020PRODUCTIVE CREDIT;2020PRODUCTIVE CREDITGARUDA RE
2020;KUK;2020KUK;PRODUCTIVE CREDIT;GARUDA RE;ASURANSI JASARAHARJA PUTERA;0.7;0.4;;0.014;0.325;0;0.02;0;0.05;01/01/2020;31/12/2020;2020PRODUCTIVE CREDIT;2020PRODUCTIVE CREDITGARUDA RE
2020;KUK;2020KUK;PRODUCTIVE CREDIT;GARUDA RE;ASURANSI BHAKTI BHAYANGKARA;0.7;0.4;;0.007;0.325;0;0.01;0;0.025;01/01/2020;31/12/2020;2020PRODUCTIVE CREDIT;2020PRODUCTIVE CREDITGARUDA RE
2020;BDN;2020BDN;SKBDN / LC;ASRINDA ARTHASANGGA RE BROKERS, PT;REASURANSI NASIONAL INDONESIA, PT;0.3;0.6;0.6;0.18;0.35;0.325;0.6;0.6;1;01/01/2020;31/12/2020;2020SKBDN / LC;2020SKBDN / LCASRINDA ARTHASANGGA RE BROKERS, PT
2020;BDN;2020BDN;SKBDN / LC;GARUDA RE;REASURANSI INDONESIA UTAMA, PT;0.3;0.4;0.4;0.015;0.35;0.325;0.05;0.05;0.125;01/01/2020;31/12/2020;2020SKBDN / LC;2020SKBDN / LCGARUDA RE
2020;BDN;2020BDN;SKBDN / LC;GARUDA RE;TUGU REASURANSI, PT;0.3;0.4;0.4;0.027;0.35;0.325;0.09;0.09;0.225;01/01/2020;31/12/2020;2020SKBDN / LC;2020SKBDN / LCGARUDA RE
2020;BDN;2020BDN;SKBDN / LC;GARUDA RE;MASKAPAI REASURANSI INDONESIA, PT;0.3;0.4;0.4;0.021;0.35;0.325;0.07;0.07;0.175;01/01/2020;31/12/2020;2020SKBDN / LC;2020SKBDN / LCGARUDA RE
2020;BDN;2020BDN;SKBDN / LC;GARUDA RE;REASURANSI NUSANTARA MAKMUR, PT;0.3;0.4;0.4;0.012;0.35;0.325;0.04;0.04;0.1;01/01/2020;31/12/2020;2020SKBDN / LC;2020SKBDN / LCGARUDA RE
2020;BDN;2020BDN;SKBDN / LC;GARUDA RE;ASURANSI JASA INDONESIA, PT;0.3;0.4;0.4;0.015;0.35;0.325;0.05;0.05;0.125;01/01/2020;31/12/2020;2020SKBDN / LC;2020SKBDN / LCGARUDA RE
2020;BDN;2020BDN;SKBDN / LC;GARUDA RE;ASURANSI SINAR MAS, PT;0.3;0.4;0.4;0.009;0.35;0.325;0.03;0.03;0.075;01/01/2020;31/12/2020;2020SKBDN / LC;2020SKBDN / LCGARUDA RE
2020;BDN;2020BDN;SKBDN / LC;GARUDA RE;ASURANSI JASARAHARJA PUTERA;0.3;0.4;0.4;0.006;0.35;0.325;0.02;0.02;0.05;01/01/2020;31/12/2020;2020SKBDN / LC;2020SKBDN / LCGARUDA RE
2020;BDN;2020BDN;SKBDN / LC;GARUDA RE;ASURANSI BHAKTI BHAYANGKARA;0.3;0.4;0.4;0.003;0.35;0.325;0.01;0.01;0.025;01/01/2020;31/12/2020;2020SKBDN / LC;2020SKBDN / LCGARUDA RE
2020;BDN;2020BDN;SKBDN / LC;GARUDA RE;ASURANSI VIDEI;0.3;0.4;0.4;0.006;0.35;0.325;0.02;0.02;0.05;01/01/2020;31/12/2020;2020SKBDN / LC;2020SKBDN / LCGARUDA RE
2020;BDN;2020BDN;SKBDN / LC;GARUDA RE;ASURANSI BINAGRIYA UPAKARA, PT;0.3;0.4;0.4;0.003;0.35;0.325;0.01;0.01;0.025;01/01/2020;31/12/2020;2020SKBDN / LC;2020SKBDN / LCGARUDA RE
2020;BDN;2020BDN;SKBDN / LC;GARUDA RE;ASURANSI BUANA INDEPENDENT, PT;0.3;0.4;0.4;0.003;0.35;0.325;0.01;0.01;0.025;01/01/2020;31/12/2020;2020SKBDN / LC;2020SKBDN / LCGARUDA RE
2020;SB;2020SB;SURETY BOND;ASRINDA ARTHASANGGA RE BROKERS, PT;REASURANSI NASIONAL INDONESIA, PT;0.3;0.6;0.6;0.18;0.35;0.35;0.6;0.6;1;01/01/2020;31/12/2020;2020SURETY BOND;2020SURETY BONDASRINDA ARTHASANGGA RE BROKERS, PT
2020;SB;2020SB;SURETY BOND;GARUDA RE;ASURANSI BINAGRIYA UPAKARA, PT;0.3;0.4;0.4;0.003;0.35;0.35;0.01;0.01;0.025;01/01/2020;31/12/2020;2020SURETY BOND;2020SURETY BONDGARUDA RE
2020;SB;2020SB;SURETY BOND;GARUDA RE;ASURANSI BUANA INDEPENDENT, PT;0.3;0.4;0.4;0.003;0.35;0.35;0.01;0.01;0.025;01/01/2020;31/12/2020;2020SURETY BOND;2020SURETY BONDGARUDA RE
2020;SB;2020SB;SURETY BOND;GARUDA RE;REASURANSI INDONESIA UTAMA, PT;0.3;0.4;0.4;0.015;0.35;0.35;0.05;0.05;0.125;01/01/2020;31/12/2020;2020SURETY BOND;2020SURETY BONDGARUDA RE
2020;SB;2020SB;SURETY BOND;GARUDA RE;TUGU REASURANSI, PT;0.3;0.4;0.4;0.027;0.35;0.35;0.09;0.09;0.225;01/01/2020;31/12/2020;2020SURETY BOND;2020SURETY BONDGARUDA RE
2020;SB;2020SB;SURETY BOND;GARUDA RE;MASKAPAI REASURANSI INDONESIA, PT;0.3;0.4;0.4;0.021;0.35;0.35;0.07;0.07;0.175;01/01/2020;31/12/2020;2020SURETY BOND;2020SURETY BONDGARUDA RE
2020;SB;2020SB;SURETY BOND;GARUDA RE;REASURANSI NUSANTARA MAKMUR, PT;0.3;0.4;0.4;0.012;0.35;0.35;0.04;0.04;0.1;01/01/2020;31/12/2020;2020SURETY BOND;2020SURETY BONDGARUDA RE
2020;SB;2020SB;SURETY BOND;GARUDA RE;ASURANSI JASA INDONESIA, PT;0.3;0.4;0.4;0.015;0.35;0.35;0.05;0.05;0.125;01/01/2020;31/12/2020;2020SURETY BOND;2020SURETY BONDGARUDA RE
2020;SB;2020SB;SURETY BOND;GARUDA RE;ASURANSI SINAR MAS, PT;0.3;0.4;0.4;0.009;0.35;0.35;0.03;0.03;0.075;01/01/2020;31/12/2020;2020SURETY BOND;2020SURETY BONDGARUDA RE
2020;SB;2020SB;SURETY BOND;GARUDA RE;ASURANSI JASARAHARJA PUTERA;0.3;0.4;0.4;0.006;0.35;0.35;0.02;0.02;0.05;01/01/2020;31/12/2020;2020SURETY BOND;2020SURETY BONDGARUDA RE
2020;SB;2020SB;SURETY BOND;GARUDA RE;ASURANSI BHAKTI BHAYANGKARA;0.3;0.4;0.4;0.003;0.35;0.35;0.01;0.01;0.025;01/01/2020;31/12/2020;2020SURETY BOND;2020SURETY BONDGARUDA RE
2020;SB;2020SB;SURETY BOND;GARUDA RE;ASURANSI VIDEI;0.3;0.4;0.4;0.006;0.35;0.35;0.02;0.02;0.05;01/01/2020;31/12/2020;2020SURETY BOND;2020SURETY BONDGARUDA RE
2020;TRC;2020TRC;TRADE CREDIT;ASRINDA ARTHASANGGA RE BROKERS, PT;REASURANSI NASIONAL INDONESIA, PT;0.3;0.6;0.6;0.18;0.33;0.31;0.6;0.6;1;01/01/2020;31/12/2020;2020TRADE CREDIT;2020TRADE CREDITASRINDA ARTHASANGGA RE BROKERS, PT
2020;TRC;2020TRC;TRADE CREDIT;GARUDA RE;REASURANSI INDONESIA UTAMA, PT;0.3;0.4;0.4;0.015;0.33;0.31;0.05;0.05;0.125;01/01/2020;31/12/2020;2020TRADE CREDIT;2020TRADE CREDITGARUDA RE
2020;TRC;2020TRC;TRADE CREDIT;GARUDA RE;TUGU REASURANSI, PT;0.3;0.4;0.4;0.027;0.33;0.31;0.09;0.09;0.225;01/01/2020;31/12/2020;2020TRADE CREDIT;2020TRADE CREDITGARUDA RE
2020;TRC;2020TRC;TRADE CREDIT;GARUDA RE;MASKAPAI REASURANSI INDONESIA, PT;0.3;0.4;0.4;0.021;0.33;0.31;0.07;0.07;0.175;01/01/2020;31/12/2020;2020TRADE CREDIT;2020TRADE CREDITGARUDA RE
2020;TRC;2020TRC;TRADE CREDIT;GARUDA RE;REASURANSI NUSANTARA MAKMUR, PT;0.3;0.4;0.4;0.012;0.33;0.31;0.04;0.04;0.1;01/01/2020;31/12/2020;2020TRADE CREDIT;2020TRADE CREDITGARUDA RE
2020;TRC;2020TRC;TRADE CREDIT;GARUDA RE;ASURANSI JASA INDONESIA, PT;0.3;0.4;0.4;0.015;0.33;0.31;0.05;0.05;0.125;01/01/2020;31/12/2020;2020TRADE CREDIT;2020TRADE CREDITGARUDA RE
2020;TRC;2020TRC;TRADE CREDIT;GARUDA RE;ASURANSI SINAR MAS, PT;0.3;0.4;0.4;0.009;0.33;0.31;0.03;0.03;0.075;01/01/2020;31/12/2020;2020TRADE CREDIT;2020TRADE CREDITGARUDA RE
2020;TRC;2020TRC;TRADE CREDIT;GARUDA RE;ASURANSI JASARAHARJA PUTERA;0.3;0.4;0.4;0.006;0.33;0.31;0.02;0.02;0.05;01/01/2020;31/12/2020;2020TRADE CREDIT;2020TRADE CREDITGARUDA RE
2020;TRC;2020TRC;TRADE CREDIT;GARUDA RE;ASURANSI BHAKTI BHAYANGKARA;0.3;0.4;0.4;0.003;0.33;0.31;0.01;0.01;0.025;01/01/2020;31/12/2020;2020TRADE CREDIT;2020TRADE CREDITGARUDA RE
2020;TRC;2020TRC;TRADE CREDIT;GARUDA RE;ASURANSI VIDEI;0.3;0.4;0.4;0.006;0.33;0.31;0.02;0.02;0.05;01/01/2020;31/12/2020;2020TRADE CREDIT;2020TRADE CREDITGARUDA RE
2020;TRC;2020TRC;TRADE CREDIT;GARUDA RE;ASURANSI BINAGRIYA UPAKARA, PT;0.3;0.4;0.4;0.003;0.33;0.31;0.01;0.01;0.025;01/01/2020;31/12/2020;2020TRADE CREDIT;2020TRADE CREDITGARUDA RE
2020;TRC;2020TRC;TRADE CREDIT;GARUDA RE;ASURANSI BUANA INDEPENDENT, PT;0.3;0.4;0.4;0.003;0.33;0.31;0.01;0.01;0.025;01/01/2020;31/12/2020;2020TRADE CREDIT;2020TRADE CREDITGARUDA RE
2021;5;20215;AVIATION;ASRINDA ARTHASANGGA RE BROKERS, PT;TUGU REASURANSI, PT;0.5;0.25;;0.07;0.3;0;0.14;0;0.56;01/01/2021;31/12/2021;2021AVIATION;2021AVIATIONASRINDA ARTHASANGGA RE BROKERS, PT
2021;5;20215;AVIATION;ASRINDA ARTHASANGGA RE BROKERS, PT;MASKAPAI REASURANSI INDONESIA, PT;0.5;0.25;;0.035;0.3;0;0.07;0;0.28;01/01/2021;31/12/2021;2021AVIATION;2021AVIATIONASRINDA ARTHASANGGA RE BROKERS, PT
2021;5;20215;AVIATION;ASRINDA ARTHASANGGA RE BROKERS, PT;REASURANSI NUSANTARA MAKMUR, PT;0.5;0.25;;0.02;0.3;0;0.04;0;0.16;01/01/2021;31/12/2021;2021AVIATION;2021AVIATIONASRINDA ARTHASANGGA RE BROKERS, PT
2021;5;20215;AVIATION;IBS REINSURANCE BROKERS, PT;ASURANSI BHAKTI BHAYANGKARA;0.5;0.05;;0.005;0.3;0;0.01;0;0.2;01/01/2021;31/12/2021;2021AVIATION;2021AVIATIONIBS REINSURANCE BROKERS, PT
2021;5;20215;AVIATION;IBS REINSURANCE BROKERS, PT;ASURANSI VIDEI;0.5;0.05;;0.01;0.3;0;0.02;0;0.4;01/01/2021;31/12/2021;2021AVIATION;2021AVIATIONIBS REINSURANCE BROKERS, PT
2021;5;20215;AVIATION;IBS REINSURANCE BROKERS, PT;ASURANSI BINAGRIYA UPAKARA, PT;0.5;0.05;;0.01;0.3;0;0.02;0;0.4;01/01/2021;31/12/2021;2021AVIATION;2021AVIATIONIBS REINSURANCE BROKERS, PT
2021;5;20215;AVIATION;REASURANSI NASIONAL INDONESIA, PT;REASURANSI NASIONAL INDONESIA, PT;0.5;0.6;;0.3;0.3;0;0.6;0;1;01/01/2021;31/12/2021;2021AVIATION;2021AVIATIONREASURANSI NASIONAL INDONESIA, PT
2021;5;20215;AVIATION;TRINITY RE;ASURANSI JASA INDONESIA, PT;0.5;0.1;;0.025;0.3;0;0.05;0;0.5;01/01/2021;31/12/2021;2021AVIATION;2021AVIATIONTRINITY RE
2021;5;20215;AVIATION;TRINITY RE;ASURANSI SINAR MAS, PT;0.5;0.1;;0.015;0.3;0;0.03;0;0.3;01/01/2021;31/12/2021;2021AVIATION;2021AVIATIONTRINITY RE
2021;5;20215;AVIATION;TRINITY RE;ASURANSI JASARAHARJA PUTERA;0.5;0.1;;0.01;0.3;0;0.02;0;0.2;01/01/2021;31/12/2021;2021AVIATION;2021AVIATIONTRINITY RE
2021;5;20215;AVIATION LIABILITY;ASRINDA ARTHASANGGA RE BROKERS, PT;TUGU REASURANSI, PT;0.5;0.25;0.25;0.07;0.25;0.225;0.14;0.14;0.56;01/01/2021;31/12/2021;2021AVIATION LIABILITY;2021AVIATION LIABILITYASRINDA ARTHASANGGA RE BROKERS, PT
2021;5;20215;AVIATION LIABILITY;ASRINDA ARTHASANGGA RE BROKERS, PT;MASKAPAI REASURANSI INDONESIA, PT;0.5;0.25;0.25;0.035;0.25;0.225;0.07;0.07;0.28;01/01/2021;31/12/2021;2021AVIATION LIABILITY;2021AVIATION LIABILITYASRINDA ARTHASANGGA RE BROKERS, PT
2021;5;20215;AVIATION LIABILITY;ASRINDA ARTHASANGGA RE BROKERS, PT;REASURANSI NUSANTARA MAKMUR, PT;0.5;0.25;0.25;0.02;0.25;0.225;0.04;0.04;0.16;01/01/2021;31/12/2021;2021AVIATION LIABILITY;2021AVIATION LIABILITYASRINDA ARTHASANGGA RE BROKERS, PT
2021;5;20215;AVIATION LIABILITY;IBS REINSURANCE BROKERS, PT;ASURANSI BHAKTI BHAYANGKARA;0.5;0.05;0.05;0.005;0.25;0.225;0.01;0.01;0.2;01/01/2021;31/12/2021;2021AVIATION LIABILITY;2021AVIATION LIABILITYIBS REINSURANCE BROKERS, PT
2021;5;20215;AVIATION LIABILITY;IBS REINSURANCE BROKERS, PT;ASURANSI VIDEI;0.5;0.05;0.05;0.01;0.25;0.225;0.02;0.02;0.4;01/01/2021;31/12/2021;2021AVIATION LIABILITY;2021AVIATION LIABILITYIBS REINSURANCE BROKERS, PT
2021;5;20215;AVIATION LIABILITY;IBS REINSURANCE BROKERS, PT;ASURANSI BINAGRIYA UPAKARA, PT;0.5;0.05;0.05;0.01;0.25;0.225;0.02;0.02;0.4;01/01/2021;31/12/2021;2021AVIATION LIABILITY;2021AVIATION LIABILITYIBS REINSURANCE BROKERS, PT
2021;5;20215;AVIATION LIABILITY;REASURANSI NASIONAL INDONESIA, PT;REASURANSI NASIONAL INDONESIA, PT;0.5;0.6;0.6;0.3;0.25;0.225;0.6;0.6;1;01/01/2021;31/12/2021;2021AVIATION LIABILITY;2021AVIATION LIABILITYREASURANSI NASIONAL INDONESIA, PT
2021;5;20215;AVIATION LIABILITY;TRINITY RE;ASURANSI JASA INDONESIA, PT;0.5;0.1;0.1;0.025;0.25;0.225;0.05;0.05;0.5;01/01/2021;31/12/2021;2021AVIATION LIABILITY;2021AVIATION LIABILITYTRINITY RE
2021;5;20215;AVIATION LIABILITY;TRINITY RE;ASURANSI SINAR MAS, PT;0.5;0.1;0.1;0.015;0.25;0.225;0.03;0.03;0.3;01/01/2021;31/12/2021;2021AVIATION LIABILITY;2021AVIATION LIABILITYTRINITY RE
2021;5;20215;AVIATION LIABILITY;TRINITY RE;ASURANSI JASARAHARJA PUTERA;0.5;0.1;0.1;0.01;0.25;0.225;0.02;0.02;0.2;01/01/2021;31/12/2021;2021AVIATION LIABILITY;2021AVIATION LIABILITYTRINITY RE
2021;KUC;2021KUC;COMMERCIAL CREDIT;ASRINDA ARTHASANGGA RE BROKERS, PT;REASURANSI INDONESIA UTAMA, PT;0.3;0.25;0.25;0.0075;0.35;0.325;0.025;0.025;0.1;01/01/2021;31/12/2021;2021COMMERCIAL CREDIT;2021COMMERCIAL CREDITASRINDA ARTHASANGGA RE BROKERS, PT
2021;KUC;2021KUC;COMMERCIAL CREDIT;ASRINDA ARTHASANGGA RE BROKERS, PT;TUGU REASURANSI, PT;0.3;0.25;0.25;0.027;0.35;0.325;0.09;0.09;0.36;01/01/2021;31/12/2021;2021COMMERCIAL CREDIT;2021COMMERCIAL CREDITASRINDA ARTHASANGGA RE BROKERS, PT
2021;KUC;2021KUC;COMMERCIAL CREDIT;ASRINDA ARTHASANGGA RE BROKERS, PT;MASKAPAI REASURANSI INDONESIA, PT;0.3;0.25;0.25;0.021;0.35;0.325;0.07;0.07;0.28;01/01/2021;31/12/2021;2021COMMERCIAL CREDIT;2021COMMERCIAL CREDITASRINDA ARTHASANGGA RE BROKERS, PT
2021;KUC;2021KUC;COMMERCIAL CREDIT;ASRINDA ARTHASANGGA RE BROKERS, PT;REASURANSI NUSANTARA MAKMUR, PT;0.3;0.25;0.25;0.0195;0.35;0.325;0.065;0.065;0.26;01/01/2021;31/12/2021;2021COMMERCIAL CREDIT;2021COMMERCIAL CREDITASRINDA ARTHASANGGA RE BROKERS, PT
2021;KUC;2021KUC;COMMERCIAL CREDIT;IBS REINSURANCE BROKERS, PT;ASURANSI BHAKTI BHAYANGKARA;0.3;0.05;0.05;0.003;0.35;0.325;0.01;0.01;0.2;01/01/2021;31/12/2021;2021COMMERCIAL CREDIT;2021COMMERCIAL CREDITIBS REINSURANCE BROKERS, PT
2021;KUC;2021KUC;COMMERCIAL CREDIT;IBS REINSURANCE BROKERS, PT;ASURANSI VIDEI;0.3;0.05;0.05;0.006;0.35;0.325;0.02;0.02;0.4;01/01/2021;31/12/2021;2021COMMERCIAL CREDIT;2021COMMERCIAL CREDITIBS REINSURANCE BROKERS, PT
2021;KUC;2021KUC;COMMERCIAL CREDIT;IBS REINSURANCE BROKERS, PT;ASURANSI BINAGRIYA UPAKARA, PT;0.3;0.05;0.05;0.006;0.35;0.325;0.02;0.02;0.4;01/01/2021;31/12/2021;2021COMMERCIAL CREDIT;2021COMMERCIAL CREDITIBS REINSURANCE BROKERS, PT
2021;KUC;2021KUC;COMMERCIAL CREDIT;REASURANSI NASIONAL INDONESIA, PT;REASURANSI NASIONAL INDONESIA, PT;0.3;0.6;0.6;0.18;0.35;0.325;0.6;0.6;1;01/01/2021;31/12/2021;2021COMMERCIAL CREDIT;2021COMMERCIAL CREDITREASURANSI NASIONAL INDONESIA, PT
2021;KUC;2021KUC;COMMERCIAL CREDIT;TRINITY RE;ASURANSI JASA INDONESIA, PT;0.3;0.1;0.1;0.015;0.35;0.325;0.05;0.05;0.5;01/01/2021;31/12/2021;2021COMMERCIAL CREDIT;2021COMMERCIAL CREDITTRINITY RE
2021;KUC;2021KUC;COMMERCIAL CREDIT;TRINITY RE;ASURANSI SINAR MAS, PT;0.3;0.1;0.1;0.009;0.35;0.325;0.03;0.03;0.3;01/01/2021;31/12/2021;2021COMMERCIAL CREDIT;2021COMMERCIAL CREDITTRINITY RE
2021;KUC;2021KUC;COMMERCIAL CREDIT;TRINITY RE;ASURANSI JASARAHARJA PUTERA;0.3;0.1;0.1;0.006;0.35;0.325;0.02;0.02;0.2;01/01/2021;31/12/2021;2021COMMERCIAL CREDIT;2021COMMERCIAL CREDITTRINITY RE
2021;KUS;2021KUS;CONSUMPTIVE CREDIT;ASRINDA ARTHASANGGA RE BROKERS, PT;REASURANSI INDONESIA UTAMA, PT;0.3;0.25;;0.0075;0.35;0;0.025;0;0.1;01/01/2021;31/12/2021;2021CONSUMPTIVE CREDIT;2021CONSUMPTIVE CREDITASRINDA ARTHASANGGA RE BROKERS, PT
2021;KUS;2021KUS;CONSUMPTIVE CREDIT;ASRINDA ARTHASANGGA RE BROKERS, PT;TUGU REASURANSI, PT;0.3;0.25;;0.027;0.35;0;0.09;0;0.36;01/01/2021;31/12/2021;2021CONSUMPTIVE CREDIT;2021CONSUMPTIVE CREDITASRINDA ARTHASANGGA RE BROKERS, PT
2021;KUS;2021KUS;CONSUMPTIVE CREDIT;ASRINDA ARTHASANGGA RE BROKERS, PT;MASKAPAI REASURANSI INDONESIA, PT;0.3;0.25;;0.021;0.35;0;0.07;0;0.28;01/01/2021;31/12/2021;2021CONSUMPTIVE CREDIT;2021CONSUMPTIVE CREDITASRINDA ARTHASANGGA RE BROKERS, PT
2021;KUS;2021KUS;CONSUMPTIVE CREDIT;ASRINDA ARTHASANGGA RE BROKERS, PT;REASURANSI NUSANTARA MAKMUR, PT;0.3;0.25;;0.0195;0.35;0;0.065;0;0.26;01/01/2021;31/12/2021;2021CONSUMPTIVE CREDIT;2021CONSUMPTIVE CREDITASRINDA ARTHASANGGA RE BROKERS, PT
2021;KUS;2021KUS;CONSUMPTIVE CREDIT;IBS REINSURANCE BROKERS, PT;ASURANSI BHAKTI BHAYANGKARA;0.3;0.05;;0.003;0.35;0;0.01;0;0.2;01/01/2021;31/12/2021;2021CONSUMPTIVE CREDIT;2021CONSUMPTIVE CREDITIBS REINSURANCE BROKERS, PT
2021;KUS;2021KUS;CONSUMPTIVE CREDIT;IBS REINSURANCE BROKERS, PT;ASURANSI VIDEI;0.3;0.05;;0.006;0.35;0;0.02;0;0.4;01/01/2021;31/12/2021;2021CONSUMPTIVE CREDIT;2021CONSUMPTIVE CREDITIBS REINSURANCE BROKERS, PT
2021;KUS;2021KUS;CONSUMPTIVE CREDIT;IBS REINSURANCE BROKERS, PT;ASURANSI BINAGRIYA UPAKARA, PT;0.3;0.05;;0.006;0.35;0;0.02;0;0.4;01/01/2021;31/12/2021;2021CONSUMPTIVE CREDIT;2021CONSUMPTIVE CREDITIBS REINSURANCE BROKERS, PT
2021;KUS;2021KUS;CONSUMPTIVE CREDIT;REASURANSI NASIONAL INDONESIA, PT;REASURANSI NASIONAL INDONESIA, PT;0.3;0.6;;0.18;0.35;0;0.6;0;1;01/01/2021;31/12/2021;2021CONSUMPTIVE CREDIT;2021CONSUMPTIVE CREDITREASURANSI NASIONAL INDONESIA, PT
2021;KUS;2021KUS;CONSUMPTIVE CREDIT;TRINITY RE;ASURANSI JASA INDONESIA, PT;0.3;0.1;;0.015;0.35;0;0.05;0;0.5;01/01/2021;31/12/2021;2021CONSUMPTIVE CREDIT;2021CONSUMPTIVE CREDITTRINITY RE
2021;KUS;2021KUS;CONSUMPTIVE CREDIT;TRINITY RE;ASURANSI SINAR MAS, PT;0.3;0.1;;0.009;0.35;0;0.03;0;0.3;01/01/2021;31/12/2021;2021CONSUMPTIVE CREDIT;2021CONSUMPTIVE CREDITTRINITY RE
2021;KUS;2021KUS;CONSUMPTIVE CREDIT;TRINITY RE;ASURANSI JASARAHARJA PUTERA;0.3;0.1;;0.006;0.35;0;0.02;0;0.2;01/01/2021;31/12/2021;2021CONSUMPTIVE CREDIT;2021CONSUMPTIVE CREDITTRINITY RE
2021;KBG;2021KBG;COUNTER BANK GUARANTEE;ASRINDA ARTHASANGGA RE BROKERS, PT;REASURANSI INDONESIA UTAMA, PT;0.5;0.25;0.25;0.0125;0.35;0.325;0.025;0.025;0.1;01/01/2021;31/12/2021;2021COUNTER BANK GUARANTEE;2021COUNTER BANK GUARANTEEASRINDA ARTHASANGGA RE BROKERS, PT
2021;KBG;2021KBG;COUNTER BANK GUARANTEE;ASRINDA ARTHASANGGA RE BROKERS, PT;TUGU REASURANSI, PT;0.5;0.25;0.25;0.045;0.35;0.325;0.09;0.09;0.36;01/01/2021;31/12/2021;2021COUNTER BANK GUARANTEE;2021COUNTER BANK GUARANTEEASRINDA ARTHASANGGA RE BROKERS, PT
2021;KBG;2021KBG;COUNTER BANK GUARANTEE;ASRINDA ARTHASANGGA RE BROKERS, PT;MASKAPAI REASURANSI INDONESIA, PT;0.5;0.25;0.25;0.035;0.35;0.325;0.07;0.07;0.28;01/01/2021;31/12/2021;2021COUNTER BANK GUARANTEE;2021COUNTER BANK GUARANTEEASRINDA ARTHASANGGA RE BROKERS, PT
2021;KBG;2021KBG;COUNTER BANK GUARANTEE;ASRINDA ARTHASANGGA RE BROKERS, PT;REASURANSI NUSANTARA MAKMUR, PT;0.5;0.25;0.25;0.0325;0.35;0.325;0.065;0.065;0.26;01/01/2021;31/12/2021;2021COUNTER BANK GUARANTEE;2021COUNTER BANK GUARANTEEASRINDA ARTHASANGGA RE BROKERS, PT
2021;KBG;2021KBG;COUNTER BANK GUARANTEE;IBS REINSURANCE BROKERS, PT;ASURANSI BINAGRIYA UPAKARA, PT;0.5;0.05;0.05;0.01;0.35;0.325;0.02;0.02;0.4;01/01/2021;31/12/2021;2021COUNTER BANK GUARANTEE;2021COUNTER BANK GUARANTEEIBS REINSURANCE BROKERS, PT
2021;KBG;2021KBG;COUNTER BANK GUARANTEE;IBS REINSURANCE BROKERS, PT;ASURANSI BHAKTI BHAYANGKARA;0.5;0.05;0.05;0.005;0.35;0.325;0.01;0.01;0.2;01/01/2021;31/12/2021;2021COUNTER BANK GUARANTEE;2021COUNTER BANK GUARANTEEIBS REINSURANCE BROKERS, PT
2021;KBG;2021KBG;COUNTER BANK GUARANTEE;IBS REINSURANCE BROKERS, PT;ASURANSI VIDEI;0.5;0.05;0.05;0.01;0.35;0.325;0.02;0.02;0.4;01/01/2021;31/12/2021;2021COUNTER BANK GUARANTEE;2021COUNTER BANK GUARANTEEIBS REINSURANCE BROKERS, PT
2021;KBG;2021KBG;COUNTER BANK GUARANTEE;REASURANSI NASIONAL INDONESIA, PT;REASURANSI NASIONAL INDONESIA, PT;0.5;0.6;0.6;0.3;0.35;0.325;0.6;0.6;1;01/01/2021;31/12/2021;2021COUNTER BANK GUARANTEE;2021COUNTER BANK GUARANTEEREASURANSI NASIONAL INDONESIA, PT
2021;KBG;2021KBG;COUNTER BANK GUARANTEE;TRINITY RE;ASURANSI JASA INDONESIA, PT;0.5;0.1;0.1;0.025;0.35;0.325;0.05;0.05;0.5;01/01/2021;31/12/2021;2021COUNTER BANK GUARANTEE;2021COUNTER BANK GUARANTEETRINITY RE
2021;KBG;2021KBG;COUNTER BANK GUARANTEE;TRINITY RE;ASURANSI SINAR MAS, PT;0.5;0.1;0.1;0.015;0.35;0.325;0.03;0.03;0.3;01/01/2021;31/12/2021;2021COUNTER BANK GUARANTEE;2021COUNTER BANK GUARANTEETRINITY RE
2021;KBG;2021KBG;COUNTER BANK GUARANTEE;TRINITY RE;ASURANSI JASARAHARJA PUTERA;0.5;0.1;0.1;0.01;0.35;0.325;0.02;0.02;0.2;01/01/2021;31/12/2021;2021COUNTER BANK GUARANTEE;2021COUNTER BANK GUARANTEETRINITY RE
2021;CB;2021CB;CUSTOMS BOND;ASRINDA ARTHASANGGA RE BROKERS, PT;REASURANSI INDONESIA UTAMA, PT;0.3;0.25;0.25;0.0075;0.35;0.325;0.025;0.025;0.1;01/01/2021;31/12/2021;2021CUSTOMS BOND;2021CUSTOMS BONDASRINDA ARTHASANGGA RE BROKERS, PT
2021;CB;2021CB;CUSTOMS BOND;ASRINDA ARTHASANGGA RE BROKERS, PT;TUGU REASURANSI, PT;0.3;0.25;0.25;0.027;0.35;0.325;0.09;0.09;0.36;01/01/2021;31/12/2021;2021CUSTOMS BOND;2021CUSTOMS BONDASRINDA ARTHASANGGA RE BROKERS, PT
2021;CB;2021CB;CUSTOMS BOND;ASRINDA ARTHASANGGA RE BROKERS, PT;MASKAPAI REASURANSI INDONESIA, PT;0.3;0.25;0.25;0.021;0.35;0.325;0.07;0.07;0.28;01/01/2021;31/12/2021;2021CUSTOMS BOND;2021CUSTOMS BONDASRINDA ARTHASANGGA RE BROKERS, PT
2021;CB;2021CB;CUSTOMS BOND;ASRINDA ARTHASANGGA RE BROKERS, PT;REASURANSI NUSANTARA MAKMUR, PT;0.3;0.25;0.25;0.0195;0.35;0.325;0.065;0.065;0.26;01/01/2021;31/12/2021;2021CUSTOMS BOND;2021CUSTOMS BONDASRINDA ARTHASANGGA RE BROKERS, PT
2021;CB;2021CB;CUSTOMS BOND;IBS REINSURANCE BROKERS, PT;ASURANSI BHAKTI BHAYANGKARA;0.3;0.05;0.05;0.003;0.35;0.325;0.01;0.02;0.2;01/01/2021;31/12/2021;2021CUSTOMS BOND;2021CUSTOMS BONDIBS REINSURANCE BROKERS, PT
2021;CB;2021CB;CUSTOMS BOND;IBS REINSURANCE BROKERS, PT;ASURANSI VIDEI;0.3;0.05;0.05;0.006;0.35;0.325;0.02;0.01;0.4;01/01/2021;31/12/2021;2021CUSTOMS BOND;2021CUSTOMS BONDIBS REINSURANCE BROKERS, PT
2021;CB;2021CB;CUSTOMS BOND;IBS REINSURANCE BROKERS, PT;ASURANSI BINAGRIYA UPAKARA, PT;0.3;0.05;0.05;0.006;0.35;0.325;0.02;0.02;0.4;01/01/2021;31/12/2021;2021CUSTOMS BOND;2021CUSTOMS BONDIBS REINSURANCE BROKERS, PT
2021;CB;2021CB;CUSTOMS BOND;REASURANSI NASIONAL INDONESIA, PT;REASURANSI NASIONAL INDONESIA, PT;0.3;0.6;0.6;0.18;0.35;0.325;0.6;0.6;1;01/01/2021;31/12/2021;2021CUSTOMS BOND;2021CUSTOMS BONDREASURANSI NASIONAL INDONESIA, PT
2021;CB;2021CB;CUSTOMS BOND;TRINITY RE;ASURANSI JASA INDONESIA, PT;0.3;0.1;0.1;0.015;0.35;0.325;0.05;0.05;0.5;01/01/2021;31/12/2021;2021CUSTOMS BOND;2021CUSTOMS BONDTRINITY RE
2021;CB;2021CB;CUSTOMS BOND;TRINITY RE;ASURANSI SINAR MAS, PT;0.3;0.1;0.1;0.009;0.35;0.325;0.03;0.03;0.3;01/01/2021;31/12/2021;2021CUSTOMS BOND;2021CUSTOMS BONDTRINITY RE
2021;CB;2021CB;CUSTOMS BOND;TRINITY RE;ASURANSI JASARAHARJA PUTERA;0.3;0.1;0.1;0.006;0.35;0.325;0.02;0.02;0.2;01/01/2021;31/12/2021;2021CUSTOMS BOND;2021CUSTOMS BONDTRINITY RE
2021;9;20219;ENGINEERING;ASRINDA ARTHASANGGA RE BROKERS, PT;TUGU REASURANSI, PT;0;0;0.25;0;0;0.3;0;0.14;0;01/01/2021;31/12/2021;2021ENGINEERING;2021ENGINEERINGASRINDA ARTHASANGGA RE BROKERS, PT
2021;9;20219;ENGINEERING;ASRINDA ARTHASANGGA RE BROKERS, PT;MASKAPAI REASURANSI INDONESIA, PT;0;0;0.25;0;0;0.3;0;0.07;0;01/01/2021;31/12/2021;2021ENGINEERING;2021ENGINEERINGASRINDA ARTHASANGGA RE BROKERS, PT
2021;9;20219;ENGINEERING;ASRINDA ARTHASANGGA RE BROKERS, PT;REASURANSI NUSANTARA MAKMUR, PT;0;0;0.25;0;0;0.3;0;0.04;0;01/01/2021;31/12/2021;2021ENGINEERING;2021ENGINEERINGASRINDA ARTHASANGGA RE BROKERS, PT
2021;9;20219;ENGINEERING;IBS REINSURANCE BROKERS, PT;ASURANSI BHAKTI BHAYANGKARA;0;0;0.05;0;0;0.3;0;0.01;0;01/01/2021;31/12/2021;2021ENGINEERING;2021ENGINEERINGIBS REINSURANCE BROKERS, PT
2021;9;20219;ENGINEERING;IBS REINSURANCE BROKERS, PT;ASURANSI VIDEI;0;0;0.05;0;0;0.3;0;0.02;0;01/01/2021;31/12/2021;2021ENGINEERING;2021ENGINEERINGIBS REINSURANCE BROKERS, PT
2021;9;20219;ENGINEERING;IBS REINSURANCE BROKERS, PT;ASURANSI BINAGRIYA UPAKARA, PT;0;0;0.05;0;0;0.3;0;0.02;0;01/01/2021;31/12/2021;2021ENGINEERING;2021ENGINEERINGIBS REINSURANCE BROKERS, PT
2021;9;20219;ENGINEERING;REASURANSI NASIONAL INDONESIA, PT;REASURANSI NASIONAL INDONESIA, PT;0;0;0.6;0;0;0.3;0;0.6;0;01/01/2021;31/12/2021;2021ENGINEERING;2021ENGINEERINGREASURANSI NASIONAL INDONESIA, PT
2021;9;20219;ENGINEERING;TRINITY RE;ASURANSI JASA INDONESIA, PT;0;0;0.1;0;0;0.3;0;0.05;0;01/01/2021;31/12/2021;2021ENGINEERING;2021ENGINEERINGTRINITY RE
2021;9;20219;ENGINEERING;TRINITY RE;ASURANSI SINAR MAS, PT;0;0;0.1;0;0;0.3;0;0.03;0;01/01/2021;31/12/2021;2021ENGINEERING;2021ENGINEERINGTRINITY RE
2021;9;20219;ENGINEERING;TRINITY RE;ASURANSI JASARAHARJA PUTERA;0;0;0.1;0;0;0.3;0;0.02;0;01/01/2021;31/12/2021;2021ENGINEERING;2021ENGINEERINGTRINITY RE
2021;1;20211;FIRE;ASRINDA ARTHASANGGA RE BROKERS, PT;TUGU REASURANSI, PT;0;0;0.25;0;0;0.325;0;0.14;0;01/01/2021;31/12/2021;2021FIRE;2021FIREASRINDA ARTHASANGGA RE BROKERS, PT
2021;1;20211;FIRE;ASRINDA ARTHASANGGA RE BROKERS, PT;MASKAPAI REASURANSI INDONESIA, PT;0;0;0.25;0;0;0.325;0;0.07;0;01/01/2021;31/12/2021;2021FIRE;2021FIREASRINDA ARTHASANGGA RE BROKERS, PT
2021;1;20211;FIRE;ASRINDA ARTHASANGGA RE BROKERS, PT;REASURANSI NUSANTARA MAKMUR, PT;0;0;0.25;0;0;0.325;0;0.04;0;01/01/2021;31/12/2021;2021FIRE;2021FIREASRINDA ARTHASANGGA RE BROKERS, PT
2021;1;20211;FIRE;IBS REINSURANCE BROKERS, PT;ASURANSI BHAKTI BHAYANGKARA;0;0;0.05;0;0;0.325;0;0.01;0;01/01/2021;31/12/2021;2021FIRE;2021FIREIBS REINSURANCE BROKERS, PT
2021;1;20211;FIRE;IBS REINSURANCE BROKERS, PT;ASURANSI VIDEI;0;0;0.05;0;0;0.325;0;0.02;0;01/01/2021;31/12/2021;2021FIRE;2021FIREIBS REINSURANCE BROKERS, PT
2021;1;20211;FIRE;IBS REINSURANCE BROKERS, PT;ASURANSI BINAGRIYA UPAKARA, PT;0;0;0.05;0;0;0.325;0;0.02;0;01/01/2021;31/12/2021;2021FIRE;2021FIREIBS REINSURANCE BROKERS, PT
2021;1;20211;FIRE;REASURANSI NASIONAL INDONESIA, PT;REASURANSI NASIONAL INDONESIA, PT;0;0;0.6;0;0;0.325;0;0.6;0;01/01/2021;31/12/2021;2021FIRE;2021FIREREASURANSI NASIONAL INDONESIA, PT
2021;1;20211;FIRE;TRINITY RE;ASURANSI JASA INDONESIA, PT;0;0;0.1;0;0;0.325;0;0.05;0;01/01/2021;31/12/2021;2021FIRE;2021FIRETRINITY RE
2021;1;20211;FIRE;TRINITY RE;ASURANSI SINAR MAS, PT;0;0;0.1;0;0;0.325;0;0.03;0;01/01/2021;31/12/2021;2021FIRE;2021FIRETRINITY RE
2021;1;20211;FIRE;TRINITY RE;ASURANSI JASARAHARJA PUTERA;0;0;0.1;0;0;0.325;0;0.02;0;01/01/2021;31/12/2021;2021FIRE;2021FIRETRINITY RE
2021;15;202115;GENERAL ACCIDENT;ASRINDA ARTHASANGGA RE BROKERS, PT;TUGU REASURANSI, PT;0;0;0.25;0;0;0.3;0;0.14;0;01/01/2021;31/12/2021;2021GENERAL ACCIDENT;2021GENERAL ACCIDENTASRINDA ARTHASANGGA RE BROKERS, PT
2021;15;202115;GENERAL ACCIDENT;ASRINDA ARTHASANGGA RE BROKERS, PT;MASKAPAI REASURANSI INDONESIA, PT;0;0;0.25;0;0;0.3;0;0.07;0;01/01/2021;31/12/2021;2021GENERAL ACCIDENT;2021GENERAL ACCIDENTASRINDA ARTHASANGGA RE BROKERS, PT
2021;15;202115;GENERAL ACCIDENT;ASRINDA ARTHASANGGA RE BROKERS, PT;REASURANSI NUSANTARA MAKMUR, PT;0;0;0.25;0;0;0.3;0;0.04;0;01/01/2021;31/12/2021;2021GENERAL ACCIDENT;2021GENERAL ACCIDENTASRINDA ARTHASANGGA RE BROKERS, PT
2021;15;202115;GENERAL ACCIDENT;IBS REINSURANCE BROKERS, PT;ASURANSI BHAKTI BHAYANGKARA;0;0;0.05;0;0;0.3;0;0.01;0;01/01/2021;31/12/2021;2021GENERAL ACCIDENT;2021GENERAL ACCIDENTIBS REINSURANCE BROKERS, PT
2021;15;202115;GENERAL ACCIDENT;IBS REINSURANCE BROKERS, PT;ASURANSI VIDEI;0;0;0.05;0;0;0.3;0;0.02;0;01/01/2021;31/12/2021;2021GENERAL ACCIDENT;2021GENERAL ACCIDENTIBS REINSURANCE BROKERS, PT
2021;15;202115;GENERAL ACCIDENT;IBS REINSURANCE BROKERS, PT;ASURANSI BINAGRIYA UPAKARA, PT;0;0;0.05;0;0;0.3;0;0.02;0;01/01/2021;31/12/2021;2021GENERAL ACCIDENT;2021GENERAL ACCIDENTIBS REINSURANCE BROKERS, PT
2021;15;202115;GENERAL ACCIDENT;REASURANSI NASIONAL INDONESIA, PT;REASURANSI NASIONAL INDONESIA, PT;0;0;0.6;0;0;0.3;0;0.6;0;01/01/2021;31/12/2021;2021GENERAL ACCIDENT;2021GENERAL ACCIDENTREASURANSI NASIONAL INDONESIA, PT
2021;15;202115;GENERAL ACCIDENT;TRINITY RE;ASURANSI JASA INDONESIA, PT;0;0;0.1;0;0;0.3;0;0.05;0;01/01/2021;31/12/2021;2021GENERAL ACCIDENT;2021GENERAL ACCIDENTTRINITY RE
2021;15;202115;GENERAL ACCIDENT;TRINITY RE;ASURANSI SINAR MAS, PT;0;0;0.1;0;0;0.3;0;0.03;0;01/01/2021;31/12/2021;2021GENERAL ACCIDENT;2021GENERAL ACCIDENTTRINITY RE
2021;15;202115;GENERAL ACCIDENT;TRINITY RE;ASURANSI JASARAHARJA PUTERA;0;0;0.1;0;0;0.3;0;0.02;0;01/01/2021;31/12/2021;2021GENERAL ACCIDENT;2021GENERAL ACCIDENTTRINITY RE
2021;203;2021203;HEAVY EQUIPMENT;ASRINDA ARTHASANGGA RE BROKERS, PT;TUGU REASURANSI, PT;0.3;0.25;;0.042;0.325;0;0.14;0;0.56;01/01/2021;31/12/2021;2021HEAVY EQUIPMENT;2021HEAVY EQUIPMENTASRINDA ARTHASANGGA RE BROKERS, PT
2021;203;2021203;HEAVY EQUIPMENT;ASRINDA ARTHASANGGA RE BROKERS, PT;MASKAPAI REASURANSI INDONESIA, PT;0.3;0.25;;0.021;0.325;0;0.07;0;0.28;01/01/2021;31/12/2021;2021HEAVY EQUIPMENT;2021HEAVY EQUIPMENTASRINDA ARTHASANGGA RE BROKERS, PT
2021;203;2021203;HEAVY EQUIPMENT;ASRINDA ARTHASANGGA RE BROKERS, PT;REASURANSI NUSANTARA MAKMUR, PT;0.3;0.25;;0.012;0.325;0;0.04;0;0.16;01/01/2021;31/12/2021;2021HEAVY EQUIPMENT;2021HEAVY EQUIPMENTASRINDA ARTHASANGGA RE BROKERS, PT
2021;203;2021203;HEAVY EQUIPMENT;IBS REINSURANCE BROKERS, PT;ASURANSI BHAKTI BHAYANGKARA;0.3;0.05;;0.003;0.325;0;0.01;0;0.2;01/01/2021;31/12/2021;2021HEAVY EQUIPMENT;2021HEAVY EQUIPMENTIBS REINSURANCE BROKERS, PT
2021;203;2021203;HEAVY EQUIPMENT;IBS REINSURANCE BROKERS, PT;ASURANSI VIDEI;0.3;0.05;;0.006;0.325;0;0.02;0;0.4;01/01/2021;31/12/2021;2021HEAVY EQUIPMENT;2021HEAVY EQUIPMENTIBS REINSURANCE BROKERS, PT
2021;203;2021203;HEAVY EQUIPMENT;IBS REINSURANCE BROKERS, PT;ASURANSI BINAGRIYA UPAKARA, PT;0.3;0.05;;0.006;0.325;0;0.02;0;0.4;01/01/2021;31/12/2021;2021HEAVY EQUIPMENT;2021HEAVY EQUIPMENTIBS REINSURANCE BROKERS, PT
2021;203;2021203;HEAVY EQUIPMENT;REASURANSI NASIONAL INDONESIA, PT;REASURANSI NASIONAL INDONESIA, PT;0.3;0.6;;0.18;0.325;0;0.6;0;1;01/01/2021;31/12/2021;2021HEAVY EQUIPMENT;2021HEAVY EQUIPMENTREASURANSI NASIONAL INDONESIA, PT
2021;203;2021203;HEAVY EQUIPMENT;TRINITY RE;ASURANSI JASA INDONESIA, PT;0.3;0.1;;0.015;0.325;0;0.05;0;0.5;01/01/2021;31/12/2021;2021HEAVY EQUIPMENT;2021HEAVY EQUIPMENTTRINITY RE
2021;203;2021203;HEAVY EQUIPMENT;TRINITY RE;ASURANSI SINAR MAS, PT;0.3;0.1;;0.009;0.325;0;0.03;0;0.3;01/01/2021;31/12/2021;2021HEAVY EQUIPMENT;2021HEAVY EQUIPMENTTRINITY RE
2021;203;2021203;HEAVY EQUIPMENT;TRINITY RE;ASURANSI JASARAHARJA PUTERA;0.3;0.1;;0.006;0.325;0;0.02;0;0.2;01/01/2021;31/12/2021;2021HEAVY EQUIPMENT;2021HEAVY EQUIPMENTTRINITY RE
2021;10;202110;LIABILITY (GA);ASRINDA ARTHASANGGA RE BROKERS, PT;TUGU REASURANSI, PT;0;0;0.25;0;0;0.3;0;0.14;0;01/01/2021;31/12/2021;2021LIABILITY (GA);2021LIABILITY (GA)ASRINDA ARTHASANGGA RE BROKERS, PT
2021;10;202110;LIABILITY (GA);ASRINDA ARTHASANGGA RE BROKERS, PT;MASKAPAI REASURANSI INDONESIA, PT;0;0;0.25;0;0;0.3;0;0.07;0;01/01/2021;31/12/2021;2021LIABILITY (GA);2021LIABILITY (GA)ASRINDA ARTHASANGGA RE BROKERS, PT
2021;10;202110;LIABILITY (GA);ASRINDA ARTHASANGGA RE BROKERS, PT;REASURANSI NUSANTARA MAKMUR, PT;0;0;0.25;0;0;0.3;0;0.04;0;01/01/2021;31/12/2021;2021LIABILITY (GA);2021LIABILITY (GA)ASRINDA ARTHASANGGA RE BROKERS, PT
2021;10;202110;LIABILITY (GA);IBS REINSURANCE BROKERS, PT;ASURANSI BHAKTI BHAYANGKARA;0;0;0.05;0;0;0.3;0;0.01;0;01/01/2021;31/12/2021;2021LIABILITY (GA);2021LIABILITY (GA)IBS REINSURANCE BROKERS, PT
2021;10;202110;LIABILITY (GA);IBS REINSURANCE BROKERS, PT;ASURANSI VIDEI;0;0;0.05;0;0;0.3;0;0.02;0;01/01/2021;31/12/2021;2021LIABILITY (GA);2021LIABILITY (GA)IBS REINSURANCE BROKERS, PT
2021;10;202110;LIABILITY (GA);IBS REINSURANCE BROKERS, PT;ASURANSI BINAGRIYA UPAKARA, PT;0;0;0.05;0;0;0.3;0;0.02;0;01/01/2021;31/12/2021;2021LIABILITY (GA);2021LIABILITY (GA)IBS REINSURANCE BROKERS, PT
2021;10;202110;LIABILITY (GA);REASURANSI NASIONAL INDONESIA, PT;REASURANSI NASIONAL INDONESIA, PT;0;0;0.6;0;0;0.3;0;0.6;0;01/01/2021;31/12/2021;2021LIABILITY (GA);2021LIABILITY (GA)REASURANSI NASIONAL INDONESIA, PT
2021;10;202110;LIABILITY (GA);TRINITY RE;ASURANSI JASA INDONESIA, PT;0;0;0.1;0;0;0.3;0;0.05;0;01/01/2021;31/12/2021;2021LIABILITY (GA);2021LIABILITY (GA)TRINITY RE
2021;10;202110;LIABILITY (GA);TRINITY RE;ASURANSI SINAR MAS, PT;0;0;0.1;0;0;0.3;0;0.03;0;01/01/2021;31/12/2021;2021LIABILITY (GA);2021LIABILITY (GA)TRINITY RE
2021;10;202110;LIABILITY (GA);TRINITY RE;ASURANSI JASARAHARJA PUTERA;0;0;0.1;0;0;0.3;0;0.02;0;01/01/2021;31/12/2021;2021LIABILITY (GA);2021LIABILITY (GA)TRINITY RE
2021;3;20213;MARINE CARGO;ASRINDA ARTHASANGGA RE BROKERS, PT;TUGU REASURANSI, PT;0.25;0.25;0.25;0.035;0.325;0.3;0.14;0.14;0.56;01/01/2021;31/12/2021;2021MARINE CARGO;2021MARINE CARGOASRINDA ARTHASANGGA RE BROKERS, PT
2021;3;20213;MARINE CARGO;ASRINDA ARTHASANGGA RE BROKERS, PT;MASKAPAI REASURANSI INDONESIA, PT;0.25;0.25;0.25;0.0175;0.325;0.3;0.07;0.07;0.28;01/01/2021;31/12/2021;2021MARINE CARGO;2021MARINE CARGOASRINDA ARTHASANGGA RE BROKERS, PT
2021;3;20213;MARINE CARGO;ASRINDA ARTHASANGGA RE BROKERS, PT;REASURANSI NUSANTARA MAKMUR, PT;0.25;0.25;0.25;0.01;0.325;0.3;0.04;0.04;0.16;01/01/2021;31/12/2021;2021MARINE CARGO;2021MARINE CARGOASRINDA ARTHASANGGA RE BROKERS, PT
2021;3;20213;MARINE CARGO;IBS REINSURANCE BROKERS, PT;ASURANSI BHAKTI BHAYANGKARA;0.25;0.05;0.05;0.0025;0.325;0.3;0.01;0.01;0.2;01/01/2021;31/12/2021;2021MARINE CARGO;2021MARINE CARGOIBS REINSURANCE BROKERS, PT
2021;3;20213;MARINE CARGO;IBS REINSURANCE BROKERS, PT;ASURANSI VIDEI;0.25;0.05;0.05;0.005;0.325;0.3;0.02;0.02;0.4;01/01/2021;31/12/2021;2021MARINE CARGO;2021MARINE CARGOIBS REINSURANCE BROKERS, PT
2021;3;20213;MARINE CARGO;IBS REINSURANCE BROKERS, PT;ASURANSI BINAGRIYA UPAKARA, PT;0.25;0.05;0.05;0.005;0.325;0.3;0.02;0.02;0.4;01/01/2021;31/12/2021;2021MARINE CARGO;2021MARINE CARGOIBS REINSURANCE BROKERS, PT
2021;3;20213;MARINE CARGO;REASURANSI NASIONAL INDONESIA, PT;REASURANSI NASIONAL INDONESIA, PT;0.25;0.6;0.6;0.15;0.325;0.3;0.6;0.6;1;01/01/2021;31/12/2021;2021MARINE CARGO;2021MARINE CARGOREASURANSI NASIONAL INDONESIA, PT
2021;3;20213;MARINE CARGO;TRINITY RE;ASURANSI JASA INDONESIA, PT;0.25;0.1;0.1;0.0125;0.325;0.3;0.05;0.05;0.5;01/01/2021;31/12/2021;2021MARINE CARGO;2021MARINE CARGOTRINITY RE
2021;3;20213;MARINE CARGO;TRINITY RE;ASURANSI SINAR MAS, PT;0.25;0.1;0.1;0.0075;0.325;0.3;0.03;0.03;0.3;01/01/2021;31/12/2021;2021MARINE CARGO;2021MARINE CARGOTRINITY RE
2021;3;20213;MARINE CARGO;TRINITY RE;ASURANSI JASARAHARJA PUTERA;0.25;0.1;0.1;0.005;0.325;0.3;0.02;0.02;0.2;01/01/2021;31/12/2021;2021MARINE CARGO;2021MARINE CARGOTRINITY RE
2021;4;20214;MARINE HULL;ASRINDA ARTHASANGGA RE BROKERS, PT;TUGU REASURANSI, PT;0.5;0.25;0.25;0.07;0.25;0.225;0.14;0.14;0.56;01/01/2021;31/12/2021;2021MARINE HULL;2021MARINE HULLASRINDA ARTHASANGGA RE BROKERS, PT
2021;4;20214;MARINE HULL;ASRINDA ARTHASANGGA RE BROKERS, PT;MASKAPAI REASURANSI INDONESIA, PT;0.5;0.25;0.25;0.035;0.25;0.225;0.07;0.07;0.28;01/01/2021;31/12/2021;2021MARINE HULL;2021MARINE HULLASRINDA ARTHASANGGA RE BROKERS, PT
2021;4;20214;MARINE HULL;ASRINDA ARTHASANGGA RE BROKERS, PT;REASURANSI NUSANTARA MAKMUR, PT;0.5;0.25;0.25;0.02;0.25;0.225;0.04;0.04;0.16;01/01/2021;31/12/2021;2021MARINE HULL;2021MARINE HULLASRINDA ARTHASANGGA RE BROKERS, PT
2021;4;20214;MARINE HULL;IBS REINSURANCE BROKERS, PT;ASURANSI BHAKTI BHAYANGKARA;0.5;0.05;0.05;0.005;0.25;0.225;0.01;0.01;0.2;01/01/2021;31/12/2021;2021MARINE HULL;2021MARINE HULLIBS REINSURANCE BROKERS, PT
2021;4;20214;MARINE HULL;IBS REINSURANCE BROKERS, PT;ASURANSI VIDEI;0.5;0.05;0.05;0.01;0.25;0.225;0.02;0.02;0.4;01/01/2021;31/12/2021;2021MARINE HULL;2021MARINE HULLIBS REINSURANCE BROKERS, PT
2021;4;20214;MARINE HULL;IBS REINSURANCE BROKERS, PT;ASURANSI BINAGRIYA UPAKARA, PT;0.5;0.05;0.05;0.01;0.25;0.225;0.02;0.02;0.4;01/01/2021;31/12/2021;2021MARINE HULL;2021MARINE HULLIBS REINSURANCE BROKERS, PT
2021;4;20214;MARINE HULL;REASURANSI NASIONAL INDONESIA, PT;REASURANSI NASIONAL INDONESIA, PT;0.5;0.6;0.6;0.3;0.25;0.225;0.6;0.6;1;01/01/2021;31/12/2021;2021MARINE HULL;2021MARINE HULLREASURANSI NASIONAL INDONESIA, PT
2021;4;20214;MARINE HULL;TRINITY RE;ASURANSI JASA INDONESIA, PT;0.5;0.1;0.1;0.025;0.25;0.225;0.05;0.05;0.5;01/01/2021;31/12/2021;2021MARINE HULL;2021MARINE HULLTRINITY RE
2021;4;20214;MARINE HULL;TRINITY RE;ASURANSI SINAR MAS, PT;0.5;0.1;0.1;0.015;0.25;0.225;0.03;0.03;0.3;01/01/2021;31/12/2021;2021MARINE HULL;2021MARINE HULLTRINITY RE
2021;4;20214;MARINE HULL;TRINITY RE;ASURANSI JASARAHARJA PUTERA;0.5;0.1;0.1;0.01;0.25;0.225;0.02;0.02;0.2;01/01/2021;31/12/2021;2021MARINE HULL;2021MARINE HULLTRINITY RE
2021;15X;202115X;MONEY INSURANCE;ASRINDA ARTHASANGGA RE BROKERS, PT;TUGU REASURANSI, PT;0;0;0.25;0;0;0.325;0;0.14;0;01/01/2021;31/12/2021;2021MONEY INSURANCE;2021MONEY INSURANCEASRINDA ARTHASANGGA RE BROKERS, PT
2021;15X;202115X;MONEY INSURANCE;ASRINDA ARTHASANGGA RE BROKERS, PT;MASKAPAI REASURANSI INDONESIA, PT;0;0;0.25;0;0;0.325;0;0.07;0;01/01/2021;31/12/2021;2021MONEY INSURANCE;2021MONEY INSURANCEASRINDA ARTHASANGGA RE BROKERS, PT
2021;15X;202115X;MONEY INSURANCE;ASRINDA ARTHASANGGA RE BROKERS, PT;REASURANSI NUSANTARA MAKMUR, PT;0;0;0.25;0;0;0.325;0;0.04;0;01/01/2021;31/12/2021;2021MONEY INSURANCE;2021MONEY INSURANCEASRINDA ARTHASANGGA RE BROKERS, PT
2021;15X;202115X;MONEY INSURANCE;IBS REINSURANCE BROKERS, PT;ASURANSI BHAKTI BHAYANGKARA;0;0;0.05;0;0;0.325;0;0.01;0;01/01/2021;31/12/2021;2021MONEY INSURANCE;2021MONEY INSURANCEIBS REINSURANCE BROKERS, PT
2021;15X;202115X;MONEY INSURANCE;IBS REINSURANCE BROKERS, PT;ASURANSI VIDEI;0;0;0.05;0;0;0.325;0;0.02;0;01/01/2021;31/12/2021;2021MONEY INSURANCE;2021MONEY INSURANCEIBS REINSURANCE BROKERS, PT
2021;15X;202115X;MONEY INSURANCE;IBS REINSURANCE BROKERS, PT;ASURANSI BINAGRIYA UPAKARA, PT;0;0;0.05;0;0;0.325;0;0.02;0;01/01/2021;31/12/2021;2021MONEY INSURANCE;2021MONEY INSURANCEIBS REINSURANCE BROKERS, PT
2021;15X;202115X;MONEY INSURANCE;REASURANSI NASIONAL INDONESIA, PT;REASURANSI NASIONAL INDONESIA, PT;0;0;0.6;0;0;0.325;0;0.6;0;01/01/2021;31/12/2021;2021MONEY INSURANCE;2021MONEY INSURANCEREASURANSI NASIONAL INDONESIA, PT
2021;15X;202115X;MONEY INSURANCE;TRINITY RE;ASURANSI JASA INDONESIA, PT;0;0;0.1;0;0;0.325;0;0.05;0;01/01/2021;31/12/2021;2021MONEY INSURANCE;2021MONEY INSURANCETRINITY RE
2021;15X;202115X;MONEY INSURANCE;TRINITY RE;ASURANSI SINAR MAS, PT;0;0;0.1;0;0;0.325;0;0.03;0;01/01/2021;31/12/2021;2021MONEY INSURANCE;2021MONEY INSURANCETRINITY RE
2021;15X;202115X;MONEY INSURANCE;TRINITY RE;ASURANSI JASARAHARJA PUTERA;0;0;0.1;0;0;0.325;0;0.02;0;01/01/2021;31/12/2021;2021MONEY INSURANCE;2021MONEY INSURANCETRINITY RE
2021;2;20212;MOTOR VEHICLE;ASRINDA ARTHASANGGA RE BROKERS, PT;TUGU REASURANSI, PT;0;0;0.25;0;0;0.325;0;0.14;0;01/01/2021;31/12/2021;2021MOTOR VEHICLE;2021MOTOR VEHICLEASRINDA ARTHASANGGA RE BROKERS, PT
2021;2;20212;MOTOR VEHICLE;ASRINDA ARTHASANGGA RE BROKERS, PT;MASKAPAI REASURANSI INDONESIA, PT;0;0;0.25;0;0;0.325;0;0.07;0;01/01/2021;31/12/2021;2021MOTOR VEHICLE;2021MOTOR VEHICLEASRINDA ARTHASANGGA RE BROKERS, PT
2021;2;20212;MOTOR VEHICLE;ASRINDA ARTHASANGGA RE BROKERS, PT;REASURANSI NUSANTARA MAKMUR, PT;0;0;0.25;0;0;0.325;0;0.04;0;01/01/2021;31/12/2021;2021MOTOR VEHICLE;2021MOTOR VEHICLEASRINDA ARTHASANGGA RE BROKERS, PT
2021;2;20212;MOTOR VEHICLE;IBS REINSURANCE BROKERS, PT;ASURANSI BHAKTI BHAYANGKARA;0;0;0.05;0;0;0.325;0;0.01;0;01/01/2021;31/12/2021;2021MOTOR VEHICLE;2021MOTOR VEHICLEIBS REINSURANCE BROKERS, PT
2021;2;20212;MOTOR VEHICLE;IBS REINSURANCE BROKERS, PT;ASURANSI VIDEI;0;0;0.05;0;0;0.325;0;0.02;0;01/01/2021;31/12/2021;2021MOTOR VEHICLE;2021MOTOR VEHICLEIBS REINSURANCE BROKERS, PT
2021;2;20212;MOTOR VEHICLE;IBS REINSURANCE BROKERS, PT;ASURANSI BINAGRIYA UPAKARA, PT;0;0;0.05;0;0;0.325;0;0.02;0;01/01/2021;31/12/2021;2021MOTOR VEHICLE;2021MOTOR VEHICLEIBS REINSURANCE BROKERS, PT
2021;2;20212;MOTOR VEHICLE;REASURANSI NASIONAL INDONESIA, PT;REASURANSI NASIONAL INDONESIA, PT;0;0;0.6;0;0;0.325;0;0.6;0;01/01/2021;31/12/2021;2021MOTOR VEHICLE;2021MOTOR VEHICLEREASURANSI NASIONAL INDONESIA, PT
2021;2;20212;MOTOR VEHICLE;TRINITY RE;ASURANSI JASA INDONESIA, PT;0;0;0.1;0;0;0.325;0;0.05;0;01/01/2021;31/12/2021;2021MOTOR VEHICLE;2021MOTOR VEHICLETRINITY RE
2021;2;20212;MOTOR VEHICLE;TRINITY RE;ASURANSI SINAR MAS, PT;0;0;0.1;0;0;0.325;0;0.03;0;01/01/2021;31/12/2021;2021MOTOR VEHICLE;2021MOTOR VEHICLETRINITY RE
2021;2;20212;MOTOR VEHICLE;TRINITY RE;ASURANSI JASARAHARJA PUTERA;0;0;0.1;0;0;0.325;0;0.02;0;01/01/2021;31/12/2021;2021MOTOR VEHICLE;2021MOTOR VEHICLETRINITY RE
2021;0;20210;OIL & GAS (NON SKK MIGAS);ASRINDA ARTHASANGGA RE BROKERS, PT;TUGU REASURANSI, PT;0.5;0.25;0.25;0.07;0.25;0.225;0.14;0.14;0.56;01/01/2021;31/12/2021;2021OIL & GAS (NON SKK MIGAS);2021OIL & GAS (NON SKK MIGAS)ASRINDA ARTHASANGGA RE BROKERS, PT
2021;0;20210;OIL & GAS (NON SKK MIGAS);ASRINDA ARTHASANGGA RE BROKERS, PT;MASKAPAI REASURANSI INDONESIA, PT;0.5;0.25;0.25;0.035;0.25;0.225;0.07;0.07;0.28;01/01/2021;31/12/2021;2021OIL & GAS (NON SKK MIGAS);2021OIL & GAS (NON SKK MIGAS)ASRINDA ARTHASANGGA RE BROKERS, PT
2021;0;20210;OIL & GAS (NON SKK MIGAS);ASRINDA ARTHASANGGA RE BROKERS, PT;REASURANSI NUSANTARA MAKMUR, PT;0.5;0.25;0.25;0.02;0.25;0.225;0.04;0.04;0.16;01/01/2021;31/12/2021;2021OIL & GAS (NON SKK MIGAS);2021OIL & GAS (NON SKK MIGAS)ASRINDA ARTHASANGGA RE BROKERS, PT
2021;0;20210;OIL & GAS (NON SKK MIGAS);IBS REINSURANCE BROKERS, PT;ASURANSI BHAKTI BHAYANGKARA;0.5;0.05;0.05;0.005;0.25;0.225;0.01;0.01;0.2;01/01/2021;31/12/2021;2021OIL & GAS (NON SKK MIGAS);2021OIL & GAS (NON SKK MIGAS)IBS REINSURANCE BROKERS, PT
2021;0;20210;OIL & GAS (NON SKK MIGAS);IBS REINSURANCE BROKERS, PT;ASURANSI VIDEI;0.5;0.05;0.05;0.01;0.25;0.225;0.02;0.02;0.4;01/01/2021;31/12/2021;2021OIL & GAS (NON SKK MIGAS);2021OIL & GAS (NON SKK MIGAS)IBS REINSURANCE BROKERS, PT
2021;0;20210;OIL & GAS (NON SKK MIGAS);IBS REINSURANCE BROKERS, PT;ASURANSI BINAGRIYA UPAKARA, PT;0.5;0.05;0.05;0.01;0.25;0.225;0.02;0.02;0.4;01/01/2021;31/12/2021;2021OIL & GAS (NON SKK MIGAS);2021OIL & GAS (NON SKK MIGAS)IBS REINSURANCE BROKERS, PT
2021;0;20210;OIL & GAS (NON SKK MIGAS);REASURANSI NASIONAL INDONESIA, PT;REASURANSI NASIONAL INDONESIA, PT;0.5;0.6;0.6;0.3;0.25;0.225;0.6;0.6;1;01/01/2021;31/12/2021;2021OIL & GAS (NON SKK MIGAS);2021OIL & GAS (NON SKK MIGAS)REASURANSI NASIONAL INDONESIA, PT
2021;0;20210;OIL & GAS (NON SKK MIGAS);TRINITY RE;ASURANSI JASA INDONESIA, PT;0.5;0.1;0.1;0.025;0.25;0.225;0.05;0.05;0.5;01/01/2021;31/12/2021;2021OIL & GAS (NON SKK MIGAS);2021OIL & GAS (NON SKK MIGAS)TRINITY RE
2021;0;20210;OIL & GAS (NON SKK MIGAS);TRINITY RE;ASURANSI SINAR MAS, PT;0.5;0.1;0.1;0.015;0.25;0.225;0.03;0.03;0.3;01/01/2021;31/12/2021;2021OIL & GAS (NON SKK MIGAS);2021OIL & GAS (NON SKK MIGAS)TRINITY RE
2021;0;20210;OIL & GAS (NON SKK MIGAS);TRINITY RE;ASURANSI JASARAHARJA PUTERA;0.5;0.1;0.1;0.01;0.25;0.225;0.02;0.02;0.2;01/01/2021;31/12/2021;2021OIL & GAS (NON SKK MIGAS);2021OIL & GAS (NON SKK MIGAS)TRINITY RE
2021;0;20210;OIL & GAS (SKK MIGAS);ASRINDA ARTHASANGGA RE BROKERS, PT;TUGU REASURANSI, PT;0.5;0.25;0.25;0.07;0.25;0.225;0.14;0.14;0.56;01/01/2021;31/12/2021;2021OIL & GAS (SKK MIGAS);2021OIL & GAS (SKK MIGAS)ASRINDA ARTHASANGGA RE BROKERS, PT
2021;0;20210;OIL & GAS (SKK MIGAS);ASRINDA ARTHASANGGA RE BROKERS, PT;MASKAPAI REASURANSI INDONESIA, PT;0.5;0.25;0.25;0.035;0.25;0.225;0.07;0.07;0.28;01/01/2021;31/12/2021;2021OIL & GAS (SKK MIGAS);2021OIL & GAS (SKK MIGAS)ASRINDA ARTHASANGGA RE BROKERS, PT
2021;0;20210;OIL & GAS (SKK MIGAS);ASRINDA ARTHASANGGA RE BROKERS, PT;REASURANSI NUSANTARA MAKMUR, PT;0.5;0.25;0.25;0.02;0.25;0.225;0.04;0.04;0.16;01/01/2021;31/12/2021;2021OIL & GAS (SKK MIGAS);2021OIL & GAS (SKK MIGAS)ASRINDA ARTHASANGGA RE BROKERS, PT
2021;0;20210;OIL & GAS (SKK MIGAS);IBS REINSURANCE BROKERS, PT;ASURANSI BHAKTI BHAYANGKARA;0.5;0.05;0.05;0.005;0.25;0.225;0.01;0.01;0.2;01/01/2021;31/12/2021;2021OIL & GAS (SKK MIGAS);2021OIL & GAS (SKK MIGAS)IBS REINSURANCE BROKERS, PT
2021;0;20210;OIL & GAS (SKK MIGAS);IBS REINSURANCE BROKERS, PT;ASURANSI VIDEI;0.5;0.05;0.05;0.01;0.25;0.225;0.02;0.02;0.4;01/01/2021;31/12/2021;2021OIL & GAS (SKK MIGAS);2021OIL & GAS (SKK MIGAS)IBS REINSURANCE BROKERS, PT
2021;0;20210;OIL & GAS (SKK MIGAS);IBS REINSURANCE BROKERS, PT;ASURANSI BINAGRIYA UPAKARA, PT;0.5;0.05;0.05;0.01;0.25;0.225;0.02;0.02;0.4;01/01/2021;31/12/2021;2021OIL & GAS (SKK MIGAS);2021OIL & GAS (SKK MIGAS)IBS REINSURANCE BROKERS, PT
2021;0;20210;OIL & GAS (SKK MIGAS);REASURANSI NASIONAL INDONESIA, PT;REASURANSI NASIONAL INDONESIA, PT;0.5;0.6;0.6;0.3;0.25;0.225;0.6;0.6;1;01/01/2021;31/12/2021;2021OIL & GAS (SKK MIGAS);2021OIL & GAS (SKK MIGAS)REASURANSI NASIONAL INDONESIA, PT
2021;0;20210;OIL & GAS (SKK MIGAS);TRINITY RE;ASURANSI JASA INDONESIA, PT;0.5;0.1;0.1;0.025;0.25;0.225;0.05;0.05;0.5;01/01/2021;31/12/2021;2021OIL & GAS (SKK MIGAS);2021OIL & GAS (SKK MIGAS)TRINITY RE
2021;0;20210;OIL & GAS (SKK MIGAS);TRINITY RE;ASURANSI SINAR MAS, PT;0.5;0.1;0.1;0.015;0.25;0.225;0.03;0.03;0.3;01/01/2021;31/12/2021;2021OIL & GAS (SKK MIGAS);2021OIL & GAS (SKK MIGAS)TRINITY RE
2021;0;20210;OIL & GAS (SKK MIGAS);TRINITY RE;ASURANSI JASARAHARJA PUTERA;0.5;0.1;0.1;0.01;0.25;0.225;0.02;0.02;0.2;01/01/2021;31/12/2021;2021OIL & GAS (SKK MIGAS);2021OIL & GAS (SKK MIGAS)TRINITY RE
2021;11;202111;PERSONAL ACCIDENT (GA);ASRINDA ARTHASANGGA RE BROKERS, PT;TUGU REASURANSI, PT;0;0;0.25;0;0;0.3;0;0.14;0;01/01/2021;31/12/2021;2021PERSONAL ACCIDENT (GA);2021PERSONAL ACCIDENT (GA)ASRINDA ARTHASANGGA RE BROKERS, PT
2021;11;202111;PERSONAL ACCIDENT (GA);ASRINDA ARTHASANGGA RE BROKERS, PT;MASKAPAI REASURANSI INDONESIA, PT;0;0;0.25;0;0;0.3;0;0.07;0;01/01/2021;31/12/2021;2021PERSONAL ACCIDENT (GA);2021PERSONAL ACCIDENT (GA)ASRINDA ARTHASANGGA RE BROKERS, PT
2021;11;202111;PERSONAL ACCIDENT (GA);ASRINDA ARTHASANGGA RE BROKERS, PT;REASURANSI NUSANTARA MAKMUR, PT;0;0;0.25;0;0;0.3;0;0.04;0;01/01/2021;31/12/2021;2021PERSONAL ACCIDENT (GA);2021PERSONAL ACCIDENT (GA)ASRINDA ARTHASANGGA RE BROKERS, PT
2021;11;202111;PERSONAL ACCIDENT (GA);IBS REINSURANCE BROKERS, PT;ASURANSI BHAKTI BHAYANGKARA;0;0;0.05;0;0;0.3;0;0.01;0;01/01/2021;31/12/2021;2021PERSONAL ACCIDENT (GA);2021PERSONAL ACCIDENT (GA)IBS REINSURANCE BROKERS, PT
2021;11;202111;PERSONAL ACCIDENT (GA);IBS REINSURANCE BROKERS, PT;ASURANSI VIDEI;0;0;0.05;0;0;0.3;0;0.02;0;01/01/2021;31/12/2021;2021PERSONAL ACCIDENT (GA);2021PERSONAL ACCIDENT (GA)IBS REINSURANCE BROKERS, PT
2021;11;202111;PERSONAL ACCIDENT (GA);IBS REINSURANCE BROKERS, PT;ASURANSI BINAGRIYA UPAKARA, PT;0;0;0.05;0;0;0.3;0;0.02;0;01/01/2021;31/12/2021;2021PERSONAL ACCIDENT (GA);2021PERSONAL ACCIDENT (GA)IBS REINSURANCE BROKERS, PT
2021;11;202111;PERSONAL ACCIDENT (GA);REASURANSI NASIONAL INDONESIA, PT;REASURANSI NASIONAL INDONESIA, PT;0;0;0.6;0;0;0.3;0;0.6;0;01/01/2021;31/12/2021;2021PERSONAL ACCIDENT (GA);2021PERSONAL ACCIDENT (GA)REASURANSI NASIONAL INDONESIA, PT
2021;11;202111;PERSONAL ACCIDENT (GA);TRINITY RE;ASURANSI JASA INDONESIA, PT;0;0;0.1;0;0;0.3;0;0.05;0;01/01/2021;31/12/2021;2021PERSONAL ACCIDENT (GA);2021PERSONAL ACCIDENT (GA)TRINITY RE
2021;11;202111;PERSONAL ACCIDENT (GA);TRINITY RE;ASURANSI SINAR MAS, PT;0;0;0.1;0;0;0.3;0;0.03;0;01/01/2021;31/12/2021;2021PERSONAL ACCIDENT (GA);2021PERSONAL ACCIDENT (GA)TRINITY RE
2021;11;202111;PERSONAL ACCIDENT (GA);TRINITY RE;ASURANSI JASARAHARJA PUTERA;0;0;0.1;0;0;0.3;0;0.02;0;01/01/2021;31/12/2021;2021PERSONAL ACCIDENT (GA);2021PERSONAL ACCIDENT (GA)TRINITY RE
2021;KUK;2021KUK;PRODUCTIVE CREDIT;ASRINDA ARTHASANGGA RE BROKERS, PT;REASURANSI INDONESIA UTAMA, PT;0.7;0.25;;0.0175;0.325;0;0.025;0;0.1;01/01/2021;31/12/2021;2021PRODUCTIVE CREDIT;2021PRODUCTIVE CREDITASRINDA ARTHASANGGA RE BROKERS, PT
2021;KUK;2021KUK;PRODUCTIVE CREDIT;ASRINDA ARTHASANGGA RE BROKERS, PT;TUGU REASURANSI, PT;0.7;0.25;;0.063;0.325;0;0.09;0;0.36;01/01/2021;31/12/2021;2021PRODUCTIVE CREDIT;2021PRODUCTIVE CREDITASRINDA ARTHASANGGA RE BROKERS, PT
2021;KUK;2021KUK;PRODUCTIVE CREDIT;ASRINDA ARTHASANGGA RE BROKERS, PT;MASKAPAI REASURANSI INDONESIA, PT;0.7;0.25;;0.049;0.325;0;0.07;0;0.28;01/01/2021;31/12/2021;2021PRODUCTIVE CREDIT;2021PRODUCTIVE CREDITASRINDA ARTHASANGGA RE BROKERS, PT
2021;KUK;2021KUK;PRODUCTIVE CREDIT;ASRINDA ARTHASANGGA RE BROKERS, PT;REASURANSI NUSANTARA MAKMUR, PT;0.7;0.25;;0.0455;0.325;0;0.065;0;0.26;01/01/2021;31/12/2021;2021PRODUCTIVE CREDIT;2021PRODUCTIVE CREDITASRINDA ARTHASANGGA RE BROKERS, PT
2021;KUK;2021KUK;PRODUCTIVE CREDIT;IBS REINSURANCE BROKERS, PT;ASURANSI BHAKTI BHAYANGKARA;0.7;0.05;;0.007;0.325;0;0.01;0;0.2;01/01/2021;31/12/2021;2021PRODUCTIVE CREDIT;2021PRODUCTIVE CREDITIBS REINSURANCE BROKERS, PT
2021;KUK;2021KUK;PRODUCTIVE CREDIT;IBS REINSURANCE BROKERS, PT;ASURANSI VIDEI;0.7;0.05;;0.014;0.325;0;0.02;0;0.4;01/01/2021;31/12/2021;2021PRODUCTIVE CREDIT;2021PRODUCTIVE CREDITIBS REINSURANCE BROKERS, PT
2021;KUK;2021KUK;PRODUCTIVE CREDIT;IBS REINSURANCE BROKERS, PT;ASURANSI BINAGRIYA UPAKARA, PT;0.7;0.05;;0.014;0.325;0;0.02;0;0.4;01/01/2021;31/12/2021;2021PRODUCTIVE CREDIT;2021PRODUCTIVE CREDITIBS REINSURANCE BROKERS, PT
2021;KUK;2021KUK;PRODUCTIVE CREDIT;REASURANSI NASIONAL INDONESIA, PT;REASURANSI NASIONAL INDONESIA, PT;0.7;0.6;;0.42;0.325;0;0.6;0;1;01/01/2021;31/12/2021;2021PRODUCTIVE CREDIT;2021PRODUCTIVE CREDITREASURANSI NASIONAL INDONESIA, PT
2021;KUK;2021KUK;PRODUCTIVE CREDIT;TRINITY RE;ASURANSI JASA INDONESIA, PT;0.7;0.1;;0.035;0.325;0;0.05;0;0.5;01/01/2021;31/12/2021;2021PRODUCTIVE CREDIT;2021PRODUCTIVE CREDITTRINITY RE
2021;KUK;2021KUK;PRODUCTIVE CREDIT;TRINITY RE;ASURANSI SINAR MAS, PT;0.7;0.1;;0.021;0.325;0;0.03;0;0.3;01/01/2021;31/12/2021;2021PRODUCTIVE CREDIT;2021PRODUCTIVE CREDITTRINITY RE
2021;KUK;2021KUK;PRODUCTIVE CREDIT;TRINITY RE;ASURANSI JASARAHARJA PUTERA;0.7;0.1;;0.014;0.325;0;0.02;0;0.2;01/01/2021;31/12/2021;2021PRODUCTIVE CREDIT;2021PRODUCTIVE CREDITTRINITY RE
2021;BDN;2021BDN;SKBDN / LC;ASRINDA ARTHASANGGA RE BROKERS, PT;REASURANSI INDONESIA UTAMA, PT;0.3;0.25;0.25;0.0075;0.325;0.3;0.025;0.025;0.1;01/01/2021;31/12/2021;2021SKBDN / LC;2021SKBDN / LCASRINDA ARTHASANGGA RE BROKERS, PT
2021;BDN;2021BDN;SKBDN / LC;ASRINDA ARTHASANGGA RE BROKERS, PT;TUGU REASURANSI, PT;0.3;0.25;0.25;0.027;0.325;0.3;0.09;0.09;0.36;01/01/2021;31/12/2021;2021SKBDN / LC;2021SKBDN / LCASRINDA ARTHASANGGA RE BROKERS, PT
2021;BDN;2021BDN;SKBDN / LC;ASRINDA ARTHASANGGA RE BROKERS, PT;MASKAPAI REASURANSI INDONESIA, PT;0.3;0.25;0.25;0.021;0.325;0.3;0.07;0.07;0.28;01/01/2021;31/12/2021;2021SKBDN / LC;2021SKBDN / LCASRINDA ARTHASANGGA RE BROKERS, PT
2021;BDN;2021BDN;SKBDN / LC;ASRINDA ARTHASANGGA RE BROKERS, PT;REASURANSI NUSANTARA MAKMUR, PT;0.3;0.25;0.25;0.0195;0.325;0.3;0.065;0.065;0.26;01/01/2021;31/12/2021;2021SKBDN / LC;2021SKBDN / LCASRINDA ARTHASANGGA RE BROKERS, PT
2021;BDN;2021BDN;SKBDN / LC;IBS REINSURANCE BROKERS, PT;ASURANSI BHAKTI BHAYANGKARA;0.3;0.05;0.05;0.003;0.325;0.3;0.01;0.01;0.2;01/01/2021;31/12/2021;2021SKBDN / LC;2021SKBDN / LCIBS REINSURANCE BROKERS, PT
2021;BDN;2021BDN;SKBDN / LC;IBS REINSURANCE BROKERS, PT;ASURANSI VIDEI;0.3;0.05;0.05;0.006;0.325;0.3;0.02;0.02;0.4;01/01/2021;31/12/2021;2021SKBDN / LC;2021SKBDN / LCIBS REINSURANCE BROKERS, PT
2021;BDN;2021BDN;SKBDN / LC;IBS REINSURANCE BROKERS, PT;ASURANSI BINAGRIYA UPAKARA, PT;0.3;0.05;0.05;0.006;0.325;0.3;0.02;0.02;0.4;01/01/2021;31/12/2021;2021SKBDN / LC;2021SKBDN / LCIBS REINSURANCE BROKERS, PT
2021;BDN;2021BDN;SKBDN / LC;REASURANSI NASIONAL INDONESIA, PT;REASURANSI NASIONAL INDONESIA, PT;0.3;0.6;0.6;0.18;0.325;0.3;0.6;0.6;1;01/01/2021;31/12/2021;2021SKBDN / LC;2021SKBDN / LCREASURANSI NASIONAL INDONESIA, PT
2021;BDN;2021BDN;SKBDN / LC;TRINITY RE;ASURANSI JASA INDONESIA, PT;0.3;0.1;0.1;0.015;0.325;0.3;0.05;0.05;0.5;01/01/2021;31/12/2021;2021SKBDN / LC;2021SKBDN / LCTRINITY RE
2021;BDN;2021BDN;SKBDN / LC;TRINITY RE;ASURANSI SINAR MAS, PT;0.3;0.1;0.1;0.009;0.325;0.3;0.03;0.03;0.3;01/01/2021;31/12/2021;2021SKBDN / LC;2021SKBDN / LCTRINITY RE
2021;BDN;2021BDN;SKBDN / LC;TRINITY RE;ASURANSI JASARAHARJA PUTERA;0.3;0.1;0.1;0.006;0.325;0.3;0.02;0.02;0.2;01/01/2021;31/12/2021;2021SKBDN / LC;2021SKBDN / LCTRINITY RE
2021;SB;2021SB;SURETY BOND;ASRINDA ARTHASANGGA RE BROKERS, PT;REASURANSI INDONESIA UTAMA, PT;0.3;0.25;0.25;0.0075;0.35;0.325;0.025;0.025;0.1;01/01/2021;31/12/2021;2021SURETY BOND;2021SURETY BONDASRINDA ARTHASANGGA RE BROKERS, PT
2021;SB;2021SB;SURETY BOND;ASRINDA ARTHASANGGA RE BROKERS, PT;TUGU REASURANSI, PT;0.3;0.25;0.25;0.027;0.35;0.325;0.09;0.09;0.36;01/01/2021;31/12/2021;2021SURETY BOND;2021SURETY BONDASRINDA ARTHASANGGA RE BROKERS, PT
2021;SB;2021SB;SURETY BOND;ASRINDA ARTHASANGGA RE BROKERS, PT;MASKAPAI REASURANSI INDONESIA, PT;0.3;0.25;0.25;0.021;0.35;0.325;0.07;0.07;0.28;01/01/2021;31/12/2021;2021SURETY BOND;2021SURETY BONDASRINDA ARTHASANGGA RE BROKERS, PT
2021;SB;2021SB;SURETY BOND;ASRINDA ARTHASANGGA RE BROKERS, PT;REASURANSI NUSANTARA MAKMUR, PT;0.3;0.25;0.25;0.0195;0.35;0.325;0.065;0.065;0.26;01/01/2021;31/12/2021;2021SURETY BOND;2021SURETY BONDASRINDA ARTHASANGGA RE BROKERS, PT
2021;SB;2021SB;SURETY BOND;IBS REINSURANCE BROKERS, PT;ASURANSI BHAKTI BHAYANGKARA;0.3;0.05;0.05;0.003;0.35;0.325;0.01;0.01;0.2;01/01/2021;31/12/2021;2021SURETY BOND;2021SURETY BONDIBS REINSURANCE BROKERS, PT
2021;SB;2021SB;SURETY BOND;IBS REINSURANCE BROKERS, PT;ASURANSI VIDEI;0.3;0.05;0.05;0.006;0.35;0.325;0.02;0.02;0.4;01/01/2021;31/12/2021;2021SURETY BOND;2021SURETY BONDIBS REINSURANCE BROKERS, PT
2021;SB;2021SB;SURETY BOND;IBS REINSURANCE BROKERS, PT;ASURANSI BINAGRIYA UPAKARA, PT;0.3;0.05;0.05;0.006;0.35;0.325;0.02;0.02;0.4;01/01/2021;31/12/2021;2021SURETY BOND;2021SURETY BONDIBS REINSURANCE BROKERS, PT
2021;SB;2021SB;SURETY BOND;REASURANSI NASIONAL INDONESIA, PT;REASURANSI NASIONAL INDONESIA, PT;0.3;0.6;0.6;0.18;0.35;0.325;0.6;0.6;1;01/01/2021;31/12/2021;2021SURETY BOND;2021SURETY BONDREASURANSI NASIONAL INDONESIA, PT
2021;SB;2021SB;SURETY BOND;TRINITY RE;ASURANSI JASA INDONESIA, PT;0.3;0.1;0.1;0.015;0.35;0.325;0.05;0.05;0.5;01/01/2021;31/12/2021;2021SURETY BOND;2021SURETY BONDTRINITY RE
2021;SB;2021SB;SURETY BOND;TRINITY RE;ASURANSI SINAR MAS, PT;0.3;0.1;0.1;0.009;0.35;0.325;0.03;0.03;0.3;01/01/2021;31/12/2021;2021SURETY BOND;2021SURETY BONDTRINITY RE
2021;SB;2021SB;SURETY BOND;TRINITY RE;ASURANSI JASARAHARJA PUTERA;0.3;0.1;0.1;0.006;0.35;0.325;0.02;0.02;0.2;01/01/2021;31/12/2021;2021SURETY BOND;2021SURETY BONDTRINITY RE
2021;TRC;2021TRC;TRADE CREDIT;ASRINDA ARTHASANGGA RE BROKERS, PT;REASURANSI INDONESIA UTAMA, PT;0.3;0.25;0.25;0.0075;0.325;0.3;0.025;0.025;0.1;01/01/2021;31/12/2021;2021TRADE CREDIT;2021TRADE CREDITASRINDA ARTHASANGGA RE BROKERS, PT
2021;TRC;2021TRC;TRADE CREDIT;ASRINDA ARTHASANGGA RE BROKERS, PT;TUGU REASURANSI, PT;0.3;0.25;0.25;0.027;0.325;0.3;0.09;0.09;0.36;01/01/2021;31/12/2021;2021TRADE CREDIT;2021TRADE CREDITASRINDA ARTHASANGGA RE BROKERS, PT
2021;TRC;2021TRC;TRADE CREDIT;ASRINDA ARTHASANGGA RE BROKERS, PT;MASKAPAI REASURANSI INDONESIA, PT;0.3;0.25;0.25;0.021;0.325;0.3;0.07;0.07;0.28;01/01/2021;31/12/2021;2021TRADE CREDIT;2021TRADE CREDITASRINDA ARTHASANGGA RE BROKERS, PT
2021;TRC;2021TRC;TRADE CREDIT;ASRINDA ARTHASANGGA RE BROKERS, PT;REASURANSI NUSANTARA MAKMUR, PT;0.3;0.25;0.25;0.0195;0.325;0.3;0.065;0.065;0.26;01/01/2021;31/12/2021;2021TRADE CREDIT;2021TRADE CREDITASRINDA ARTHASANGGA RE BROKERS, PT
2021;TRC;2021TRC;TRADE CREDIT;IBS REINSURANCE BROKERS, PT;ASURANSI BHAKTI BHAYANGKARA;0.3;0.05;0.05;0.003;0.325;0.3;0.01;0.01;0.2;01/01/2021;31/12/2021;2021TRADE CREDIT;2021TRADE CREDITIBS REINSURANCE BROKERS, PT
2021;TRC;2021TRC;TRADE CREDIT;IBS REINSURANCE BROKERS, PT;ASURANSI VIDEI;0.3;0.05;0.05;0.006;0.325;0.3;0.02;0.02;0.4;01/01/2021;31/12/2021;2021TRADE CREDIT;2021TRADE CREDITIBS REINSURANCE BROKERS, PT
2021;TRC;2021TRC;TRADE CREDIT;IBS REINSURANCE BROKERS, PT;ASURANSI BINAGRIYA UPAKARA, PT;0.3;0.05;0.05;0.006;0.325;0.3;0.02;0.02;0.4;01/01/2021;31/12/2021;2021TRADE CREDIT;2021TRADE CREDITIBS REINSURANCE BROKERS, PT
2021;TRC;2021TRC;TRADE CREDIT;REASURANSI NASIONAL INDONESIA, PT;REASURANSI NASIONAL INDONESIA, PT;0.3;0.6;0.6;0.18;0.325;0.3;0.6;0.6;1;01/01/2021;31/12/2021;2021TRADE CREDIT;2021TRADE CREDITREASURANSI NASIONAL INDONESIA, PT
2021;TRC;2021TRC;TRADE CREDIT;TRINITY RE;ASURANSI JASA INDONESIA, PT;0.3;0.1;0.1;0.015;0.325;0.3;0.05;0.05;0.5;01/01/2021;31/12/2021;2021TRADE CREDIT;2021TRADE CREDITTRINITY RE
2021;TRC;2021TRC;TRADE CREDIT;TRINITY RE;ASURANSI SINAR MAS, PT;0.3;0.1;0.1;0.009;0.325;0.3;0.03;0.03;0.3;01/01/2021;31/12/2021;2021TRADE CREDIT;2021TRADE CREDITTRINITY RE
2021;TRC;2021TRC;TRADE CREDIT;TRINITY RE;ASURANSI JASARAHARJA PUTERA;0.3;0.1;0.1;0.006;0.325;0.3;0.02;0.02;0.2;01/01/2021;31/12/2021;2021TRADE CREDIT;2021TRADE CREDITTRINITY RE
2022;5;20225;AVIATION;ASURANSI BINAGRIYA UPAKARA, PT;ASURANSI BINAGRIYA UPAKARA, PT;0.5;0.025;0.025;0.0125;0.3;0;0.025;0.025;1;01/01/2022;31/12/2022;2022AVIATION;2022AVIATIONASURANSI BINAGRIYA UPAKARA, PT
2022;5;20225;AVIATION;ASURANSI JASA INDONESIA, PT;ASURANSI JASA INDONESIA, PT;0.5;0.05;0.05;0.025;0.3;0;0.05;0.05;1;01/01/2022;31/12/2022;2022AVIATION;2022AVIATIONASURANSI JASA INDONESIA, PT
2022;5;20225;AVIATION;ASURANSI JASARAHARJA PUTERA;ASURANSI JASARAHARJA PUTERA;0.5;0.02;0.02;0.01;0.3;0;0.02;0.02;1;01/01/2022;31/12/2022;2022AVIATION;2022AVIATIONASURANSI JASARAHARJA PUTERA
2022;5;20225;AVIATION;ASURANSI SINAR MAS, PT;ASURANSI SINAR MAS, PT;0.5;0.03;0.03;0.015;0.3;0;0.03;0.03;1;01/01/2022;31/12/2022;2022AVIATION;2022AVIATIONASURANSI SINAR MAS, PT
2022;5;20225;AVIATION;MASKAPAI REASURANSI INDONESIA, PT;MASKAPAI REASURANSI INDONESIA, PT;0.5;0.085;0.085;0.0425;0.3;0;0.085;0.085;1;01/01/2022;31/12/2022;2022AVIATION;2022AVIATIONMASKAPAI REASURANSI INDONESIA, PT
2022;5;20225;AVIATION;REASURANSI NASIONAL INDONESIA, PT;REASURANSI NASIONAL INDONESIA, PT;0.5;0.6;0.6;0.3;0.3;0;0.6;0.6;1;01/01/2022;31/12/2022;2022AVIATION;2022AVIATIONREASURANSI NASIONAL INDONESIA, PT
2022;5;20225;AVIATION;REASURANSI NUSANTARA MAKMUR, PT;REASURANSI NUSANTARA MAKMUR, PT;0.5;0.04;0.04;0.02;0.3;0;0.04;0.04;1;01/01/2022;31/12/2022;2022AVIATION;2022AVIATIONREASURANSI NUSANTARA MAKMUR, PT
2022;5;20225;AVIATION;TUGU REASURANSI, PT;TUGU REASURANSI, PT;0.5;0.15;0.15;0.075;0.3;0;0.15;0.15;1;01/01/2022;31/12/2022;2022AVIATION;2022AVIATIONTUGU REASURANSI, PT
2022;5;20225;AVIATION LIABILITY;ASURANSI BINAGRIYA UPAKARA, PT;ASURANSI BINAGRIYA UPAKARA, PT;0.5;0.025;0.025;0.0125;0.25;0.225;0.025;0.025;1;01/01/2022;31/12/2022;2022AVIATION LIABILITY;2022AVIATION LIABILITYASURANSI BINAGRIYA UPAKARA, PT
2022;5;20225;AVIATION LIABILITY;ASURANSI JASA INDONESIA, PT;ASURANSI JASA INDONESIA, PT;0.5;0.05;0.05;0.025;0.25;0.225;0.05;0.05;1;01/01/2022;31/12/2022;2022AVIATION LIABILITY;2022AVIATION LIABILITYASURANSI JASA INDONESIA, PT
2022;5;20225;AVIATION LIABILITY;ASURANSI JASARAHARJA PUTERA;ASURANSI JASARAHARJA PUTERA;0.5;0.02;0.02;0.01;0.25;0.225;0.02;0.02;1;01/01/2022;31/12/2022;2022AVIATION LIABILITY;2022AVIATION LIABILITYASURANSI JASARAHARJA PUTERA
2022;5;20225;AVIATION LIABILITY;ASURANSI SINAR MAS, PT;ASURANSI SINAR MAS, PT;0.5;0.03;0.03;0.015;0.25;0.225;0.03;0.03;1;01/01/2022;31/12/2022;2022AVIATION LIABILITY;2022AVIATION LIABILITYASURANSI SINAR MAS, PT
2022;5;20225;AVIATION LIABILITY;MASKAPAI REASURANSI INDONESIA, PT;MASKAPAI REASURANSI INDONESIA, PT;0.5;0.085;0.085;0.0425;0.25;0.225;0.085;0.085;1;01/01/2022;31/12/2022;2022AVIATION LIABILITY;2022AVIATION LIABILITYMASKAPAI REASURANSI INDONESIA, PT
2022;5;20225;AVIATION LIABILITY;REASURANSI NASIONAL INDONESIA, PT;REASURANSI NASIONAL INDONESIA, PT;0.5;0.6;0.6;0.3;0.25;0.225;0.6;0.6;1;01/01/2022;31/12/2022;2022AVIATION LIABILITY;2022AVIATION LIABILITYREASURANSI NASIONAL INDONESIA, PT
2022;5;20225;AVIATION LIABILITY;REASURANSI NUSANTARA MAKMUR, PT;REASURANSI NUSANTARA MAKMUR, PT;0.5;0.04;0.04;0.02;0.25;0.225;0.04;0.04;1;01/01/2022;31/12/2022;2022AVIATION LIABILITY;2022AVIATION LIABILITYREASURANSI NUSANTARA MAKMUR, PT
2022;5;20225;AVIATION LIABILITY;TUGU REASURANSI, PT;TUGU REASURANSI, PT;0.5;0.15;0.15;0.075;0.25;0.225;0.15;0.15;1;01/01/2022;31/12/2022;2022AVIATION LIABILITY;2022AVIATION LIABILITYTUGU REASURANSI, PT
2022;KUC;2022KUC;COMMERCIAL CREDIT;ASURANSI BINAGRIYA UPAKARA, PT;ASURANSI BINAGRIYA UPAKARA, PT;0.3;0.025;0.025;0.0075;0.3;0.275;0.025;0.025;1;01/01/2022;28/02/2022;2022COMMERCIAL CREDIT;2022COMMERCIAL CREDITASURANSI BINAGRIYA UPAKARA, PT
2022;KUC;2022KUC;COMMERCIAL CREDIT;ASURANSI JASA INDONESIA, PT;ASURANSI JASA INDONESIA, PT;0.3;0.05;0.05;0.015;0.3;0.275;0.05;0.05;1;01/01/2022;28/02/2022;2022COMMERCIAL CREDIT;2022COMMERCIAL CREDITASURANSI JASA INDONESIA, PT
2022;KUC;2022KUC;COMMERCIAL CREDIT;ASURANSI JASARAHARJA PUTERA;ASURANSI JASARAHARJA PUTERA;0.3;0.02;0.02;0.006;0.3;0.275;0.02;0.02;1;01/01/2022;28/02/2022;2022COMMERCIAL CREDIT;2022COMMERCIAL CREDITASURANSI JASARAHARJA PUTERA
2022;KUC;2022KUC;COMMERCIAL CREDIT;ASURANSI SINAR MAS, PT;ASURANSI SINAR MAS, PT;0.3;0.03;0.03;0.009;0.3;0.275;0.03;0.03;1;01/01/2022;28/02/2022;2022COMMERCIAL CREDIT;2022COMMERCIAL CREDITASURANSI SINAR MAS, PT
2022;KUC;2022KUC;COMMERCIAL CREDIT;MASKAPAI REASURANSI INDONESIA, PT;MASKAPAI REASURANSI INDONESIA, PT;0.3;0.095;0.095;0.0285;0.3;0.275;0.095;0.095;1;01/01/2022;28/02/2022;2022COMMERCIAL CREDIT;2022COMMERCIAL CREDITMASKAPAI REASURANSI INDONESIA, PT
2022;KUC;2022KUC;COMMERCIAL CREDIT;REASURANSI INDONESIA UTAMA, PT;REASURANSI INDONESIA UTAMA, PT;0.3;0.025;0.025;0.0075;0.3;0.275;0.025;0.025;1;01/01/2022;28/02/2022;2022COMMERCIAL CREDIT;2022COMMERCIAL CREDITREASURANSI INDONESIA UTAMA, PT
2022;KUC;2022KUC;COMMERCIAL CREDIT;REASURANSI NASIONAL INDONESIA, PT;REASURANSI NASIONAL INDONESIA, PT;0.3;0.6;0.6;0.18;0.3;0.275;0.6;0.6;1;01/01/2022;28/02/2022;2022COMMERCIAL CREDIT;2022COMMERCIAL CREDITREASURANSI NASIONAL INDONESIA, PT
2022;KUC;2022KUC;COMMERCIAL CREDIT;REASURANSI NUSANTARA MAKMUR, PT;REASURANSI NUSANTARA MAKMUR, PT;0.3;0.065;0.065;0.0195;0.3;0.275;0.065;0.065;1;01/01/2022;28/02/2022;2022COMMERCIAL CREDIT;2022COMMERCIAL CREDITREASURANSI NUSANTARA MAKMUR, PT
2022;KUC;2022KUC;COMMERCIAL CREDIT;TUGU REASURANSI, PT;TUGU REASURANSI, PT;0.3;0.09;0.09;0.027;0.3;0.275;0.09;0.09;1;01/01/2022;28/02/2022;2022COMMERCIAL CREDIT;2022COMMERCIAL CREDITTUGU REASURANSI, PT
2022;KUC;2022KUC;COMMERCIAL CREDIT rev;ASURANSI BINAGRIYA UPAKARA, PT;ASURANSI BINAGRIYA UPAKARA, PT;0.3;0.04;0.04;0.012;0.3;0.275;0.04;0.04;1;01/03/2022;31/12/2022;2022COMMERCIAL CREDIT rev;2022COMMERCIAL CREDIT revASURANSI BINAGRIYA UPAKARA, PT
2022;KUC;2022KUC;COMMERCIAL CREDIT rev;ASURANSI JASA INDONESIA, PT;ASURANSI JASA INDONESIA, PT;0.3;0.025;0.025;0.0075;0.3;0.275;0.025;0.025;1;01/03/2022;31/12/2022;2022COMMERCIAL CREDIT rev;2022COMMERCIAL CREDIT revASURANSI JASA INDONESIA, PT
2022;KUC;2022KUC;COMMERCIAL CREDIT rev;ASURANSI JASARAHARJA PUTERA;ASURANSI JASARAHARJA PUTERA;0.3;0.02;0.02;0.006;0.3;0.275;0.02;0.02;1;01/03/2022;31/12/2022;2022COMMERCIAL CREDIT rev;2022COMMERCIAL CREDIT revASURANSI JASARAHARJA PUTERA
2022;KUC;2022KUC;COMMERCIAL CREDIT rev;ASURANSI SINAR MAS, PT;ASURANSI SINAR MAS, PT;0.3;0.04;0.04;0.012;0.3;0.275;0.04;0.04;1;01/03/2022;31/12/2022;2022COMMERCIAL CREDIT rev;2022COMMERCIAL CREDIT revASURANSI SINAR MAS, PT
2022;KUC;2022KUC;COMMERCIAL CREDIT rev;MASKAPAI REASURANSI INDONESIA, PT;MASKAPAI REASURANSI INDONESIA, PT;0.3;0.095;0.095;0.0285;0.3;0.275;0.095;0.095;1;01/03/2022;31/12/2022;2022COMMERCIAL CREDIT rev;2022COMMERCIAL CREDIT revMASKAPAI REASURANSI INDONESIA, PT
2022;KUC;2022KUC;COMMERCIAL CREDIT rev;REASURANSI INDONESIA UTAMA, PT;REASURANSI INDONESIA UTAMA, PT;0.3;0.025;0.025;0.0075;0.3;0.275;0.025;0.025;1;01/03/2022;31/12/2022;2022COMMERCIAL CREDIT rev;2022COMMERCIAL CREDIT revREASURANSI INDONESIA UTAMA, PT
2022;KUC;2022KUC;COMMERCIAL CREDIT rev;REASURANSI NASIONAL INDONESIA, PT;REASURANSI NASIONAL INDONESIA, PT;0.3;0.6;0.6;0.18;0.3;0.275;0.6;0.6;1;01/03/2022;31/12/2022;2022COMMERCIAL CREDIT rev;2022COMMERCIAL CREDIT revREASURANSI NASIONAL INDONESIA, PT
2022;KUC;2022KUC;COMMERCIAL CREDIT rev;REASURANSI NUSANTARA MAKMUR, PT;REASURANSI NUSANTARA MAKMUR, PT;0.3;0.065;0.065;0.0195;0.3;0.275;0.065;0.065;1;01/03/2022;31/12/2022;2022COMMERCIAL CREDIT rev;2022COMMERCIAL CREDIT revREASURANSI NUSANTARA MAKMUR, PT
2022;KUC;2022KUC;COMMERCIAL CREDIT rev;TUGU REASURANSI, PT;TUGU REASURANSI, PT;0.3;0.09;0.09;0.027;0.3;0.275;0.09;0.09;1;01/03/2022;31/12/2022;2022COMMERCIAL CREDIT rev;2022COMMERCIAL CREDIT revTUGU REASURANSI, PT
2022;KUS;2022KUS;CONSUMPTIVE CREDIT;ASURANSI BINAGRIYA UPAKARA, PT;ASURANSI BINAGRIYA UPAKARA, PT;0.3;0.025;;0.0075;0.3;0;0.025;0;1;01/01/2022;31/12/2022;2022CONSUMPTIVE CREDIT;2022CONSUMPTIVE CREDITASURANSI BINAGRIYA UPAKARA, PT
2022;KUS;2022KUS;CONSUMPTIVE CREDIT;ASURANSI JASA INDONESIA, PT;ASURANSI JASA INDONESIA, PT;0.3;0.05;;0.015;0.3;0;0.05;0;1;01/01/2022;31/12/2022;2022CONSUMPTIVE CREDIT;2022CONSUMPTIVE CREDITASURANSI JASA INDONESIA, PT
2022;KUS;2022KUS;CONSUMPTIVE CREDIT;ASURANSI JASARAHARJA PUTERA;ASURANSI JASARAHARJA PUTERA;0.3;0.02;;0.006;0.3;0;0.02;0;1;01/01/2022;31/12/2022;2022CONSUMPTIVE CREDIT;2022CONSUMPTIVE CREDITASURANSI JASARAHARJA PUTERA
2022;KUS;2022KUS;CONSUMPTIVE CREDIT;ASURANSI SINAR MAS, PT;ASURANSI SINAR MAS, PT;0.3;0.03;;0.009;0.3;0;0.03;0;1;01/01/2022;31/12/2022;2022CONSUMPTIVE CREDIT;2022CONSUMPTIVE CREDITASURANSI SINAR MAS, PT
2022;KUS;2022KUS;CONSUMPTIVE CREDIT;MASKAPAI REASURANSI INDONESIA, PT;MASKAPAI REASURANSI INDONESIA, PT;0.3;0.095;;0.0285;0.3;0;0.095;0;1;01/01/2022;31/12/2022;2022CONSUMPTIVE CREDIT;2022CONSUMPTIVE CREDITMASKAPAI REASURANSI INDONESIA, PT
2022;KUS;2022KUS;CONSUMPTIVE CREDIT;REASURANSI INDONESIA UTAMA, PT;REASURANSI INDONESIA UTAMA, PT;0.3;0.025;;0.0075;0.3;0;0.025;0;1;01/01/2022;31/12/2022;2022CONSUMPTIVE CREDIT;2022CONSUMPTIVE CREDITREASURANSI INDONESIA UTAMA, PT
2022;KUS;2022KUS;CONSUMPTIVE CREDIT;REASURANSI NASIONAL INDONESIA, PT;REASURANSI NASIONAL INDONESIA, PT;0.3;0.6;;0.18;0.3;0;0.6;0;1;01/01/2022;31/12/2022;2022CONSUMPTIVE CREDIT;2022CONSUMPTIVE CREDITREASURANSI NASIONAL INDONESIA, PT
2022;KUS;2022KUS;CONSUMPTIVE CREDIT;REASURANSI NUSANTARA MAKMUR, PT;REASURANSI NUSANTARA MAKMUR, PT;0.3;0.065;;0.0195;0.3;0;0.065;0;1;01/01/2022;31/12/2022;2022CONSUMPTIVE CREDIT;2022CONSUMPTIVE CREDITREASURANSI NUSANTARA MAKMUR, PT
2022;KUS;2022KUS;CONSUMPTIVE CREDIT;TUGU REASURANSI, PT;TUGU REASURANSI, PT;0.3;0.09;;0.027;0.3;0;0.09;0;1;01/01/2022;31/12/2022;2022CONSUMPTIVE CREDIT;2022CONSUMPTIVE CREDITTUGU REASURANSI, PT
2022;KBG;2022KBG;COUNTER BANK GUARANTEE;ASURANSI BINAGRIYA UPAKARA, PT;ASURANSI BINAGRIYA UPAKARA, PT;0.5;0.025;0.025;0.0125;0.325;0.3;0.025;0.025;1;01/01/2022;31/12/2022;2022COUNTER BANK GUARANTEE;2022COUNTER BANK GUARANTEEASURANSI BINAGRIYA UPAKARA, PT
2022;KBG;2022KBG;COUNTER BANK GUARANTEE;ASURANSI JASA INDONESIA, PT;ASURANSI JASA INDONESIA, PT;0.5;0.05;0.05;0.025;0.325;0.3;0.05;0.05;1;01/01/2022;31/12/2022;2022COUNTER BANK GUARANTEE;2022COUNTER BANK GUARANTEEASURANSI JASA INDONESIA, PT
2022;KBG;2022KBG;COUNTER BANK GUARANTEE;ASURANSI JASARAHARJA PUTERA;ASURANSI JASARAHARJA PUTERA;0.5;0.02;0.02;0.01;0.325;0.3;0.02;0.02;1;01/01/2022;31/12/2022;2022COUNTER BANK GUARANTEE;2022COUNTER BANK GUARANTEEASURANSI JASARAHARJA PUTERA
2022;KBG;2022KBG;COUNTER BANK GUARANTEE;ASURANSI SINAR MAS, PT;ASURANSI SINAR MAS, PT;0.5;0.03;0.03;0.015;0.325;0.3;0.03;0.03;1;01/01/2022;31/12/2022;2022COUNTER BANK GUARANTEE;2022COUNTER BANK GUARANTEEASURANSI SINAR MAS, PT
2022;KBG;2022KBG;COUNTER BANK GUARANTEE;MASKAPAI REASURANSI INDONESIA, PT;MASKAPAI REASURANSI INDONESIA, PT;0.5;0.095;0.095;0.0475;0.325;0.3;0.095;0.095;1;01/01/2022;31/12/2022;2022COUNTER BANK GUARANTEE;2022COUNTER BANK GUARANTEEMASKAPAI REASURANSI INDONESIA, PT
2022;KBG;2022KBG;COUNTER BANK GUARANTEE;REASURANSI INDONESIA UTAMA, PT;REASURANSI INDONESIA UTAMA, PT;0.5;0.025;0.025;0.0125;0.325;0.3;0.025;0.025;1;01/01/2022;31/12/2022;2022COUNTER BANK GUARANTEE;2022COUNTER BANK GUARANTEEREASURANSI INDONESIA UTAMA, PT
2022;KBG;2022KBG;COUNTER BANK GUARANTEE;REASURANSI NASIONAL INDONESIA, PT;REASURANSI NASIONAL INDONESIA, PT;0.5;0.6;0.6;0.3;0.325;0.3;0.6;0.6;1;01/01/2022;31/12/2022;2022COUNTER BANK GUARANTEE;2022COUNTER BANK GUARANTEEREASURANSI NASIONAL INDONESIA, PT
2022;KBG;2022KBG;COUNTER BANK GUARANTEE;REASURANSI NUSANTARA MAKMUR, PT;REASURANSI NUSANTARA MAKMUR, PT;0.5;0.065;0.065;0.0325;0.325;0.3;0.065;0.065;1;01/01/2022;31/12/2022;2022COUNTER BANK GUARANTEE;2022COUNTER BANK GUARANTEEREASURANSI NUSANTARA MAKMUR, PT
2022;KBG;2022KBG;COUNTER BANK GUARANTEE;TUGU REASURANSI, PT;TUGU REASURANSI, PT;0.5;0.09;0.09;0.045;0.325;0.3;0.09;0.09;1;01/01/2022;31/12/2022;2022COUNTER BANK GUARANTEE;2022COUNTER BANK GUARANTEETUGU REASURANSI, PT
2022;CB;2022CB;CUSTOMS BOND;ASURANSI BINAGRIYA UPAKARA, PT;ASURANSI BINAGRIYA UPAKARA, PT;0.3;0.025;0.025;0.0075;0.325;0.3;0.025;0.025;1;01/01/2022;31/12/2022;2022CUSTOMS BOND;2022CUSTOMS BONDASURANSI BINAGRIYA UPAKARA, PT
2022;CB;2022CB;CUSTOMS BOND;ASURANSI JASA INDONESIA, PT;ASURANSI JASA INDONESIA, PT;0.3;0.05;0.05;0.015;0.325;0.3;0.05;0.05;1;01/01/2022;31/12/2022;2022CUSTOMS BOND;2022CUSTOMS BONDASURANSI JASA INDONESIA, PT
2022;CB;2022CB;CUSTOMS BOND;ASURANSI JASARAHARJA PUTERA;ASURANSI JASARAHARJA PUTERA;0.3;0.02;0.02;0.006;0.325;0.3;0.02;0.02;1;01/01/2022;31/12/2022;2022CUSTOMS BOND;2022CUSTOMS BONDASURANSI JASARAHARJA PUTERA
2022;CB;2022CB;CUSTOMS BOND;ASURANSI SINAR MAS, PT;ASURANSI SINAR MAS, PT;0.3;0.03;0.03;0.009;0.325;0.3;0.03;0.03;1;01/01/2022;31/12/2022;2022CUSTOMS BOND;2022CUSTOMS BONDASURANSI SINAR MAS, PT
2022;CB;2022CB;CUSTOMS BOND;MASKAPAI REASURANSI INDONESIA, PT;MASKAPAI REASURANSI INDONESIA, PT;0.3;0.095;0.095;0.0285;0.325;0.3;0.095;0.095;1;01/01/2022;31/12/2022;2022CUSTOMS BOND;2022CUSTOMS BONDMASKAPAI REASURANSI INDONESIA, PT
2022;CB;2022CB;CUSTOMS BOND;REASURANSI INDONESIA UTAMA, PT;REASURANSI INDONESIA UTAMA, PT;0.3;0.025;0.025;0.0075;0.325;0.3;0.025;0.025;1;01/01/2022;31/12/2022;2022CUSTOMS BOND;2022CUSTOMS BONDREASURANSI INDONESIA UTAMA, PT
2022;CB;2022CB;CUSTOMS BOND;REASURANSI NASIONAL INDONESIA, PT;REASURANSI NASIONAL INDONESIA, PT;0.3;0.6;0.6;0.18;0.325;0.3;0.6;0.6;1;01/01/2022;31/12/2022;2022CUSTOMS BOND;2022CUSTOMS BONDREASURANSI NASIONAL INDONESIA, PT
2022;CB;2022CB;CUSTOMS BOND;REASURANSI NUSANTARA MAKMUR, PT;REASURANSI NUSANTARA MAKMUR, PT;0.3;0.065;0.065;0.0195;0.325;0.3;0.065;0.065;1;01/01/2022;31/12/2022;2022CUSTOMS BOND;2022CUSTOMS BONDREASURANSI NUSANTARA MAKMUR, PT
2022;CB;2022CB;CUSTOMS BOND;TUGU REASURANSI, PT;TUGU REASURANSI, PT;0.3;0.09;0.09;0.027;0.325;0.3;0.09;0.09;1;01/01/2022;31/12/2022;2022CUSTOMS BOND;2022CUSTOMS BONDTUGU REASURANSI, PT
2022;9;20229;ENGINEERING;ASURANSI BINAGRIYA UPAKARA, PT;ASURANSI BINAGRIYA UPAKARA, PT;0;0;0.025;0;0;0.3;0;0.025;0;01/01/2022;31/12/2022;2022ENGINEERING;2022ENGINEERINGASURANSI BINAGRIYA UPAKARA, PT
2022;9;20229;ENGINEERING;ASURANSI JASA INDONESIA, PT;ASURANSI JASA INDONESIA, PT;0;0;0.05;0;0;0.3;0;0.05;0;01/01/2022;31/12/2022;2022ENGINEERING;2022ENGINEERINGASURANSI JASA INDONESIA, PT
2022;9;20229;ENGINEERING;ASURANSI JASARAHARJA PUTERA;ASURANSI JASARAHARJA PUTERA;0;0;0.02;0;0;0.3;0;0.02;0;01/01/2022;31/12/2022;2022ENGINEERING;2022ENGINEERINGASURANSI JASARAHARJA PUTERA
2022;9;20229;ENGINEERING;ASURANSI SINAR MAS, PT;ASURANSI SINAR MAS, PT;0;0;0.03;0;0;0.3;0;0.03;0;01/01/2022;31/12/2022;2022ENGINEERING;2022ENGINEERINGASURANSI SINAR MAS, PT
2022;9;20229;ENGINEERING;MASKAPAI REASURANSI INDONESIA, PT;MASKAPAI REASURANSI INDONESIA, PT;0;0;0.085;0;0;0.3;0;0.085;0;01/01/2022;31/12/2022;2022ENGINEERING;2022ENGINEERINGMASKAPAI REASURANSI INDONESIA, PT
2022;9;20229;ENGINEERING;REASURANSI NASIONAL INDONESIA, PT;REASURANSI NASIONAL INDONESIA, PT;0;0;0.6;0;0;0.3;0;0.6;0;01/01/2022;31/12/2022;2022ENGINEERING;2022ENGINEERINGREASURANSI NASIONAL INDONESIA, PT
2022;9;20229;ENGINEERING;REASURANSI NUSANTARA MAKMUR, PT;REASURANSI NUSANTARA MAKMUR, PT;0;0;0.04;0;0;0.3;0;0.04;0;01/01/2022;31/12/2022;2022ENGINEERING;2022ENGINEERINGREASURANSI NUSANTARA MAKMUR, PT
2022;9;20229;ENGINEERING;TUGU REASURANSI, PT;TUGU REASURANSI, PT;0;0;0.15;0;0;0.3;0;0.15;0;01/01/2022;31/12/2022;2022ENGINEERING;2022ENGINEERINGTUGU REASURANSI, PT
2022;1;20221;FIRE;ASURANSI BINAGRIYA UPAKARA, PT;ASURANSI BINAGRIYA UPAKARA, PT;0;0;0.025;0;0;0.325;0;0.025;0;01/01/2022;31/12/2022;2022FIRE;2022FIREASURANSI BINAGRIYA UPAKARA, PT
2022;1;20221;FIRE;ASURANSI JASA INDONESIA, PT;ASURANSI JASA INDONESIA, PT;0;0;0.05;0;0;0.325;0;0.05;0;01/01/2022;31/12/2022;2022FIRE;2022FIREASURANSI JASA INDONESIA, PT
2022;1;20221;FIRE;ASURANSI JASARAHARJA PUTERA;ASURANSI JASARAHARJA PUTERA;0;0;0.02;0;0;0.325;0;0.02;0;01/01/2022;31/12/2022;2022FIRE;2022FIREASURANSI JASARAHARJA PUTERA
2022;1;20221;FIRE;ASURANSI SINAR MAS, PT;ASURANSI SINAR MAS, PT;0;0;0.03;0;0;0.325;0;0.03;0;01/01/2022;31/12/2022;2022FIRE;2022FIREASURANSI SINAR MAS, PT
2022;1;20221;FIRE;MASKAPAI REASURANSI INDONESIA, PT;MASKAPAI REASURANSI INDONESIA, PT;0;0;0.085;0;0;0.325;0;0.085;0;01/01/2022;31/12/2022;2022FIRE;2022FIREMASKAPAI REASURANSI INDONESIA, PT
2022;1;20221;FIRE;REASURANSI NASIONAL INDONESIA, PT;REASURANSI NASIONAL INDONESIA, PT;0;0;0.6;0;0;0.325;0;0.6;0;01/01/2022;31/12/2022;2022FIRE;2022FIREREASURANSI NASIONAL INDONESIA, PT
2022;1;20221;FIRE;REASURANSI NUSANTARA MAKMUR, PT;REASURANSI NUSANTARA MAKMUR, PT;0;0;0.04;0;0;0.325;0;0.04;0;01/01/2022;31/12/2022;2022FIRE;2022FIREREASURANSI NUSANTARA MAKMUR, PT
2022;1;20221;FIRE;TUGU REASURANSI, PT;TUGU REASURANSI, PT;0;0;0.15;0;0;0.325;0;0.15;0;01/01/2022;31/12/2022;2022FIRE;2022FIRETUGU REASURANSI, PT
2022;15;202215;GENERAL ACCIDENT;ASURANSI BINAGRIYA UPAKARA, PT;ASURANSI BINAGRIYA UPAKARA, PT;0;0;0.025;0;0;0.3;0;0.025;0;01/01/2022;31/12/2022;2022GENERAL ACCIDENT;2022GENERAL ACCIDENTASURANSI BINAGRIYA UPAKARA, PT
2022;15;202215;GENERAL ACCIDENT;ASURANSI JASA INDONESIA, PT;ASURANSI JASA INDONESIA, PT;0;0;0.05;0;0;0.3;0;0.05;0;01/01/2022;31/12/2022;2022GENERAL ACCIDENT;2022GENERAL ACCIDENTASURANSI JASA INDONESIA, PT
2022;15;202215;GENERAL ACCIDENT;ASURANSI JASARAHARJA PUTERA;ASURANSI JASARAHARJA PUTERA;0;0;0.02;0;0;0.3;0;0.02;0;01/01/2022;31/12/2022;2022GENERAL ACCIDENT;2022GENERAL ACCIDENTASURANSI JASARAHARJA PUTERA
2022;15;202215;GENERAL ACCIDENT;ASURANSI SINAR MAS, PT;ASURANSI SINAR MAS, PT;0;0;0.03;0;0;0.3;0;0.03;0;01/01/2022;31/12/2022;2022GENERAL ACCIDENT;2022GENERAL ACCIDENTASURANSI SINAR MAS, PT
2022;15;202215;GENERAL ACCIDENT;MASKAPAI REASURANSI INDONESIA, PT;MASKAPAI REASURANSI INDONESIA, PT;0;0;0.085;0;0;0.3;0;0.085;0;01/01/2022;31/12/2022;2022GENERAL ACCIDENT;2022GENERAL ACCIDENTMASKAPAI REASURANSI INDONESIA, PT
2022;15;202215;GENERAL ACCIDENT;REASURANSI NASIONAL INDONESIA, PT;REASURANSI NASIONAL INDONESIA, PT;0;0;0.6;0;0;0.3;0;0.6;0;01/01/2022;31/12/2022;2022GENERAL ACCIDENT;2022GENERAL ACCIDENTREASURANSI NASIONAL INDONESIA, PT
2022;15;202215;GENERAL ACCIDENT;REASURANSI NUSANTARA MAKMUR, PT;REASURANSI NUSANTARA MAKMUR, PT;0;0;0.04;0;0;0.3;0;0.04;0;01/01/2022;31/12/2022;2022GENERAL ACCIDENT;2022GENERAL ACCIDENTREASURANSI NUSANTARA MAKMUR, PT
2022;15;202215;GENERAL ACCIDENT;TUGU REASURANSI, PT;TUGU REASURANSI, PT;0;0;0.15;0;0;0.3;0;0.15;0;01/01/2022;31/12/2022;2022GENERAL ACCIDENT;2022GENERAL ACCIDENTTUGU REASURANSI, PT
2022;203;2022203;HEAVY EQUIPMENT;ASURANSI BINAGRIYA UPAKARA, PT;ASURANSI BINAGRIYA UPAKARA, PT;0.3;0.025;;0.0075;0.325;0;0.025;0;1;01/01/2022;31/12/2022;2022HEAVY EQUIPMENT;2022HEAVY EQUIPMENTASURANSI BINAGRIYA UPAKARA, PT
2022;203;2022203;HEAVY EQUIPMENT;ASURANSI JASA INDONESIA, PT;ASURANSI JASA INDONESIA, PT;0.3;0.05;;0.015;0.325;0;0.05;0;1;01/01/2022;31/12/2022;2022HEAVY EQUIPMENT;2022HEAVY EQUIPMENTASURANSI JASA INDONESIA, PT
2022;203;2022203;HEAVY EQUIPMENT;ASURANSI JASARAHARJA PUTERA;ASURANSI JASARAHARJA PUTERA;0.3;0.02;;0.006;0.325;0;0.02;0;1;01/01/2022;31/12/2022;2022HEAVY EQUIPMENT;2022HEAVY EQUIPMENTASURANSI JASARAHARJA PUTERA
2022;203;2022203;HEAVY EQUIPMENT;ASURANSI SINAR MAS, PT;ASURANSI SINAR MAS, PT;0.3;0.03;;0.009;0.325;0;0.03;0;1;01/01/2022;31/12/2022;2022HEAVY EQUIPMENT;2022HEAVY EQUIPMENTASURANSI SINAR MAS, PT
2022;203;2022203;HEAVY EQUIPMENT;MASKAPAI REASURANSI INDONESIA, PT;MASKAPAI REASURANSI INDONESIA, PT;0.3;0.085;;0.0255;0.325;0;0.085;0;1;01/01/2022;31/12/2022;2022HEAVY EQUIPMENT;2022HEAVY EQUIPMENTMASKAPAI REASURANSI INDONESIA, PT
2022;203;2022203;HEAVY EQUIPMENT;REASURANSI NASIONAL INDONESIA, PT;REASURANSI NASIONAL INDONESIA, PT;0.3;0.6;;0.18;0.325;0;0.6;0;1;01/01/2022;31/12/2022;2022HEAVY EQUIPMENT;2022HEAVY EQUIPMENTREASURANSI NASIONAL INDONESIA, PT
2022;203;2022203;HEAVY EQUIPMENT;REASURANSI NUSANTARA MAKMUR, PT;REASURANSI NUSANTARA MAKMUR, PT;0.3;0.04;;0.012;0.325;0;0.04;0;1;01/01/2022;31/12/2022;2022HEAVY EQUIPMENT;2022HEAVY EQUIPMENTREASURANSI NUSANTARA MAKMUR, PT
2022;203;2022203;HEAVY EQUIPMENT;TUGU REASURANSI, PT;TUGU REASURANSI, PT;0.3;0.15;;0.045;0.325;0;0.15;0;1;01/01/2022;31/12/2022;2022HEAVY EQUIPMENT;2022HEAVY EQUIPMENTTUGU REASURANSI, PT
2022;10;202210;LIABILITY (GA);ASURANSI BINAGRIYA UPAKARA, PT;ASURANSI BINAGRIYA UPAKARA, PT;0;0;0.025;0;0;0.3;0;0.025;0;01/01/2022;31/12/2022;2022LIABILITY (GA);2022LIABILITY (GA)ASURANSI BINAGRIYA UPAKARA, PT
2022;10;202210;LIABILITY (GA);ASURANSI JASA INDONESIA, PT;ASURANSI JASA INDONESIA, PT;0;0;0.05;0;0;0.3;0;0.05;0;01/01/2022;31/12/2022;2022LIABILITY (GA);2022LIABILITY (GA)ASURANSI JASA INDONESIA, PT
2022;10;202210;LIABILITY (GA);ASURANSI JASARAHARJA PUTERA;ASURANSI JASARAHARJA PUTERA;0;0;0.02;0;0;0.3;0;0.02;0;01/01/2022;31/12/2022;2022LIABILITY (GA);2022LIABILITY (GA)ASURANSI JASARAHARJA PUTERA
2022;10;202210;LIABILITY (GA);ASURANSI SINAR MAS, PT;ASURANSI SINAR MAS, PT;0;0;0.03;0;0;0.3;0;0.03;0;01/01/2022;31/12/2022;2022LIABILITY (GA);2022LIABILITY (GA)ASURANSI SINAR MAS, PT
2022;10;202210;LIABILITY (GA);MASKAPAI REASURANSI INDONESIA, PT;MASKAPAI REASURANSI INDONESIA, PT;0;0;0.085;0;0;0.3;0;0.085;0;01/01/2022;31/12/2022;2022LIABILITY (GA);2022LIABILITY (GA)MASKAPAI REASURANSI INDONESIA, PT
2022;10;202210;LIABILITY (GA);REASURANSI NASIONAL INDONESIA, PT;REASURANSI NASIONAL INDONESIA, PT;0;0;0.6;0;0;0.3;0;0.6;0;01/01/2022;31/12/2022;2022LIABILITY (GA);2022LIABILITY (GA)REASURANSI NASIONAL INDONESIA, PT
2022;10;202210;LIABILITY (GA);REASURANSI NUSANTARA MAKMUR, PT;REASURANSI NUSANTARA MAKMUR, PT;0;0;0.04;0;0;0.3;0;0.04;0;01/01/2022;31/12/2022;2022LIABILITY (GA);2022LIABILITY (GA)REASURANSI NUSANTARA MAKMUR, PT
2022;10;202210;LIABILITY (GA);TUGU REASURANSI, PT;TUGU REASURANSI, PT;0;0;0.15;0;0;0.3;0;0.15;0;01/01/2022;31/12/2022;2022LIABILITY (GA);2022LIABILITY (GA)TUGU REASURANSI, PT
2022;3;20223;MARINE CARGO;ASURANSI BINAGRIYA UPAKARA, PT;ASURANSI BINAGRIYA UPAKARA, PT;0.25;0.025;0.025;0.00625;0.325;0.3;0.025;0.025;1;01/01/2022;31/12/2022;2022MARINE CARGO;2022MARINE CARGOASURANSI BINAGRIYA UPAKARA, PT
2022;3;20223;MARINE CARGO;ASURANSI JASA INDONESIA, PT;ASURANSI JASA INDONESIA, PT;0.25;0.05;0.05;0.0125;0.325;0.3;0.05;0.05;1;01/01/2022;31/12/2022;2022MARINE CARGO;2022MARINE CARGOASURANSI JASA INDONESIA, PT
2022;3;20223;MARINE CARGO;ASURANSI JASARAHARJA PUTERA;ASURANSI JASARAHARJA PUTERA;0.25;0.02;0.02;0.005;0.325;0.3;0.02;0.02;1;01/01/2022;31/12/2022;2022MARINE CARGO;2022MARINE CARGOASURANSI JASARAHARJA PUTERA
2022;3;20223;MARINE CARGO;ASURANSI SINAR MAS, PT;ASURANSI SINAR MAS, PT;0.25;0.03;0.03;0.0075;0.325;0.3;0.03;0.03;1;01/01/2022;31/12/2022;2022MARINE CARGO;2022MARINE CARGOASURANSI SINAR MAS, PT
2022;3;20223;MARINE CARGO;MASKAPAI REASURANSI INDONESIA, PT;MASKAPAI REASURANSI INDONESIA, PT;0.25;0.085;0.085;0.02125;0.325;0.3;0.085;0.085;1;01/01/2022;31/12/2022;2022MARINE CARGO;2022MARINE CARGOMASKAPAI REASURANSI INDONESIA, PT
2022;3;20223;MARINE CARGO;REASURANSI NASIONAL INDONESIA, PT;REASURANSI NASIONAL INDONESIA, PT;0.25;0.6;0.6;0.15;0.325;0.3;0.6;0.6;1;01/01/2022;31/12/2022;2022MARINE CARGO;2022MARINE CARGOREASURANSI NASIONAL INDONESIA, PT
2022;3;20223;MARINE CARGO;REASURANSI NUSANTARA MAKMUR, PT;REASURANSI NUSANTARA MAKMUR, PT;0.25;0.04;0.04;0.01;0.325;0.3;0.04;0.04;1;01/01/2022;31/12/2022;2022MARINE CARGO;2022MARINE CARGOREASURANSI NUSANTARA MAKMUR, PT
2022;3;20223;MARINE CARGO;TUGU REASURANSI, PT;TUGU REASURANSI, PT;0.25;0.15;0.15;0.0375;0.325;0.3;0.15;0.15;1;01/01/2022;31/12/2022;2022MARINE CARGO;2022MARINE CARGOTUGU REASURANSI, PT
2022;4;20224;MARINE HULL;ASURANSI BINAGRIYA UPAKARA, PT;ASURANSI BINAGRIYA UPAKARA, PT;0.5;0.025;0.025;0.0125;0.25;0.225;0.025;0.025;1;01/01/2022;31/12/2022;2022MARINE HULL;2022MARINE HULLASURANSI BINAGRIYA UPAKARA, PT
2022;4;20224;MARINE HULL;ASURANSI JASA INDONESIA, PT;ASURANSI JASA INDONESIA, PT;0.5;0.05;0.05;0.025;0.25;0.225;0.05;0.05;1;01/01/2022;31/12/2022;2022MARINE HULL;2022MARINE HULLASURANSI JASA INDONESIA, PT
2022;4;20224;MARINE HULL;ASURANSI JASARAHARJA PUTERA;ASURANSI JASARAHARJA PUTERA;0.5;0.02;0.02;0.01;0.25;0.225;0.02;0.02;1;01/01/2022;31/12/2022;2022MARINE HULL;2022MARINE HULLASURANSI JASARAHARJA PUTERA
2022;4;20224;MARINE HULL;ASURANSI SINAR MAS, PT;ASURANSI SINAR MAS, PT;0.5;0.03;0.03;0.015;0.25;0.225;0.03;0.03;1;01/01/2022;31/12/2022;2022MARINE HULL;2022MARINE HULLASURANSI SINAR MAS, PT
2022;4;20224;MARINE HULL;MASKAPAI REASURANSI INDONESIA, PT;MASKAPAI REASURANSI INDONESIA, PT;0.5;0.085;0.085;0.0425;0.25;0.225;0.085;0.085;1;01/01/2022;31/12/2022;2022MARINE HULL;2022MARINE HULLMASKAPAI REASURANSI INDONESIA, PT
2022;4;20224;MARINE HULL;REASURANSI NASIONAL INDONESIA, PT;REASURANSI NASIONAL INDONESIA, PT;0.5;0.6;0.6;0.3;0.25;0.225;0.6;0.6;1;01/01/2022;31/12/2022;2022MARINE HULL;2022MARINE HULLREASURANSI NASIONAL INDONESIA, PT
2022;4;20224;MARINE HULL;REASURANSI NUSANTARA MAKMUR, PT;REASURANSI NUSANTARA MAKMUR, PT;0.5;0.04;0.04;0.02;0.25;0.225;0.04;0.04;1;01/01/2022;31/12/2022;2022MARINE HULL;2022MARINE HULLREASURANSI NUSANTARA MAKMUR, PT
2022;4;20224;MARINE HULL;TUGU REASURANSI, PT;TUGU REASURANSI, PT;0.5;0.15;0.15;0.075;0.25;0.225;0.15;0.15;1;01/01/2022;31/12/2022;2022MARINE HULL;2022MARINE HULLTUGU REASURANSI, PT
2022;15X;202215X;MONEY INSURANCE;ASURANSI BINAGRIYA UPAKARA, PT;ASURANSI BINAGRIYA UPAKARA, PT;0;0;0.025;0;0;0.325;0;0.025;0;01/01/2022;31/12/2022;2022MONEY INSURANCE;2022MONEY INSURANCEASURANSI BINAGRIYA UPAKARA, PT
2022;15X;202215X;MONEY INSURANCE;ASURANSI JASA INDONESIA, PT;ASURANSI JASA INDONESIA, PT;0;0;0.05;0;0;0.325;0;0.05;0;01/01/2022;31/12/2022;2022MONEY INSURANCE;2022MONEY INSURANCEASURANSI JASA INDONESIA, PT
2022;15X;202215X;MONEY INSURANCE;ASURANSI JASARAHARJA PUTERA;ASURANSI JASARAHARJA PUTERA;0;0;0.02;0;0;0.325;0;0.02;0;01/01/2022;31/12/2022;2022MONEY INSURANCE;2022MONEY INSURANCEASURANSI JASARAHARJA PUTERA
2022;15X;202215X;MONEY INSURANCE;ASURANSI SINAR MAS, PT;ASURANSI SINAR MAS, PT;0;0;0.03;0;0;0.325;0;0.03;0;01/01/2022;31/12/2022;2022MONEY INSURANCE;2022MONEY INSURANCEASURANSI SINAR MAS, PT
2022;15X;202215X;MONEY INSURANCE;MASKAPAI REASURANSI INDONESIA, PT;MASKAPAI REASURANSI INDONESIA, PT;0;0;0.085;0;0;0.325;0;0.085;0;01/01/2022;31/12/2022;2022MONEY INSURANCE;2022MONEY INSURANCEMASKAPAI REASURANSI INDONESIA, PT
2022;15X;202215X;MONEY INSURANCE;REASURANSI NASIONAL INDONESIA, PT;REASURANSI NASIONAL INDONESIA, PT;0;0;0.6;0;0;0.325;0;0.6;0;01/01/2022;31/12/2022;2022MONEY INSURANCE;2022MONEY INSURANCEREASURANSI NASIONAL INDONESIA, PT
2022;15X;202215X;MONEY INSURANCE;REASURANSI NUSANTARA MAKMUR, PT;REASURANSI NUSANTARA MAKMUR, PT;0;0;0.04;0;0;0.325;0;0.04;0;01/01/2022;31/12/2022;2022MONEY INSURANCE;2022MONEY INSURANCEREASURANSI NUSANTARA MAKMUR, PT
2022;15X;202215X;MONEY INSURANCE;TUGU REASURANSI, PT;TUGU REASURANSI, PT;0;0;0.15;0;0;0.325;0;0.15;0;01/01/2022;31/12/2022;2022MONEY INSURANCE;2022MONEY INSURANCETUGU REASURANSI, PT
2022;2;20222;MOTOR VEHICLE;ASURANSI BINAGRIYA UPAKARA, PT;ASURANSI BINAGRIYA UPAKARA, PT;0;0;0.025;0;0;0.325;0;0.025;0;01/01/2022;31/12/2022;2022MOTOR VEHICLE;2022MOTOR VEHICLEASURANSI BINAGRIYA UPAKARA, PT
2022;2;20222;MOTOR VEHICLE;ASURANSI JASA INDONESIA, PT;ASURANSI JASA INDONESIA, PT;0;0;0.05;0;0;0.325;0;0.05;0;01/01/2022;31/12/2022;2022MOTOR VEHICLE;2022MOTOR VEHICLEASURANSI JASA INDONESIA, PT
2022;2;20222;MOTOR VEHICLE;ASURANSI JASARAHARJA PUTERA;ASURANSI JASARAHARJA PUTERA;0;0;0.02;0;0;0.325;0;0.02;0;01/01/2022;31/12/2022;2022MOTOR VEHICLE;2022MOTOR VEHICLEASURANSI JASARAHARJA PUTERA
2022;2;20222;MOTOR VEHICLE;ASURANSI SINAR MAS, PT;ASURANSI SINAR MAS, PT;0;0;0.03;0;0;0.325;0;0.03;0;01/01/2022;31/12/2022;2022MOTOR VEHICLE;2022MOTOR VEHICLEASURANSI SINAR MAS, PT
2022;2;20222;MOTOR VEHICLE;MASKAPAI REASURANSI INDONESIA, PT;MASKAPAI REASURANSI INDONESIA, PT;0;0;0.085;0;0;0.325;0;0.085;0;01/01/2022;31/12/2022;2022MOTOR VEHICLE;2022MOTOR VEHICLEMASKAPAI REASURANSI INDONESIA, PT
2022;2;20222;MOTOR VEHICLE;REASURANSI NASIONAL INDONESIA, PT;REASURANSI NASIONAL INDONESIA, PT;0;0;0.6;0;0;0.325;0;0.6;0;01/01/2022;31/12/2022;2022MOTOR VEHICLE;2022MOTOR VEHICLEREASURANSI NASIONAL INDONESIA, PT
2022;2;20222;MOTOR VEHICLE;REASURANSI NUSANTARA MAKMUR, PT;REASURANSI NUSANTARA MAKMUR, PT;0;0;0.04;0;0;0.325;0;0.04;0;01/01/2022;31/12/2022;2022MOTOR VEHICLE;2022MOTOR VEHICLEREASURANSI NUSANTARA MAKMUR, PT
2022;2;20222;MOTOR VEHICLE;TUGU REASURANSI, PT;TUGU REASURANSI, PT;0;0;0.15;0;0;0.325;0;0.15;0;01/01/2022;31/12/2022;2022MOTOR VEHICLE;2022MOTOR VEHICLETUGU REASURANSI, PT
2022;0;20220;OIL & GAS (NON SKK MIGAS);ASURANSI BINAGRIYA UPAKARA, PT;ASURANSI BINAGRIYA UPAKARA, PT;0.5;0.025;0.025;0.0125;0.25;0.225;0.025;0.025;1;01/01/2022;31/12/2022;2022OIL & GAS (NON SKK MIGAS);2022OIL & GAS (NON SKK MIGAS)ASURANSI BINAGRIYA UPAKARA, PT
2022;0;20220;OIL & GAS (NON SKK MIGAS);ASURANSI JASA INDONESIA, PT;ASURANSI JASA INDONESIA, PT;0.5;0.05;0.05;0.025;0.25;0.225;0.05;0.05;1;01/01/2022;31/12/2022;2022OIL & GAS (NON SKK MIGAS);2022OIL & GAS (NON SKK MIGAS)ASURANSI JASA INDONESIA, PT
2022;0;20220;OIL & GAS (NON SKK MIGAS);ASURANSI JASARAHARJA PUTERA;ASURANSI JASARAHARJA PUTERA;0.5;0.02;0.02;0.01;0.25;0.225;0.02;0.02;1;01/01/2022;31/12/2022;2022OIL & GAS (NON SKK MIGAS);2022OIL & GAS (NON SKK MIGAS)ASURANSI JASARAHARJA PUTERA
2022;0;20220;OIL & GAS (NON SKK MIGAS);ASURANSI SINAR MAS, PT;ASURANSI SINAR MAS, PT;0.5;0.03;0.03;0.015;0.25;0.225;0.03;0.03;1;01/01/2022;31/12/2022;2022OIL & GAS (NON SKK MIGAS);2022OIL & GAS (NON SKK MIGAS)ASURANSI SINAR MAS, PT
2022;0;20220;OIL & GAS (NON SKK MIGAS);MASKAPAI REASURANSI INDONESIA, PT;MASKAPAI REASURANSI INDONESIA, PT;0.5;0.085;0.085;0.0425;0.25;0.225;0.085;0.085;1;01/01/2022;31/12/2022;2022OIL & GAS (NON SKK MIGAS);2022OIL & GAS (NON SKK MIGAS)MASKAPAI REASURANSI INDONESIA, PT
2022;0;20220;OIL & GAS (NON SKK MIGAS);REASURANSI NASIONAL INDONESIA, PT;REASURANSI NASIONAL INDONESIA, PT;0.5;0.6;0.6;0.3;0.25;0.225;0.6;0.6;1;01/01/2022;31/12/2022;2022OIL & GAS (NON SKK MIGAS);2022OIL & GAS (NON SKK MIGAS)REASURANSI NASIONAL INDONESIA, PT
2022;0;20220;OIL & GAS (NON SKK MIGAS);REASURANSI NUSANTARA MAKMUR, PT;REASURANSI NUSANTARA MAKMUR, PT;0.5;0.04;0.04;0.02;0.25;0.225;0.04;0.04;1;01/01/2022;31/12/2022;2022OIL & GAS (NON SKK MIGAS);2022OIL & GAS (NON SKK MIGAS)REASURANSI NUSANTARA MAKMUR, PT
2022;0;20220;OIL & GAS (NON SKK MIGAS);TUGU REASURANSI, PT;TUGU REASURANSI, PT;0.5;0.15;0.15;0.075;0.25;0.225;0.15;0.15;1;01/01/2022;31/12/2022;2022OIL & GAS (NON SKK MIGAS);2022OIL & GAS (NON SKK MIGAS)TUGU REASURANSI, PT
2022;0;20220;OIL & GAS (SKK MIGAS);ASURANSI BINAGRIYA UPAKARA, PT;ASURANSI BINAGRIYA UPAKARA, PT;0.5;0.025;0.025;0.0125;0.25;0.225;0.025;0.025;1;01/01/2022;31/12/2022;2022OIL & GAS (SKK MIGAS);2022OIL & GAS (SKK MIGAS)ASURANSI BINAGRIYA UPAKARA, PT
2022;0;20220;OIL & GAS (SKK MIGAS);ASURANSI JASA INDONESIA, PT;ASURANSI JASA INDONESIA, PT;0.5;0.05;0.05;0.025;0.25;0.225;0.05;0.05;1;01/01/2022;31/12/2022;2022OIL & GAS (SKK MIGAS);2022OIL & GAS (SKK MIGAS)ASURANSI JASA INDONESIA, PT
2022;0;20220;OIL & GAS (SKK MIGAS);ASURANSI JASARAHARJA PUTERA;ASURANSI JASARAHARJA PUTERA;0.5;0.02;0.02;0.01;0.25;0.225;0.02;0.02;1;01/01/2022;31/12/2022;2022OIL & GAS (SKK MIGAS);2022OIL & GAS (SKK MIGAS)ASURANSI JASARAHARJA PUTERA
2022;0;20220;OIL & GAS (SKK MIGAS);ASURANSI SINAR MAS, PT;ASURANSI SINAR MAS, PT;0.5;0.03;0.03;0.015;0.25;0.225;0.03;0.03;1;01/01/2022;31/12/2022;2022OIL & GAS (SKK MIGAS);2022OIL & GAS (SKK MIGAS)ASURANSI SINAR MAS, PT
2022;0;20220;OIL & GAS (SKK MIGAS);MASKAPAI REASURANSI INDONESIA, PT;MASKAPAI REASURANSI INDONESIA, PT;0.5;0.085;0.085;0.0425;0.25;0.225;0.085;0.085;1;01/01/2022;31/12/2022;2022OIL & GAS (SKK MIGAS);2022OIL & GAS (SKK MIGAS)MASKAPAI REASURANSI INDONESIA, PT
2022;0;20220;OIL & GAS (SKK MIGAS);REASURANSI NASIONAL INDONESIA, PT;REASURANSI NASIONAL INDONESIA, PT;0.5;0.6;0.6;0.3;0.25;0.225;0.6;0.6;1;01/01/2022;31/12/2022;2022OIL & GAS (SKK MIGAS);2022OIL & GAS (SKK MIGAS)REASURANSI NASIONAL INDONESIA, PT
2022;0;20220;OIL & GAS (SKK MIGAS);REASURANSI NUSANTARA MAKMUR, PT;REASURANSI NUSANTARA MAKMUR, PT;0.5;0.04;0.04;0.02;0.25;0.225;0.04;0.04;1;01/01/2022;31/12/2022;2022OIL & GAS (SKK MIGAS);2022OIL & GAS (SKK MIGAS)REASURANSI NUSANTARA MAKMUR, PT
2022;0;20220;OIL & GAS (SKK MIGAS);TUGU REASURANSI, PT;TUGU REASURANSI, PT;0.5;0.15;0.15;0.075;0.25;0.225;0.15;0.15;1;01/01/2022;31/12/2022;2022OIL & GAS (SKK MIGAS);2022OIL & GAS (SKK MIGAS)TUGU REASURANSI, PT
2022;11;202211;PERSONAL ACCIDENT (GA);ASURANSI BINAGRIYA UPAKARA, PT;ASURANSI BINAGRIYA UPAKARA, PT;0;0;0.025;0;0;0.3;0;0.025;0;01/01/2022;31/12/2022;2022PERSONAL ACCIDENT (GA);2022PERSONAL ACCIDENT (GA)ASURANSI BINAGRIYA UPAKARA, PT
2022;11;202211;PERSONAL ACCIDENT (GA);ASURANSI JASA INDONESIA, PT;ASURANSI JASA INDONESIA, PT;0;0;0.05;0;0;0.3;0;0.05;0;01/01/2022;31/12/2022;2022PERSONAL ACCIDENT (GA);2022PERSONAL ACCIDENT (GA)ASURANSI JASA INDONESIA, PT
2022;11;202211;PERSONAL ACCIDENT (GA);ASURANSI JASARAHARJA PUTERA;ASURANSI JASARAHARJA PUTERA;0;0;0.02;0;0;0.3;0;0.02;0;01/01/2022;31/12/2022;2022PERSONAL ACCIDENT (GA);2022PERSONAL ACCIDENT (GA)ASURANSI JASARAHARJA PUTERA
2022;11;202211;PERSONAL ACCIDENT (GA);ASURANSI SINAR MAS, PT;ASURANSI SINAR MAS, PT;0;0;0.03;0;0;0.3;0;0.03;0;01/01/2022;31/12/2022;2022PERSONAL ACCIDENT (GA);2022PERSONAL ACCIDENT (GA)ASURANSI SINAR MAS, PT
2022;11;202211;PERSONAL ACCIDENT (GA);MASKAPAI REASURANSI INDONESIA, PT;MASKAPAI REASURANSI INDONESIA, PT;0;0;0.085;0;0;0.3;0;0.085;0;01/01/2022;31/12/2022;2022PERSONAL ACCIDENT (GA);2022PERSONAL ACCIDENT (GA)MASKAPAI REASURANSI INDONESIA, PT
2022;11;202211;PERSONAL ACCIDENT (GA);REASURANSI NASIONAL INDONESIA, PT;REASURANSI NASIONAL INDONESIA, PT;0;0;0.6;0;0;0.3;0;0.6;0;01/01/2022;31/12/2022;2022PERSONAL ACCIDENT (GA);2022PERSONAL ACCIDENT (GA)REASURANSI NASIONAL INDONESIA, PT
2022;11;202211;PERSONAL ACCIDENT (GA);REASURANSI NUSANTARA MAKMUR, PT;REASURANSI NUSANTARA MAKMUR, PT;0;0;0.04;0;0;0.3;0;0.04;0;01/01/2022;31/12/2022;2022PERSONAL ACCIDENT (GA);2022PERSONAL ACCIDENT (GA)REASURANSI NUSANTARA MAKMUR, PT
2022;11;202211;PERSONAL ACCIDENT (GA);TUGU REASURANSI, PT;TUGU REASURANSI, PT;0;0;0.15;0;0;0.3;0;0.15;0;01/01/2022;31/12/2022;2022PERSONAL ACCIDENT (GA);2022PERSONAL ACCIDENT (GA)TUGU REASURANSI, PT
2022;KUK;2022KUK;PRODUCTIVE CREDIT;ASURANSI BINAGRIYA UPAKARA, PT;ASURANSI BINAGRIYA UPAKARA, PT;0.7;0.025;;0.0175;0.3;0;0.025;0;1;01/01/2022;31/12/2022;2022PRODUCTIVE CREDIT;2022PRODUCTIVE CREDITASURANSI BINAGRIYA UPAKARA, PT
2022;KUK;2022KUK;PRODUCTIVE CREDIT;ASURANSI JASA INDONESIA, PT;ASURANSI JASA INDONESIA, PT;0.7;0.05;;0.035;0.3;0;0.05;0;1;01/01/2022;31/12/2022;2022PRODUCTIVE CREDIT;2022PRODUCTIVE CREDITASURANSI JASA INDONESIA, PT
2022;KUK;2022KUK;PRODUCTIVE CREDIT;ASURANSI JASARAHARJA PUTERA;ASURANSI JASARAHARJA PUTERA;0.7;0.02;;0.014;0.3;0;0.02;0;1;01/01/2022;31/12/2022;2022PRODUCTIVE CREDIT;2022PRODUCTIVE CREDITASURANSI JASARAHARJA PUTERA
2022;KUK;2022KUK;PRODUCTIVE CREDIT;ASURANSI SINAR MAS, PT;ASURANSI SINAR MAS, PT;0.7;0.03;;0.021;0.3;0;0.03;0;1;01/01/2022;31/12/2022;2022PRODUCTIVE CREDIT;2022PRODUCTIVE CREDITASURANSI SINAR MAS, PT
2022;KUK;2022KUK;PRODUCTIVE CREDIT;MASKAPAI REASURANSI INDONESIA, PT;MASKAPAI REASURANSI INDONESIA, PT;0.7;0.095;;0.0665;0.3;0;0.095;0;1;01/01/2022;31/12/2022;2022PRODUCTIVE CREDIT;2022PRODUCTIVE CREDITMASKAPAI REASURANSI INDONESIA, PT
2022;KUK;2022KUK;PRODUCTIVE CREDIT;REASURANSI INDONESIA UTAMA, PT;REASURANSI INDONESIA UTAMA, PT;0.7;0.025;;0.0175;0.3;0;0.025;0;1;01/01/2022;31/12/2022;2022PRODUCTIVE CREDIT;2022PRODUCTIVE CREDITREASURANSI INDONESIA UTAMA, PT
2022;KUK;2022KUK;PRODUCTIVE CREDIT;REASURANSI NASIONAL INDONESIA, PT;REASURANSI NASIONAL INDONESIA, PT;0.7;0.6;;0.42;0.3;0;0.6;0;1;01/01/2022;31/12/2022;2022PRODUCTIVE CREDIT;2022PRODUCTIVE CREDITREASURANSI NASIONAL INDONESIA, PT
2022;KUK;2022KUK;PRODUCTIVE CREDIT;REASURANSI NUSANTARA MAKMUR, PT;REASURANSI NUSANTARA MAKMUR, PT;0.7;0.065;;0.0455;0.3;0;0.065;0;1;01/01/2022;31/12/2022;2022PRODUCTIVE CREDIT;2022PRODUCTIVE CREDITREASURANSI NUSANTARA MAKMUR, PT
2022;KUK;2022KUK;PRODUCTIVE CREDIT;TUGU REASURANSI, PT;TUGU REASURANSI, PT;0.7;0.09;;0.063;0.3;0;0.09;0;1;01/01/2022;31/12/2022;2022PRODUCTIVE CREDIT;2022PRODUCTIVE CREDITTUGU REASURANSI, PT
2022;BDN;2022BDN;SKBDN / LC;ASURANSI BINAGRIYA UPAKARA, PT;ASURANSI BINAGRIYA UPAKARA, PT;0.3;0.025;0.025;0.0075;0.3;0.275;0.025;0.025;1;01/01/2022;31/12/2022;2022SKBDN / LC;2022SKBDN / LCASURANSI BINAGRIYA UPAKARA, PT
2022;BDN;2022BDN;SKBDN / LC;ASURANSI JASA INDONESIA, PT;ASURANSI JASA INDONESIA, PT;0.3;0.05;0.05;0.015;0.3;0.275;0.05;0.05;1;01/01/2022;31/12/2022;2022SKBDN / LC;2022SKBDN / LCASURANSI JASA INDONESIA, PT
2022;BDN;2022BDN;SKBDN / LC;ASURANSI JASARAHARJA PUTERA;ASURANSI JASARAHARJA PUTERA;0.3;0.02;0.02;0.006;0.3;0.275;0.02;0.02;1;01/01/2022;31/12/2022;2022SKBDN / LC;2022SKBDN / LCASURANSI JASARAHARJA PUTERA
2022;BDN;2022BDN;SKBDN / LC;ASURANSI SINAR MAS, PT;ASURANSI SINAR MAS, PT;0.3;0.03;0.03;0.009;0.3;0.275;0.03;0.03;1;01/01/2022;31/12/2022;2022SKBDN / LC;2022SKBDN / LCASURANSI SINAR MAS, PT
2022;BDN;2022BDN;SKBDN / LC;MASKAPAI REASURANSI INDONESIA, PT;MASKAPAI REASURANSI INDONESIA, PT;0.3;0.095;0.095;0.0285;0.3;0.275;0.095;0.095;1;01/01/2022;31/12/2022;2022SKBDN / LC;2022SKBDN / LCMASKAPAI REASURANSI INDONESIA, PT
2022;BDN;2022BDN;SKBDN / LC;REASURANSI INDONESIA UTAMA, PT;REASURANSI INDONESIA UTAMA, PT;0.3;0.025;0.025;0.0075;0.3;0.275;0.025;0.025;1;01/01/2022;31/12/2022;2022SKBDN / LC;2022SKBDN / LCREASURANSI INDONESIA UTAMA, PT
2022;BDN;2022BDN;SKBDN / LC;REASURANSI NASIONAL INDONESIA, PT;REASURANSI NASIONAL INDONESIA, PT;0.3;0.6;0.6;0.18;0.3;0.275;0.6;0.6;1;01/01/2022;31/12/2022;2022SKBDN / LC;2022SKBDN / LCREASURANSI NASIONAL INDONESIA, PT
2022;BDN;2022BDN;SKBDN / LC;REASURANSI NUSANTARA MAKMUR, PT;REASURANSI NUSANTARA MAKMUR, PT;0.3;0.065;0.065;0.0195;0.3;0.275;0.065;0.065;1;01/01/2022;31/12/2022;2022SKBDN / LC;2022SKBDN / LCREASURANSI NUSANTARA MAKMUR, PT
2022;BDN;2022BDN;SKBDN / LC;TUGU REASURANSI, PT;TUGU REASURANSI, PT;0.3;0.09;0.09;0.027;0.3;0.275;0.09;0.09;1;01/01/2022;31/12/2022;2022SKBDN / LC;2022SKBDN / LCTUGU REASURANSI, PT
2022;SB;2022SB;SURETY BOND;ASURANSI BINAGRIYA UPAKARA, PT;ASURANSI BINAGRIYA UPAKARA, PT;0.3;0.025;0.025;0.0075;0.325;0.3;0.025;0.025;1;01/01/2022;31/12/2022;2022SURETY BOND;2022SURETY BONDASURANSI BINAGRIYA UPAKARA, PT
2022;SB;2022SB;SURETY BOND;ASURANSI JASA INDONESIA, PT;ASURANSI JASA INDONESIA, PT;0.3;0.05;0.05;0.015;0.325;0.3;0.05;0.05;1;01/01/2022;31/12/2022;2022SURETY BOND;2022SURETY BONDASURANSI JASA INDONESIA, PT
2022;SB;2022SB;SURETY BOND;ASURANSI JASARAHARJA PUTERA;ASURANSI JASARAHARJA PUTERA;0.3;0.02;0.02;0.006;0.325;0.3;0.02;0.02;1;01/01/2022;31/12/2022;2022SURETY BOND;2022SURETY BONDASURANSI JASARAHARJA PUTERA
2022;SB;2022SB;SURETY BOND;ASURANSI SINAR MAS, PT;ASURANSI SINAR MAS, PT;0.3;0.03;0.03;0.009;0.325;0.3;0.03;0.03;1;01/01/2022;31/12/2022;2022SURETY BOND;2022SURETY BONDASURANSI SINAR MAS, PT
2022;SB;2022SB;SURETY BOND;MASKAPAI REASURANSI INDONESIA, PT;MASKAPAI REASURANSI INDONESIA, PT;0.3;0.095;0.095;0.0285;0.325;0.3;0.095;0.095;1;01/01/2022;31/12/2022;2022SURETY BOND;2022SURETY BONDMASKAPAI REASURANSI INDONESIA, PT
2022;SB;2022SB;SURETY BOND;REASURANSI INDONESIA UTAMA, PT;REASURANSI INDONESIA UTAMA, PT;0.3;0.025;0.025;0.0075;0.325;0.3;0.025;0.025;1;01/01/2022;31/12/2022;2022SURETY BOND;2022SURETY BONDREASURANSI INDONESIA UTAMA, PT
2022;SB;2022SB;SURETY BOND;REASURANSI NASIONAL INDONESIA, PT;REASURANSI NASIONAL INDONESIA, PT;0.3;0.6;0.6;0.18;0.325;0.3;0.6;0.6;1;01/01/2022;31/12/2022;2022SURETY BOND;2022SURETY BONDREASURANSI NASIONAL INDONESIA, PT
2022;SB;2022SB;SURETY BOND;REASURANSI NUSANTARA MAKMUR, PT;REASURANSI NUSANTARA MAKMUR, PT;0.3;0.065;0.065;0.0195;0.325;0.3;0.065;0.065;1;01/01/2022;31/12/2022;2022SURETY BOND;2022SURETY BONDREASURANSI NUSANTARA MAKMUR, PT
2022;SB;2022SB;SURETY BOND;TUGU REASURANSI, PT;TUGU REASURANSI, PT;0.3;0.09;0.09;0.027;0.325;0.3;0.09;0.09;1;01/01/2022;31/12/2022;2022SURETY BOND;2022SURETY BONDTUGU REASURANSI, PT
2022;TRC;2022TRC;TRADE CREDIT;ASURANSI BINAGRIYA UPAKARA, PT;ASURANSI BINAGRIYA UPAKARA, PT;0.3;0.025;0.025;0.0075;0.3;0.275;0.025;0.025;1;01/01/2022;31/12/2022;2022TRADE CREDIT;2022TRADE CREDITASURANSI BINAGRIYA UPAKARA, PT
2022;TRC;2022TRC;TRADE CREDIT;ASURANSI JASA INDONESIA, PT;ASURANSI JASA INDONESIA, PT;0.3;0.05;0.05;0.015;0.3;0.275;0.05;0.05;1;01/01/2022;31/12/2022;2022TRADE CREDIT;2022TRADE CREDITASURANSI JASA INDONESIA, PT
2022;TRC;2022TRC;TRADE CREDIT;ASURANSI JASARAHARJA PUTERA;ASURANSI JASARAHARJA PUTERA;0.3;0.02;0.02;0.006;0.3;0.275;0.02;0.02;1;01/01/2022;31/12/2022;2022TRADE CREDIT;2022TRADE CREDITASURANSI JASARAHARJA PUTERA
2022;TRC;2022TRC;TRADE CREDIT;ASURANSI SINAR MAS, PT;ASURANSI SINAR MAS, PT;0.3;0.03;0.03;0.009;0.3;0.275;0.03;0.03;1;01/01/2022;31/12/2022;2022TRADE CREDIT;2022TRADE CREDITASURANSI SINAR MAS, PT
2022;TRC;2022TRC;TRADE CREDIT;MASKAPAI REASURANSI INDONESIA, PT;MASKAPAI REASURANSI INDONESIA, PT;0.3;0.095;0.095;0.0285;0.3;0.275;0.095;0.095;1;01/01/2022;31/12/2022;2022TRADE CREDIT;2022TRADE CREDITMASKAPAI REASURANSI INDONESIA, PT
2022;TRC;2022TRC;TRADE CREDIT;REASURANSI INDONESIA UTAMA, PT;REASURANSI INDONESIA UTAMA, PT;0.3;0.025;0.025;0.0075;0.3;0.275;0.025;0.025;1;01/01/2022;31/12/2022;2022TRADE CREDIT;2022TRADE CREDITREASURANSI INDONESIA UTAMA, PT
2022;TRC;2022TRC;TRADE CREDIT;REASURANSI NASIONAL INDONESIA, PT;REASURANSI NASIONAL INDONESIA, PT;0.3;0.6;0.6;0.18;0.3;0.275;0.6;0.6;1;01/01/2022;31/12/2022;2022TRADE CREDIT;2022TRADE CREDITREASURANSI NASIONAL INDONESIA, PT
2022;TRC;2022TRC;TRADE CREDIT;REASURANSI NUSANTARA MAKMUR, PT;REASURANSI NUSANTARA MAKMUR, PT;0.3;0.065;0.065;0.0195;0.3;0.275;0.065;0.065;1;01/01/2022;31/12/2022;2022TRADE CREDIT;2022TRADE CREDITREASURANSI NUSANTARA MAKMUR, PT
2022;TRC;2022TRC;TRADE CREDIT;TUGU REASURANSI, PT;TUGU REASURANSI, PT;0.3;0.09;0.09;0.027;0.3;0.275;0.09;0.09;1;01/01/2022;31/12/2022;2022TRADE CREDIT;2022TRADE CREDITTUGU REASURANSI, PT
2023;5;20235;AVIATION;ARB;ARB;0.58;0.05;;0.029;0.225;0;0.05;0;1;01/01/2023;31/12/2023;2023AVIATION;2023AVIATIONARB
2023;5;20235;AVIATION;ASKRINDO-OR;ASKRINDO-OR;0.58;0.21;;0.1218;0.225;0;0.21;0;1;01/01/2023;31/12/2023;2023AVIATION;2023AVIATIONASKRINDO-OR
2023;5;20235;AVIATION;ASURANSI BHAKTI BHAYANGKARA;ASURANSI BHAKTI BHAYANGKARA;0.58;0.02;;0.0116;0.225;0;0.02;0;1;01/01/2023;31/12/2023;2023AVIATION;2023AVIATIONASURANSI BHAKTI BHAYANGKARA
2023;5;20235;AVIATION;ASURANSI BINAGRIYA UPAKARA, PT;ASURANSI BINAGRIYA UPAKARA, PT;0.58;0.025;;0.0145;0.225;0;0.025;0;1;01/01/2023;31/12/2023;2023AVIATION;2023AVIATIONASURANSI BINAGRIYA UPAKARA, PT
2023;5;20235;AVIATION;ASURANSI BUMIPUTERA MUDA, PT;ASURANSI BUMIPUTERA MUDA, PT;0.58;0.01;;0.0058;0.225;0;0.01;0;1;01/01/2023;31/12/2023;2023AVIATION;2023AVIATIONASURANSI BUMIPUTERA MUDA, PT
2023;5;20235;AVIATION;ASURANSI JASARAHARJA PUTERA;ASURANSI JASARAHARJA PUTERA;0.58;0.02;;0.0116;0.225;0;0.02;0;1;01/01/2023;31/12/2023;2023AVIATION;2023AVIATIONASURANSI JASARAHARJA PUTERA
2023;5;20235;AVIATION;ASURANSI TRIPAKARTA, PT;ASURANSI TRIPAKARTA, PT;0.58;0.01;;0.0058;0.225;0;0.01;0;1;01/01/2023;31/12/2023;2023AVIATION;2023AVIATIONASURANSI TRIPAKARTA, PT
2023;5;20235;AVIATION;ASURANSI VIDEI;ASURANSI VIDEI;0.58;0.025;;0.0145;0.225;0;0.025;0;1;01/01/2023;31/12/2023;2023AVIATION;2023AVIATIONASURANSI VIDEI
2023;5;20235;AVIATION;REASURANSI INDONESIA UTAMA, PT;REASURANSI INDONESIA UTAMA, PT;0.58;0.38;;0.2204;0.225;0;0.38;0;1;01/01/2023;31/12/2023;2023AVIATION;2023AVIATIONREASURANSI INDONESIA UTAMA, PT
2023;5;20235;AVIATION;REASURANSI NASIONAL INDONESIA, PT;REASURANSI NASIONAL INDONESIA, PT;0.58;0.1;;0.058;0.225;0;0.1;0;1;01/01/2023;31/12/2023;2023AVIATION;2023AVIATIONREASURANSI NASIONAL INDONESIA, PT
2023;5;20235;AVIATION;REASURANSI NUSANTARA MAKMUR, PT;REASURANSI NUSANTARA MAKMUR, PT;0.58;0.05;;0.029;0.225;0;0.05;0;1;01/01/2023;31/12/2023;2023AVIATION;2023AVIATIONREASURANSI NUSANTARA MAKMUR, PT
2023;5;20235;AVIATION;TUGU REASURANSI, PT;TUGU REASURANSI, PT;0.58;0.1;0;0.058;0.225;0;0.1;0;1;01/01/2023;31/12/2023;2023AVIATION;2023AVIATIONTUGU REASURANSI, PT
2023;KUC;2023KUC;COMMERCIAL CREDIT;ASKRINDO-OR;ASKRINDO-OR;0.3;0.0283;0.075;0.00849;0.25;0.225;0.0283;0.075;1;01/01/2023;31/12/2023;2023COMMERCIAL CREDIT;2023COMMERCIAL CREDITASKRINDO-OR
2023;KUC;2023KUC;COMMERCIAL CREDIT;ASURANSI BHAKTI BHAYANGKARA;ASURANSI BHAKTI BHAYANGKARA;0.3;0.02;0.02;0.006;0.25;0.225;0.02;0.02;1;01/01/2023;31/12/2023;2023COMMERCIAL CREDIT;2023COMMERCIAL CREDITASURANSI BHAKTI BHAYANGKARA
2023;KUC;2023KUC;COMMERCIAL CREDIT;ASURANSI BINAGRIYA UPAKARA, PT;ASURANSI BINAGRIYA UPAKARA, PT;0.3;0.04;0.04;0.012;0.25;0.225;0.04;0.04;1;01/01/2023;31/12/2023;2023COMMERCIAL CREDIT;2023COMMERCIAL CREDITASURANSI BINAGRIYA UPAKARA, PT
2023;KUC;2023KUC;COMMERCIAL CREDIT;ASURANSI BUMIPUTERA MUDA, PT;ASURANSI BUMIPUTERA MUDA, PT;0.3;0.01;0.01;0.003;0.25;0.225;0.01;0.01;1;01/01/2023;31/12/2023;2023COMMERCIAL CREDIT;2023COMMERCIAL CREDITASURANSI BUMIPUTERA MUDA, PT
2023;KUC;2023KUC;COMMERCIAL CREDIT;ASURANSI JASARAHARJA PUTERA;ASURANSI JASARAHARJA PUTERA;0.3;0.02;0.02;0.006;0.25;0.225;0.02;0.02;1;01/01/2023;31/12/2023;2023COMMERCIAL CREDIT;2023COMMERCIAL CREDITASURANSI JASARAHARJA PUTERA
2023;KUC;2023KUC;COMMERCIAL CREDIT;ASURANSI TRIPAKARTA, PT;ASURANSI TRIPAKARTA, PT;0.3;0.01;0.01;0.003;0.25;0.225;0.01;0.01;1;01/01/2023;31/12/2023;2023COMMERCIAL CREDIT;2023COMMERCIAL CREDITASURANSI TRIPAKARTA, PT
2023;KUC;2023KUC;COMMERCIAL CREDIT;ASURANSI VIDEI;ASURANSI VIDEI;0.3;0.025;0.025;0.0075;0.25;0.225;0.025;0.025;1;01/01/2023;31/12/2023;2023COMMERCIAL CREDIT;2023COMMERCIAL CREDITASURANSI VIDEI
2023;KUC;2023KUC;COMMERCIAL CREDIT;REASURANSI INDONESIA UTAMA, PT;REASURANSI INDONESIA UTAMA, PT;0.3;0.38;0.38;0.114;0.25;0.225;0.38;0.38;1;01/01/2023;31/12/2023;2023COMMERCIAL CREDIT;2023COMMERCIAL CREDITREASURANSI INDONESIA UTAMA, PT
2023;KUC;2023KUC;COMMERCIAL CREDIT;REASURANSI NASIONAL INDONESIA, PT;REASURANSI NASIONAL INDONESIA, PT;0.3;0.3667;0.32;0.11001;0.25;0.225;0.3667;0.32;1;01/01/2023;31/12/2023;2023COMMERCIAL CREDIT;2023COMMERCIAL CREDITREASURANSI NASIONAL INDONESIA, PT
2023;KUC;2023KUC;COMMERCIAL CREDIT;REASURANSI NUSANTARA MAKMUR, PT;REASURANSI NUSANTARA MAKMUR, PT;0.3;0.05;0.05;0.015;0.25;0.225;0.05;0.05;1;01/01/2023;31/12/2023;2023COMMERCIAL CREDIT;2023COMMERCIAL CREDITREASURANSI NUSANTARA MAKMUR, PT
2023;KUC;2023KUC;COMMERCIAL CREDIT;TUGU REASURANSI, PT;TUGU REASURANSI, PT;0.3;0.05;0.05;0.015;0.25;0.225;0.05;0.05;1;01/01/2023;31/12/2023;2023COMMERCIAL CREDIT;2023COMMERCIAL CREDITTUGU REASURANSI, PT
2023;KUS;2023KUS;CONSUMPTIVE CREDIT;ASKRINDO-OR;ASKRINDO-OR;0.3;0.01;;0.003;0.25;0;0.01;0;1;01/01/2023;31/12/2023;2023CONSUMPTIVE CREDIT;2023CONSUMPTIVE CREDITASKRINDO-OR
2023;KUS;2023KUS;CONSUMPTIVE CREDIT;ASURANSI BHAKTI BHAYANGKARA;ASURANSI BHAKTI BHAYANGKARA;0.3;0.02;;0.006;0.25;0;0.02;0;1;01/01/2023;31/12/2023;2023CONSUMPTIVE CREDIT;2023CONSUMPTIVE CREDITASURANSI BHAKTI BHAYANGKARA
2023;KUS;2023KUS;CONSUMPTIVE CREDIT;ASURANSI BINAGRIYA UPAKARA, PT;ASURANSI BINAGRIYA UPAKARA, PT;0.3;0.025;;0.0075;0.25;0;0.025;0;1;01/01/2023;31/12/2023;2023CONSUMPTIVE CREDIT;2023CONSUMPTIVE CREDITASURANSI BINAGRIYA UPAKARA, PT
2023;KUS;2023KUS;CONSUMPTIVE CREDIT;ASURANSI BUMIPUTERA MUDA, PT;ASURANSI BUMIPUTERA MUDA, PT;0.3;0.01;;0.003;0.25;0;0.01;0;1;01/01/2023;31/12/2023;2023CONSUMPTIVE CREDIT;2023CONSUMPTIVE CREDITASURANSI BUMIPUTERA MUDA, PT
2023;KUS;2023KUS;CONSUMPTIVE CREDIT;ASURANSI JASARAHARJA PUTERA;ASURANSI JASARAHARJA PUTERA;0.3;0.02;;0.006;0.25;0;0.02;0;1;01/01/2023;31/12/2023;2023CONSUMPTIVE CREDIT;2023CONSUMPTIVE CREDITASURANSI JASARAHARJA PUTERA
2023;KUS;2023KUS;CONSUMPTIVE CREDIT;ASURANSI TRIPAKARTA, PT;ASURANSI TRIPAKARTA, PT;0.3;0.01;;0.003;0.25;0;0.01;0;1;01/01/2023;31/12/2023;2023CONSUMPTIVE CREDIT;2023CONSUMPTIVE CREDITASURANSI TRIPAKARTA, PT
2023;KUS;2023KUS;CONSUMPTIVE CREDIT;ASURANSI VIDEI;ASURANSI VIDEI;0.3;0.025;;0.0075;0.25;0;0.025;0;1;01/01/2023;31/12/2023;2023CONSUMPTIVE CREDIT;2023CONSUMPTIVE CREDITASURANSI VIDEI
2023;KUS;2023KUS;CONSUMPTIVE CREDIT;REASURANSI INDONESIA UTAMA, PT;REASURANSI INDONESIA UTAMA, PT;0.3;0.38;;0.114;0.25;0;0.38;0;1;01/01/2023;31/12/2023;2023CONSUMPTIVE CREDIT;2023CONSUMPTIVE CREDITREASURANSI INDONESIA UTAMA, PT
2023;KUS;2023KUS;CONSUMPTIVE CREDIT;REASURANSI NASIONAL INDONESIA, PT;REASURANSI NASIONAL INDONESIA, PT;0.3;0.4;;0.12;0.25;0;0.4;0;1;01/01/2023;31/12/2023;2023CONSUMPTIVE CREDIT;2023CONSUMPTIVE CREDITREASURANSI NASIONAL INDONESIA, PT
2023;KUS;2023KUS;CONSUMPTIVE CREDIT;REASURANSI NUSANTARA MAKMUR, PT;REASURANSI NUSANTARA MAKMUR, PT;0.3;0.05;;0.015;0.25;0;0.05;0;1;01/01/2023;31/12/2023;2023CONSUMPTIVE CREDIT;2023CONSUMPTIVE CREDITREASURANSI NUSANTARA MAKMUR, PT
2023;KUS;2023KUS;CONSUMPTIVE CREDIT;TUGU REASURANSI, PT;TUGU REASURANSI, PT;0.3;0.05;;0.015;0.25;0;0.05;0;1;01/01/2023;31/12/2023;2023CONSUMPTIVE CREDIT;2023CONSUMPTIVE CREDITTUGU REASURANSI, PT
2023;KBG;2023KBG;COUNTER BANK GUARANTEE;ASKRINDO-OR;ASKRINDO-OR;0.65;0.095;0.095;0.06175;0.325;0.3;0.095;0.095;1;01/01/2023;31/12/2023;2023COUNTER BANK GUARANTEE;2023COUNTER BANK GUARANTEEASKRINDO-OR
2023;KBG;2023KBG;COUNTER BANK GUARANTEE;ASURANSI BHAKTI BHAYANGKARA;ASURANSI BHAKTI BHAYANGKARA;0.65;0.02;0.02;0.013;0.325;0.3;0.02;0.02;1;01/01/2023;31/12/2023;2023COUNTER BANK GUARANTEE;2023COUNTER BANK GUARANTEEASURANSI BHAKTI BHAYANGKARA
2023;KBG;2023KBG;COUNTER BANK GUARANTEE;ASURANSI BINAGRIYA UPAKARA, PT;ASURANSI BINAGRIYA UPAKARA, PT;0.65;0.04;0.04;0.026;0.325;0.3;0.04;0.04;1;01/01/2023;31/12/2023;2023COUNTER BANK GUARANTEE;2023COUNTER BANK GUARANTEEASURANSI BINAGRIYA UPAKARA, PT
2023;KBG;2023KBG;COUNTER BANK GUARANTEE;ASURANSI BUMIPUTERA MUDA, PT;ASURANSI BUMIPUTERA MUDA, PT;0.65;0.01;0.01;0.0065;0.325;0.3;0.01;0.01;1;01/01/2023;31/12/2023;2023COUNTER BANK GUARANTEE;2023COUNTER BANK GUARANTEEASURANSI BUMIPUTERA MUDA, PT
2023;KBG;2023KBG;COUNTER BANK GUARANTEE;ASURANSI JASARAHARJA PUTERA;ASURANSI JASARAHARJA PUTERA;0.65;0.02;0.02;0.013;0.325;0.3;0.02;0.02;1;01/01/2023;31/12/2023;2023COUNTER BANK GUARANTEE;2023COUNTER BANK GUARANTEEASURANSI JASARAHARJA PUTERA
2023;KBG;2023KBG;COUNTER BANK GUARANTEE;ASURANSI TRIPAKARTA, PT;ASURANSI TRIPAKARTA, PT;0.65;0.01;0.01;0.0065;0.325;0.3;0.01;0.01;1;01/01/2023;31/12/2023;2023COUNTER BANK GUARANTEE;2023COUNTER BANK GUARANTEEASURANSI TRIPAKARTA, PT
2023;KBG;2023KBG;COUNTER BANK GUARANTEE;ASURANSI VIDEI;ASURANSI VIDEI;0.65;0.025;0.025;0.01625;0.325;0.3;0.025;0.025;1;01/01/2023;31/12/2023;2023COUNTER BANK GUARANTEE;2023COUNTER BANK GUARANTEEASURANSI VIDEI
2023;KBG;2023KBG;COUNTER BANK GUARANTEE;REASURANSI INDONESIA UTAMA, PT;REASURANSI INDONESIA UTAMA, PT;0.65;0.38;0.38;0.247;0.325;0.3;0.38;0.38;1;01/01/2023;31/12/2023;2023COUNTER BANK GUARANTEE;2023COUNTER BANK GUARANTEEREASURANSI INDONESIA UTAMA, PT
2023;KBG;2023KBG;COUNTER BANK GUARANTEE;REASURANSI NASIONAL INDONESIA, PT;REASURANSI NASIONAL INDONESIA, PT;0.65;0.3;0.3;0.195;0.325;0.3;0.3;0.3;1;01/01/2023;31/12/2023;2023COUNTER BANK GUARANTEE;2023COUNTER BANK GUARANTEEREASURANSI NASIONAL INDONESIA, PT
2023;KBG;2023KBG;COUNTER BANK GUARANTEE;REASURANSI NUSANTARA MAKMUR, PT;REASURANSI NUSANTARA MAKMUR, PT;0.65;0.05;0.05;0.0325;0.325;0.3;0.05;0.05;1;01/01/2023;31/12/2023;2023COUNTER BANK GUARANTEE;2023COUNTER BANK GUARANTEEREASURANSI NUSANTARA MAKMUR, PT
2023;KBG;2023KBG;COUNTER BANK GUARANTEE;TUGU REASURANSI, PT;TUGU REASURANSI, PT;0.65;0.05;0.05;0.0325;0.325;0.3;0.05;0.05;1;01/01/2023;31/12/2023;2023COUNTER BANK GUARANTEE;2023COUNTER BANK GUARANTEETUGU REASURANSI, PT
2023;CB;2023CB;CUSTOMS BOND;ASKRINDO-OR;ASKRINDO-OR;0.3;0.095;0.095;0.0285;0.325;0.3;0.095;0.095;1;01/01/2023;31/12/2023;2023CUSTOMS BOND;2023CUSTOMS BONDASKRINDO-OR
2023;CB;2023CB;CUSTOMS BOND;ASURANSI BHAKTI BHAYANGKARA;ASURANSI BHAKTI BHAYANGKARA;0.3;0.02;0.02;0.006;0.325;0.3;0.02;0.02;1;01/01/2023;31/12/2023;2023CUSTOMS BOND;2023CUSTOMS BONDASURANSI BHAKTI BHAYANGKARA
2023;CB;2023CB;CUSTOMS BOND;ASURANSI BINAGRIYA UPAKARA, PT;ASURANSI BINAGRIYA UPAKARA, PT;0.3;0.04;0.04;0.012;0.325;0.3;0.04;0.04;1;01/01/2023;31/12/2023;2023CUSTOMS BOND;2023CUSTOMS BONDASURANSI BINAGRIYA UPAKARA, PT
2023;CB;2023CB;CUSTOMS BOND;ASURANSI BUMIPUTERA MUDA, PT;ASURANSI BUMIPUTERA MUDA, PT;0.3;0.01;0.01;0.003;0.325;0.3;0.01;0.01;1;01/01/2023;31/12/2023;2023CUSTOMS BOND;2023CUSTOMS BONDASURANSI BUMIPUTERA MUDA, PT
2023;CB;2023CB;CUSTOMS BOND;ASURANSI JASARAHARJA PUTERA;ASURANSI JASARAHARJA PUTERA;0.3;0.02;0.02;0.006;0.325;0.3;0.02;0.02;1;01/01/2023;31/12/2023;2023CUSTOMS BOND;2023CUSTOMS BONDASURANSI JASARAHARJA PUTERA
2023;CB;2023CB;CUSTOMS BOND;ASURANSI TRIPAKARTA, PT;ASURANSI TRIPAKARTA, PT;0.3;0.01;0.01;0.003;0.325;0.3;0.01;0.01;1;01/01/2023;31/12/2023;2023CUSTOMS BOND;2023CUSTOMS BONDASURANSI TRIPAKARTA, PT
2023;CB;2023CB;CUSTOMS BOND;ASURANSI VIDEI;ASURANSI VIDEI;0.3;0.025;0.025;0.0075;0.325;0.3;0.025;0.025;1;01/01/2023;31/12/2023;2023CUSTOMS BOND;2023CUSTOMS BONDASURANSI VIDEI
2023;CB;2023CB;CUSTOMS BOND;REASURANSI INDONESIA UTAMA, PT;REASURANSI INDONESIA UTAMA, PT;0.3;0.38;0.38;0.114;0.325;0.3;0.38;0.38;1;01/01/2023;31/12/2023;2023CUSTOMS BOND;2023CUSTOMS BONDREASURANSI INDONESIA UTAMA, PT
2023;CB;2023CB;CUSTOMS BOND;REASURANSI NASIONAL INDONESIA, PT;REASURANSI NASIONAL INDONESIA, PT;0.3;0.3;0.3;0.09;0.325;0.3;0.3;0.3;1;01/01/2023;31/12/2023;2023CUSTOMS BOND;2023CUSTOMS BONDREASURANSI NASIONAL INDONESIA, PT
2023;CB;2023CB;CUSTOMS BOND;REASURANSI NUSANTARA MAKMUR, PT;REASURANSI NUSANTARA MAKMUR, PT;0.3;0.05;0.05;0.015;0.325;0.3;0.05;0.05;1;01/01/2023;31/12/2023;2023CUSTOMS BOND;2023CUSTOMS BONDREASURANSI NUSANTARA MAKMUR, PT
2023;CB;2023CB;CUSTOMS BOND;TUGU REASURANSI, PT;TUGU REASURANSI, PT;0.3;0.05;0.05;0.015;0.325;0.3;0.05;0.05;1;01/01/2023;31/12/2023;2023CUSTOMS BOND;2023CUSTOMS BONDTUGU REASURANSI, PT
2023;9;20239;ENGINEERING;ASKRINDO-OR;ASKRINDO-OR;0.4;0.21;0.21;0.084;0.275;0.25;0.21;0.21;1;01/01/2023;31/12/2023;2023ENGINEERING;2023ENGINEERINGASKRINDO-OR
2023;9;20239;ENGINEERING;ASURANSI BHAKTI BHAYANGKARA;ASURANSI BHAKTI BHAYANGKARA;0.4;0.02;0.02;0.008;0.275;0.25;0.02;0.02;1;01/01/2023;31/12/2023;2023ENGINEERING;2023ENGINEERINGASURANSI BHAKTI BHAYANGKARA
2023;9;20239;ENGINEERING;ASURANSI BINAGRIYA UPAKARA, PT;ASURANSI BINAGRIYA UPAKARA, PT;0.4;0.025;0.025;0.01;0.275;0.25;0.025;0.025;1;01/01/2023;31/12/2023;2023ENGINEERING;2023ENGINEERINGASURANSI BINAGRIYA UPAKARA, PT
2023;9;20239;ENGINEERING;ASURANSI BUMIPUTERA MUDA, PT;ASURANSI BUMIPUTERA MUDA, PT;0.4;0.01;0.01;0.004;0.275;0.25;0.01;0.01;1;01/01/2023;31/12/2023;2023ENGINEERING;2023ENGINEERINGASURANSI BUMIPUTERA MUDA, PT
2023;9;20239;ENGINEERING;ASURANSI JASARAHARJA PUTERA;ASURANSI JASARAHARJA PUTERA;0.4;0.02;0.02;0.008;0.275;0.25;0.02;0.02;1;01/01/2023;31/12/2023;2023ENGINEERING;2023ENGINEERINGASURANSI JASARAHARJA PUTERA
2023;9;20239;ENGINEERING;ASURANSI TRIPAKARTA, PT;ASURANSI TRIPAKARTA, PT;0.4;0.01;0.01;0.004;0.275;0.25;0.01;0.01;1;01/01/2023;31/12/2023;2023ENGINEERING;2023ENGINEERINGASURANSI TRIPAKARTA, PT
2023;9;20239;ENGINEERING;ASURANSI VIDEI;ASURANSI VIDEI;0.4;0.025;0.025;0.01;0.275;0.25;0.025;0.025;1;01/01/2023;31/12/2023;2023ENGINEERING;2023ENGINEERINGASURANSI VIDEI
2023;9;20239;ENGINEERING;REASURANSI INDONESIA UTAMA, PT;REASURANSI INDONESIA UTAMA, PT;0.4;0.38;0.38;0.152;0.275;0.25;0.38;0.38;1;01/01/2023;31/12/2023;2023ENGINEERING;2023ENGINEERINGREASURANSI INDONESIA UTAMA, PT
2023;9;20239;ENGINEERING;REASURANSI NASIONAL INDONESIA, PT;REASURANSI NASIONAL INDONESIA, PT;0.4;0.1;0.1;0.04;0.275;0.25;0.1;0.1;1;01/01/2023;31/12/2023;2023ENGINEERING;2023ENGINEERINGREASURANSI NASIONAL INDONESIA, PT
2023;9;20239;ENGINEERING;REASURANSI NUSANTARA MAKMUR, PT;REASURANSI NUSANTARA MAKMUR, PT;0.4;0.1;0.1;0.04;0.275;0.25;0.1;0.1;1;01/01/2023;31/12/2023;2023ENGINEERING;2023ENGINEERINGREASURANSI NUSANTARA MAKMUR, PT
2023;9;20239;ENGINEERING;TUGU REASURANSI, PT;TUGU REASURANSI, PT;0.4;0.1;0.1;0.04;0.275;0.25;0.1;0.1;1;01/01/2023;31/12/2023;2023ENGINEERING;2023ENGINEERINGTUGU REASURANSI, PT
2023;1;20231;FIRE;ASKRINDO-OR;ASKRINDO-OR;0.4;0.21;0.21;0.084;0.325;0.3;0.21;0.21;1;01/01/2023;31/12/2023;2023FIRE;2023FIREASKRINDO-OR
2023;1;20231;FIRE;ASURANSI BHAKTI BHAYANGKARA;ASURANSI BHAKTI BHAYANGKARA;0.4;0.02;0.02;0.008;0.325;0.3;0.02;0.02;1;01/01/2023;31/12/2023;2023FIRE;2023FIREASURANSI BHAKTI BHAYANGKARA
2023;1;20231;FIRE;ASURANSI BINAGRIYA UPAKARA, PT;ASURANSI BINAGRIYA UPAKARA, PT;0.4;0.025;0.025;0.01;0.325;0.3;0.025;0.025;1;01/01/2023;31/12/2023;2023FIRE;2023FIREASURANSI BINAGRIYA UPAKARA, PT
2023;1;20231;FIRE;ASURANSI BUMIPUTERA MUDA, PT;ASURANSI BUMIPUTERA MUDA, PT;0.4;0.01;0.01;0.004;0.325;0.3;0.01;0.01;1;01/01/2023;31/12/2023;2023FIRE;2023FIREASURANSI BUMIPUTERA MUDA, PT
2023;1;20231;FIRE;ASURANSI JASARAHARJA PUTERA;ASURANSI JASARAHARJA PUTERA;0.4;0.02;0.02;0.008;0.325;0.3;0.02;0.02;1;01/01/2023;31/12/2023;2023FIRE;2023FIREASURANSI JASARAHARJA PUTERA
2023;1;20231;FIRE;ASURANSI TRIPAKARTA, PT;ASURANSI TRIPAKARTA, PT;0.4;0.01;0.01;0.004;0.325;0.3;0.01;0.01;1;01/01/2023;31/12/2023;2023FIRE;2023FIREASURANSI TRIPAKARTA, PT
2023;1;20231;FIRE;ASURANSI VIDEI;ASURANSI VIDEI;0.4;0.025;0.025;0.01;0.325;0.3;0.025;0.025;1;01/01/2023;31/12/2023;2023FIRE;2023FIREASURANSI VIDEI
2023;1;20231;FIRE;REASURANSI INDONESIA UTAMA, PT;REASURANSI INDONESIA UTAMA, PT;0.4;0.38;0.38;0.152;0.325;0.3;0.38;0.38;1;01/01/2023;31/12/2023;2023FIRE;2023FIREREASURANSI INDONESIA UTAMA, PT
2023;1;20231;FIRE;REASURANSI NASIONAL INDONESIA, PT;REASURANSI NASIONAL INDONESIA, PT;0.4;0.1;0.1;0.04;0.325;0.3;0.1;0.1;1;01/01/2023;31/12/2023;2023FIRE;2023FIREREASURANSI NASIONAL INDONESIA, PT
2023;1;20231;FIRE;REASURANSI NUSANTARA MAKMUR, PT;REASURANSI NUSANTARA MAKMUR, PT;0.4;0.1;0.1;0.04;0.325;0.3;0.1;0.1;1;01/01/2023;31/12/2023;2023FIRE;2023FIREREASURANSI NUSANTARA MAKMUR, PT
2023;1;20231;FIRE;TUGU REASURANSI, PT;TUGU REASURANSI, PT;0.4;0.1;0.1;0.04;0.325;0.3;0.1;0.1;1;01/01/2023;31/12/2023;2023FIRE;2023FIRETUGU REASURANSI, PT
2023;15;202315;GENERAL ACCIDENT;ASKRINDO-OR;ASKRINDO-OR;0.75;0.21;;0.1575;0.3;0;0.21;0;1;01/01/2023;31/12/2023;2023GENERAL ACCIDENT;2023GENERAL ACCIDENTASKRINDO-OR
2023;15;202315;GENERAL ACCIDENT;ASURANSI BHAKTI BHAYANGKARA;ASURANSI BHAKTI BHAYANGKARA;0.75;0.02;;0.015;0.3;0;0.02;0;1;01/01/2023;31/12/2023;2023GENERAL ACCIDENT;2023GENERAL ACCIDENTASURANSI BHAKTI BHAYANGKARA
2023;15;202315;GENERAL ACCIDENT;ASURANSI BINAGRIYA UPAKARA, PT;ASURANSI BINAGRIYA UPAKARA, PT;0.75;0.025;;0.01875;0.3;0;0.025;0;1;01/01/2023;31/12/2023;2023GENERAL ACCIDENT;2023GENERAL ACCIDENTASURANSI BINAGRIYA UPAKARA, PT
2023;15;202315;GENERAL ACCIDENT;ASURANSI BUMIPUTERA MUDA, PT;ASURANSI BUMIPUTERA MUDA, PT;0.75;0.01;;0.0075;0.3;0;0.01;0;1;01/01/2023;31/12/2023;2023GENERAL ACCIDENT;2023GENERAL ACCIDENTASURANSI BUMIPUTERA MUDA, PT
2023;15;202315;GENERAL ACCIDENT;ASURANSI JASARAHARJA PUTERA;ASURANSI JASARAHARJA PUTERA;0.75;0.02;;0.015;0.3;0;0.02;0;1;01/01/2023;31/12/2023;2023GENERAL ACCIDENT;2023GENERAL ACCIDENTASURANSI JASARAHARJA PUTERA
2023;15;202315;GENERAL ACCIDENT;ASURANSI TRIPAKARTA, PT;ASURANSI TRIPAKARTA, PT;0.75;0.01;;0.0075;0.3;0;0.01;0;1;01/01/2023;31/12/2023;2023GENERAL ACCIDENT;2023GENERAL ACCIDENTASURANSI TRIPAKARTA, PT
2023;15;202315;GENERAL ACCIDENT;ASURANSI VIDEI;ASURANSI VIDEI;0.75;0.025;;0.01875;0.3;0;0.025;0;1;01/01/2023;31/12/2023;2023GENERAL ACCIDENT;2023GENERAL ACCIDENTASURANSI VIDEI
2023;15;202315;GENERAL ACCIDENT;REASURANSI INDONESIA UTAMA, PT;REASURANSI INDONESIA UTAMA, PT;0.75;0.38;;0.285;0.3;0;0.38;0;1;01/01/2023;31/12/2023;2023GENERAL ACCIDENT;2023GENERAL ACCIDENTREASURANSI INDONESIA UTAMA, PT
2023;15;202315;GENERAL ACCIDENT;REASURANSI NASIONAL INDONESIA, PT;REASURANSI NASIONAL INDONESIA, PT;0.75;0.1;;0.075;0.3;0;0.1;0;1;01/01/2023;31/12/2023;2023GENERAL ACCIDENT;2023GENERAL ACCIDENTREASURANSI NASIONAL INDONESIA, PT
2023;15;202315;GENERAL ACCIDENT;REASURANSI NUSANTARA MAKMUR, PT;REASURANSI NUSANTARA MAKMUR, PT;0.75;0.1;;0.075;0.3;0;0.1;0;1;01/01/2023;31/12/2023;2023GENERAL ACCIDENT;2023GENERAL ACCIDENTREASURANSI NUSANTARA MAKMUR, PT
2023;15;202315;GENERAL ACCIDENT;TUGU REASURANSI, PT;TUGU REASURANSI, PT;0.75;0.1;;0.075;0.3;0;0.1;0;1;01/01/2023;31/12/2023;2023GENERAL ACCIDENT;2023GENERAL ACCIDENTTUGU REASURANSI, PT
2023;203;2023203;HEAVY EQUIPMENT;ASKRINDO-OR;ASKRINDO-OR;0.3;0.21;;0.063;0.325;0;0.21;0;1;01/01/2023;31/12/2023;2023HEAVY EQUIPMENT;2023HEAVY EQUIPMENTASKRINDO-OR
2023;203;2023203;HEAVY EQUIPMENT;ASURANSI BHAKTI BHAYANGKARA;ASURANSI BHAKTI BHAYANGKARA;0.3;0.02;;0.006;0.325;0;0.02;0;1;01/01/2023;31/12/2023;2023HEAVY EQUIPMENT;2023HEAVY EQUIPMENTASURANSI BHAKTI BHAYANGKARA
2023;203;2023203;HEAVY EQUIPMENT;ASURANSI BINAGRIYA UPAKARA, PT;ASURANSI BINAGRIYA UPAKARA, PT;0.3;0.025;;0.0075;0.325;0;0.025;0;1;01/01/2023;31/12/2023;2023HEAVY EQUIPMENT;2023HEAVY EQUIPMENTASURANSI BINAGRIYA UPAKARA, PT
2023;203;2023203;HEAVY EQUIPMENT;ASURANSI BUMIPUTERA MUDA, PT;ASURANSI BUMIPUTERA MUDA, PT;0.3;0.01;;0.003;0.325;0;0.01;0;1;01/01/2023;31/12/2023;2023HEAVY EQUIPMENT;2023HEAVY EQUIPMENTASURANSI BUMIPUTERA MUDA, PT
2023;203;2023203;HEAVY EQUIPMENT;ASURANSI JASARAHARJA PUTERA;ASURANSI JASARAHARJA PUTERA;0.3;0.02;;0.006;0.325;0;0.02;0;1;01/01/2023;31/12/2023;2023HEAVY EQUIPMENT;2023HEAVY EQUIPMENTASURANSI JASARAHARJA PUTERA
2023;203;2023203;HEAVY EQUIPMENT;ASURANSI TRIPAKARTA, PT;ASURANSI TRIPAKARTA, PT;0.3;0.01;;0.003;0.325;0;0.01;0;1;01/01/2023;31/12/2023;2023HEAVY EQUIPMENT;2023HEAVY EQUIPMENTASURANSI TRIPAKARTA, PT
2023;203;2023203;HEAVY EQUIPMENT;ASURANSI VIDEI;ASURANSI VIDEI;0.3;0.025;;0.0075;0.325;0;0.025;0;1;01/01/2023;31/12/2023;2023HEAVY EQUIPMENT;2023HEAVY EQUIPMENTASURANSI VIDEI
2023;203;2023203;HEAVY EQUIPMENT;REASURANSI INDONESIA UTAMA, PT;REASURANSI INDONESIA UTAMA, PT;0.3;0.38;;0.114;0.325;0;0.38;0;1;01/01/2023;31/12/2023;2023HEAVY EQUIPMENT;2023HEAVY EQUIPMENTREASURANSI INDONESIA UTAMA, PT
2023;203;2023203;HEAVY EQUIPMENT;REASURANSI NASIONAL INDONESIA, PT;REASURANSI NASIONAL INDONESIA, PT;0.3;0.1;;0.03;0.325;0;0.1;0;1;01/01/2023;31/12/2023;2023HEAVY EQUIPMENT;2023HEAVY EQUIPMENTREASURANSI NASIONAL INDONESIA, PT
2023;203;2023203;HEAVY EQUIPMENT;REASURANSI NUSANTARA MAKMUR, PT;REASURANSI NUSANTARA MAKMUR, PT;0.3;0.1;;0.03;0.325;0;0.1;0;1;01/01/2023;31/12/2023;2023HEAVY EQUIPMENT;2023HEAVY EQUIPMENTREASURANSI NUSANTARA MAKMUR, PT
2023;203;2023203;HEAVY EQUIPMENT;TUGU REASURANSI, PT;TUGU REASURANSI, PT;0.3;0.1;;0.03;0.325;0;0.1;0;1;01/01/2023;31/12/2023;2023HEAVY EQUIPMENT;2023HEAVY EQUIPMENTTUGU REASURANSI, PT
2023;10;202310;LIABILITY (GA);ASKRINDO-OR;ASKRINDO-OR;0.75;0.21;;0.1575;0.3;0;0.21;0;1;01/01/2023;31/12/2023;2023LIABILITY (GA);2023LIABILITY (GA)ASKRINDO-OR
2023;10;202310;LIABILITY (GA);ASURANSI BHAKTI BHAYANGKARA;ASURANSI BHAKTI BHAYANGKARA;0.75;0.02;;0.015;0.3;0;0.02;0;1;01/01/2023;31/12/2023;2023LIABILITY (GA);2023LIABILITY (GA)ASURANSI BHAKTI BHAYANGKARA
2023;10;202310;LIABILITY (GA);ASURANSI BINAGRIYA UPAKARA, PT;ASURANSI BINAGRIYA UPAKARA, PT;0.75;0.025;;0.01875;0.3;0;0.025;0;1;01/01/2023;31/12/2023;2023LIABILITY (GA);2023LIABILITY (GA)ASURANSI BINAGRIYA UPAKARA, PT
2023;10;202310;LIABILITY (GA);ASURANSI BUMIPUTERA MUDA, PT;ASURANSI BUMIPUTERA MUDA, PT;0.75;0.01;;0.0075;0.3;0;0.01;0;1;01/01/2023;31/12/2023;2023LIABILITY (GA);2023LIABILITY (GA)ASURANSI BUMIPUTERA MUDA, PT
2023;10;202310;LIABILITY (GA);ASURANSI JASARAHARJA PUTERA;ASURANSI JASARAHARJA PUTERA;0.75;0.02;;0.015;0.3;0;0.02;0;1;01/01/2023;31/12/2023;2023LIABILITY (GA);2023LIABILITY (GA)ASURANSI JASARAHARJA PUTERA
2023;10;202310;LIABILITY (GA);ASURANSI TRIPAKARTA, PT;ASURANSI TRIPAKARTA, PT;0.75;0.01;;0.0075;0.3;0;0.01;0;1;01/01/2023;31/12/2023;2023LIABILITY (GA);2023LIABILITY (GA)ASURANSI TRIPAKARTA, PT
2023;10;202310;LIABILITY (GA);ASURANSI VIDEI;ASURANSI VIDEI;0.75;0.025;;0.01875;0.3;0;0.025;0;1;01/01/2023;31/12/2023;2023LIABILITY (GA);2023LIABILITY (GA)ASURANSI VIDEI
2023;10;202310;LIABILITY (GA);REASURANSI INDONESIA UTAMA, PT;REASURANSI INDONESIA UTAMA, PT;0.75;0.38;;0.285;0.3;0;0.38;0;1;01/01/2023;31/12/2023;2023LIABILITY (GA);2023LIABILITY (GA)REASURANSI INDONESIA UTAMA, PT
2023;10;202310;LIABILITY (GA);REASURANSI NASIONAL INDONESIA, PT;REASURANSI NASIONAL INDONESIA, PT;0.75;0.1;;0.075;0.3;0;0.1;0;1;01/01/2023;31/12/2023;2023LIABILITY (GA);2023LIABILITY (GA)REASURANSI NASIONAL INDONESIA, PT
2023;10;202310;LIABILITY (GA);REASURANSI NUSANTARA MAKMUR, PT;REASURANSI NUSANTARA MAKMUR, PT;0.75;0.1;;0.075;0.3;0;0.1;0;1;01/01/2023;31/12/2023;2023LIABILITY (GA);2023LIABILITY (GA)REASURANSI NUSANTARA MAKMUR, PT
2023;10;202310;LIABILITY (GA);TUGU REASURANSI, PT;TUGU REASURANSI, PT;0.75;0.1;;0.075;0.3;0;0.1;0;1;01/01/2023;31/12/2023;2023LIABILITY (GA);2023LIABILITY (GA)TUGU REASURANSI, PT
2023;3;20233;MARINE CARGO;ASKRINDO-OR;ASKRINDO-OR;0.7;0.21;;0.147;0.3;0;0.21;0;1;01/01/2023;31/12/2023;2023MARINE CARGO;2023MARINE CARGOASKRINDO-OR
2023;3;20233;MARINE CARGO;ASURANSI BHAKTI BHAYANGKARA;ASURANSI BHAKTI BHAYANGKARA;0.7;0.02;;0.014;0.3;0;0.02;0;1;01/01/2023;31/12/2023;2023MARINE CARGO;2023MARINE CARGOASURANSI BHAKTI BHAYANGKARA
2023;3;20233;MARINE CARGO;ASURANSI BINAGRIYA UPAKARA, PT;ASURANSI BINAGRIYA UPAKARA, PT;0.7;0.025;;0.0175;0.3;0;0.025;0;1;01/01/2023;31/12/2023;2023MARINE CARGO;2023MARINE CARGOASURANSI BINAGRIYA UPAKARA, PT
2023;3;20233;MARINE CARGO;ASURANSI BUMIPUTERA MUDA, PT;ASURANSI BUMIPUTERA MUDA, PT;0.7;0.01;;0.007;0.3;0;0.01;0;1;01/01/2023;31/12/2023;2023MARINE CARGO;2023MARINE CARGOASURANSI BUMIPUTERA MUDA, PT
2023;3;20233;MARINE CARGO;ASURANSI JASARAHARJA PUTERA;ASURANSI JASARAHARJA PUTERA;0.7;0.02;;0.014;0.3;0;0.02;0;1;01/01/2023;31/12/2023;2023MARINE CARGO;2023MARINE CARGOASURANSI JASARAHARJA PUTERA
2023;3;20233;MARINE CARGO;ASURANSI TRIPAKARTA, PT;ASURANSI TRIPAKARTA, PT;0.7;0.01;;0.007;0.3;0;0.01;0;1;01/01/2023;31/12/2023;2023MARINE CARGO;2023MARINE CARGOASURANSI TRIPAKARTA, PT
2023;3;20233;MARINE CARGO;ASURANSI VIDEI;ASURANSI VIDEI;0.7;0.025;;0.0175;0.3;0;0.025;0;1;01/01/2023;31/12/2023;2023MARINE CARGO;2023MARINE CARGOASURANSI VIDEI
2023;3;20233;MARINE CARGO;REASURANSI INDONESIA UTAMA, PT;REASURANSI INDONESIA UTAMA, PT;0.7;0.38;;0.266;0.3;0;0.38;0;1;01/01/2023;31/12/2023;2023MARINE CARGO;2023MARINE CARGOREASURANSI INDONESIA UTAMA, PT
2023;3;20233;MARINE CARGO;REASURANSI NASIONAL INDONESIA, PT;REASURANSI NASIONAL INDONESIA, PT;0.7;0.1;;0.07;0.3;0;0.1;0;1;01/01/2023;31/12/2023;2023MARINE CARGO;2023MARINE CARGOREASURANSI NASIONAL INDONESIA, PT
2023;3;20233;MARINE CARGO;REASURANSI NUSANTARA MAKMUR, PT;REASURANSI NUSANTARA MAKMUR, PT;0.7;0.1;;0.07;0.3;0;0.1;0;1;01/01/2023;31/12/2023;2023MARINE CARGO;2023MARINE CARGOREASURANSI NUSANTARA MAKMUR, PT
2023;3;20233;MARINE CARGO;TUGU REASURANSI, PT;TUGU REASURANSI, PT;0.7;0.1;;0.07;0.3;0;0.1;0;1;01/01/2023;31/12/2023;2023MARINE CARGO;2023MARINE CARGOTUGU REASURANSI, PT
2023;4;20234;MARINE HULL;ASKRINDO-OR;ASKRINDO-OR;0.5;0.21;0.21;0.105;0.225;0.2;0.21;0.21;1;01/01/2023;31/12/2023;2023MARINE HULL;2023MARINE HULLASKRINDO-OR
2023;4;20234;MARINE HULL;ASURANSI BHAKTI BHAYANGKARA;ASURANSI BHAKTI BHAYANGKARA;0.5;0.02;0.02;0.01;0.225;0.2;0.02;0.02;1;01/01/2023;31/12/2023;2023MARINE HULL;2023MARINE HULLASURANSI BHAKTI BHAYANGKARA
2023;4;20234;MARINE HULL;ASURANSI BINAGRIYA UPAKARA, PT;ASURANSI BINAGRIYA UPAKARA, PT;0.5;0.025;0.025;0.0125;0.225;0.2;0.025;0.025;1;01/01/2023;31/12/2023;2023MARINE HULL;2023MARINE HULLASURANSI BINAGRIYA UPAKARA, PT
2023;4;20234;MARINE HULL;ASURANSI BUMIPUTERA MUDA, PT;ASURANSI BUMIPUTERA MUDA, PT;0.5;0.01;0.01;0.005;0.225;0.2;0.01;0.01;1;01/01/2023;31/12/2023;2023MARINE HULL;2023MARINE HULLASURANSI BUMIPUTERA MUDA, PT
2023;4;20234;MARINE HULL;ASURANSI JASARAHARJA PUTERA;ASURANSI JASARAHARJA PUTERA;0.5;0.02;0.02;0.01;0.225;0.2;0.02;0.02;1;01/01/2023;31/12/2023;2023MARINE HULL;2023MARINE HULLASURANSI JASARAHARJA PUTERA
2023;4;20234;MARINE HULL;ASURANSI TRIPAKARTA, PT;ASURANSI TRIPAKARTA, PT;0.5;0.01;0.01;0.005;0.225;0.2;0.01;0.01;1;01/01/2023;31/12/2023;2023MARINE HULL;2023MARINE HULLASURANSI TRIPAKARTA, PT
2023;4;20234;MARINE HULL;ASURANSI VIDEI;ASURANSI VIDEI;0.5;0.025;0.025;0.0125;0.225;0.2;0.025;0.025;1;01/01/2023;31/12/2023;2023MARINE HULL;2023MARINE HULLASURANSI VIDEI
2023;4;20234;MARINE HULL;REASURANSI INDONESIA UTAMA, PT;REASURANSI INDONESIA UTAMA, PT;0.5;0.38;0.38;0.19;0.225;0.2;0.38;0.38;1;01/01/2023;31/12/2023;2023MARINE HULL;2023MARINE HULLREASURANSI INDONESIA UTAMA, PT
2023;4;20234;MARINE HULL;REASURANSI NASIONAL INDONESIA, PT;REASURANSI NASIONAL INDONESIA, PT;0.5;0.1;0.1;0.05;0.225;0.2;0.1;0.1;1;01/01/2023;31/12/2023;2023MARINE HULL;2023MARINE HULLREASURANSI NASIONAL INDONESIA, PT
2023;4;20234;MARINE HULL;REASURANSI NUSANTARA MAKMUR, PT;REASURANSI NUSANTARA MAKMUR, PT;0.5;0.1;0.1;0.05;0.225;0.2;0.1;0.1;1;01/01/2023;31/12/2023;2023MARINE HULL;2023MARINE HULLREASURANSI NUSANTARA MAKMUR, PT
2023;4;20234;MARINE HULL;TUGU REASURANSI, PT;TUGU REASURANSI, PT;0.5;0.1;0.1;0.05;0.225;0.2;0.1;0.1;1;01/01/2023;31/12/2023;2023MARINE HULL;2023MARINE HULLTUGU REASURANSI, PT
2023;15X;202315X;MONEY INSURANCE;ASKRINDO-OR;ASKRINDO-OR;0.625;0.21;;0.13125;0.325;0;0.21;0;1;01/01/2023;31/12/2023;2023MONEY INSURANCE;2023MONEY INSURANCEASKRINDO-OR
2023;15X;202315X;MONEY INSURANCE;ASURANSI BHAKTI BHAYANGKARA;ASURANSI BHAKTI BHAYANGKARA;0.625;0.02;;0.0125;0.325;0;0.02;0;1;01/01/2023;31/12/2023;2023MONEY INSURANCE;2023MONEY INSURANCEASURANSI BHAKTI BHAYANGKARA
2023;15X;202315X;MONEY INSURANCE;ASURANSI BINAGRIYA UPAKARA, PT;ASURANSI BINAGRIYA UPAKARA, PT;0.625;0.025;;0.015625;0.325;0;0.025;0;1;01/01/2023;31/12/2023;2023MONEY INSURANCE;2023MONEY INSURANCEASURANSI BINAGRIYA UPAKARA, PT
2023;15X;202315X;MONEY INSURANCE;ASURANSI BUMIPUTERA MUDA, PT;ASURANSI BUMIPUTERA MUDA, PT;0.625;0.01;;0.00625;0.325;0;0.01;0;1;01/01/2023;31/12/2023;2023MONEY INSURANCE;2023MONEY INSURANCEASURANSI BUMIPUTERA MUDA, PT
2023;15X;202315X;MONEY INSURANCE;ASURANSI JASARAHARJA PUTERA;ASURANSI JASARAHARJA PUTERA;0.625;0.02;;0.0125;0.325;0;0.02;0;1;01/01/2023;31/12/2023;2023MONEY INSURANCE;2023MONEY INSURANCEASURANSI JASARAHARJA PUTERA
2023;15X;202315X;MONEY INSURANCE;ASURANSI TRIPAKARTA, PT;ASURANSI TRIPAKARTA, PT;0.625;0.01;;0.00625;0.325;0;0.01;0;1;01/01/2023;31/12/2023;2023MONEY INSURANCE;2023MONEY INSURANCEASURANSI TRIPAKARTA, PT
2023;15X;202315X;MONEY INSURANCE;ASURANSI VIDEI;ASURANSI VIDEI;0.625;0.025;;0.015625;0.325;0;0.025;0;1;01/01/2023;31/12/2023;2023MONEY INSURANCE;2023MONEY INSURANCEASURANSI VIDEI
2023;15X;202315X;MONEY INSURANCE;REASURANSI INDONESIA UTAMA, PT;REASURANSI INDONESIA UTAMA, PT;0.625;0.38;;0.2375;0.325;0;0.38;0;1;01/01/2023;31/12/2023;2023MONEY INSURANCE;2023MONEY INSURANCEREASURANSI INDONESIA UTAMA, PT
2023;15X;202315X;MONEY INSURANCE;REASURANSI NASIONAL INDONESIA, PT;REASURANSI NASIONAL INDONESIA, PT;0.625;0.1;;0.0625;0.325;0;0.1;0;1;01/01/2023;31/12/2023;2023MONEY INSURANCE;2023MONEY INSURANCEREASURANSI NASIONAL INDONESIA, PT
2023;15X;202315X;MONEY INSURANCE;REASURANSI NUSANTARA MAKMUR, PT;REASURANSI NUSANTARA MAKMUR, PT;0.625;0.1;;0.0625;0.325;0;0.1;0;1;01/01/2023;31/12/2023;2023MONEY INSURANCE;2023MONEY INSURANCEREASURANSI NUSANTARA MAKMUR, PT
2023;15X;202315X;MONEY INSURANCE;TUGU REASURANSI, PT;TUGU REASURANSI, PT;0.625;0.1;;0.0625;0.325;0;0.1;0;1;01/01/2023;31/12/2023;2023MONEY INSURANCE;2023MONEY INSURANCETUGU REASURANSI, PT
2023;2;20232;MOTOR VEHICLE;ASKRINDO-OR;ASKRINDO-OR;0;0;0.21;0;0;0.325;0;0.21;0;01/01/2023;31/12/2023;2023MOTOR VEHICLE;2023MOTOR VEHICLEASKRINDO-OR
2023;2;20232;MOTOR VEHICLE;ASURANSI BHAKTI BHAYANGKARA;ASURANSI BHAKTI BHAYANGKARA;0;0;0.02;0;0;0.325;0;0.02;0;01/01/2023;31/12/2023;2023MOTOR VEHICLE;2023MOTOR VEHICLEASURANSI BHAKTI BHAYANGKARA
2023;2;20232;MOTOR VEHICLE;ASURANSI BINAGRIYA UPAKARA, PT;ASURANSI BINAGRIYA UPAKARA, PT;0;0;0.025;0;0;0.325;0;0.025;0;01/01/2023;31/12/2023;2023MOTOR VEHICLE;2023MOTOR VEHICLEASURANSI BINAGRIYA UPAKARA, PT
2023;2;20232;MOTOR VEHICLE;ASURANSI BUMIPUTERA MUDA, PT;ASURANSI BUMIPUTERA MUDA, PT;0;0;0.01;0;0;0.325;0;0.01;0;01/01/2023;31/12/2023;2023MOTOR VEHICLE;2023MOTOR VEHICLEASURANSI BUMIPUTERA MUDA, PT
2023;2;20232;MOTOR VEHICLE;ASURANSI JASARAHARJA PUTERA;ASURANSI JASARAHARJA PUTERA;0;0;0.02;0;0;0.325;0;0.02;0;01/01/2023;31/12/2023;2023MOTOR VEHICLE;2023MOTOR VEHICLEASURANSI JASARAHARJA PUTERA
2023;2;20232;MOTOR VEHICLE;ASURANSI TRIPAKARTA, PT;ASURANSI TRIPAKARTA, PT;0;0;0.01;0;0;0.325;0;0.01;0;01/01/2023;31/12/2023;2023MOTOR VEHICLE;2023MOTOR VEHICLEASURANSI TRIPAKARTA, PT
2023;2;20232;MOTOR VEHICLE;ASURANSI VIDEI;ASURANSI VIDEI;0;0;0.025;0;0;0.325;0;0.025;0;01/01/2023;31/12/2023;2023MOTOR VEHICLE;2023MOTOR VEHICLEASURANSI VIDEI
2023;2;20232;MOTOR VEHICLE;REASURANSI INDONESIA UTAMA, PT;REASURANSI INDONESIA UTAMA, PT;0;0;0.38;0;0;0.325;0;0.38;0;01/01/2023;31/12/2023;2023MOTOR VEHICLE;2023MOTOR VEHICLEREASURANSI INDONESIA UTAMA, PT
2023;2;20232;MOTOR VEHICLE;REASURANSI NASIONAL INDONESIA, PT;REASURANSI NASIONAL INDONESIA, PT;0;0;0.1;0;0;0.325;0;0.1;0;01/01/2023;31/12/2023;2023MOTOR VEHICLE;2023MOTOR VEHICLEREASURANSI NASIONAL INDONESIA, PT
2023;2;20232;MOTOR VEHICLE;REASURANSI NUSANTARA MAKMUR, PT;REASURANSI NUSANTARA MAKMUR, PT;0;0;0.1;0;0;0.325;0;0.1;0;01/01/2023;31/12/2023;2023MOTOR VEHICLE;2023MOTOR VEHICLEREASURANSI NUSANTARA MAKMUR, PT
2023;2;20232;MOTOR VEHICLE;TUGU REASURANSI, PT;TUGU REASURANSI, PT;0;0;0.1;0;0;0.325;0;0.1;0;01/01/2023;31/12/2023;2023MOTOR VEHICLE;2023MOTOR VEHICLETUGU REASURANSI, PT
2023;0;20230;OIL & GAS;ARB;ARB;0.5;0.05;0.05;0.025;0.25;0.225;0.05;0.05;1;01/01/2023;31/12/2023;2023OIL & GAS;2023OIL & GASARB
2023;0;20230;OIL & GAS;ASKRINDO-OR;ASKRINDO-OR;0.5;0.21;0.21;0.105;0.25;0.225;0.21;0.21;1;01/01/2023;31/12/2023;2023OIL & GAS;2023OIL & GASASKRINDO-OR
2023;0;20230;OIL & GAS;ASURANSI BHAKTI BHAYANGKARA;ASURANSI BHAKTI BHAYANGKARA;0.5;0.02;0.02;0.01;0.25;0.225;0.02;0.02;1;01/01/2023;31/12/2023;2023OIL & GAS;2023OIL & GASASURANSI BHAKTI BHAYANGKARA
2023;0;20230;OIL & GAS;ASURANSI BINAGRIYA UPAKARA, PT;ASURANSI BINAGRIYA UPAKARA, PT;0.5;0.025;0.025;0.0125;0.25;0.225;0.025;0.025;1;01/01/2023;31/12/2023;2023OIL & GAS;2023OIL & GASASURANSI BINAGRIYA UPAKARA, PT
2023;0;20230;OIL & GAS;ASURANSI BUMIPUTERA MUDA, PT;ASURANSI BUMIPUTERA MUDA, PT;0.5;0.01;0.01;0.005;0.25;0.225;0.01;0.01;1;01/01/2023;31/12/2023;2023OIL & GAS;2023OIL & GASASURANSI BUMIPUTERA MUDA, PT
2023;0;20230;OIL & GAS;ASURANSI JASARAHARJA PUTERA;ASURANSI JASARAHARJA PUTERA;0.5;0.02;0.02;0.01;0.25;0.225;0.02;0.02;1;01/01/2023;31/12/2023;2023OIL & GAS;2023OIL & GASASURANSI JASARAHARJA PUTERA
2023;0;20230;OIL & GAS;ASURANSI TRIPAKARTA, PT;ASURANSI TRIPAKARTA, PT;0.5;0.01;0.01;0.005;0.25;0.225;0.01;0.01;1;01/01/2023;31/12/2023;2023OIL & GAS;2023OIL & GASASURANSI TRIPAKARTA, PT
2023;0;20230;OIL & GAS;ASURANSI VIDEI;ASURANSI VIDEI;0.5;0.025;0.025;0.0125;0.25;0.225;0.025;0.025;1;01/01/2023;31/12/2023;2023OIL & GAS;2023OIL & GASASURANSI VIDEI
2023;0;20230;OIL & GAS;REASURANSI INDONESIA UTAMA, PT;REASURANSI INDONESIA UTAMA, PT;0.5;0.38;0.38;0.19;0.25;0.225;0.38;0.38;1;01/01/2023;31/12/2023;2023OIL & GAS;2023OIL & GASREASURANSI INDONESIA UTAMA, PT
2023;0;20230;OIL & GAS;REASURANSI NASIONAL INDONESIA, PT;REASURANSI NASIONAL INDONESIA, PT;0.5;0.1;0.1;0.05;0.25;0.225;0.1;0.1;1;01/01/2023;31/12/2023;2023OIL & GAS;2023OIL & GASREASURANSI NASIONAL INDONESIA, PT
2023;0;20230;OIL & GAS;REASURANSI NUSANTARA MAKMUR, PT;REASURANSI NUSANTARA MAKMUR, PT;0.5;0.05;0.05;0.025;0.25;0.225;0.05;0.05;1;01/01/2023;31/12/2023;2023OIL & GAS;2023OIL & GASREASURANSI NUSANTARA MAKMUR, PT
2023;0;20230;OIL & GAS;TUGU REASURANSI, PT;TUGU REASURANSI, PT;0.5;0.1;0.1;0.05;0.25;0.225;0.1;0.1;1;01/01/2023;31/12/2023;2023OIL & GAS;2023OIL & GASTUGU REASURANSI, PT
2023;11;202311;PERSONAL ACCIDENT (GA);ASKRINDO-OR;ASKRINDO-OR;0.75;0.21;;0.1575;0.3;0;0.21;0;1;01/01/2023;31/12/2023;2023PERSONAL ACCIDENT (GA);2023PERSONAL ACCIDENT (GA)ASKRINDO-OR
2023;11;202311;PERSONAL ACCIDENT (GA);ASURANSI BHAKTI BHAYANGKARA;ASURANSI BHAKTI BHAYANGKARA;0.75;0.02;;0.015;0.3;0;0.02;0;1;01/01/2023;31/12/2023;2023PERSONAL ACCIDENT (GA);2023PERSONAL ACCIDENT (GA)ASURANSI BHAKTI BHAYANGKARA
2023;11;202311;PERSONAL ACCIDENT (GA);ASURANSI BINAGRIYA UPAKARA, PT;ASURANSI BINAGRIYA UPAKARA, PT;0.75;0.025;;0.01875;0.3;0;0.025;0;1;01/01/2023;31/12/2023;2023PERSONAL ACCIDENT (GA);2023PERSONAL ACCIDENT (GA)ASURANSI BINAGRIYA UPAKARA, PT
2023;11;202311;PERSONAL ACCIDENT (GA);ASURANSI BUMIPUTERA MUDA, PT;ASURANSI BUMIPUTERA MUDA, PT;0.75;0.01;;0.0075;0.3;0;0.01;0;1;01/01/2023;31/12/2023;2023PERSONAL ACCIDENT (GA);2023PERSONAL ACCIDENT (GA)ASURANSI BUMIPUTERA MUDA, PT
2023;11;202311;PERSONAL ACCIDENT (GA);ASURANSI JASARAHARJA PUTERA;ASURANSI JASARAHARJA PUTERA;0.75;0.02;;0.015;0.3;0;0.02;0;1;01/01/2023;31/12/2023;2023PERSONAL ACCIDENT (GA);2023PERSONAL ACCIDENT (GA)ASURANSI JASARAHARJA PUTERA
2023;11;202311;PERSONAL ACCIDENT (GA);ASURANSI TRIPAKARTA, PT;ASURANSI TRIPAKARTA, PT;0.75;0.01;;0.0075;0.3;0;0.01;0;1;01/01/2023;31/12/2023;2023PERSONAL ACCIDENT (GA);2023PERSONAL ACCIDENT (GA)ASURANSI TRIPAKARTA, PT
2023;11;202311;PERSONAL ACCIDENT (GA);ASURANSI VIDEI;ASURANSI VIDEI;0.75;0.025;;0.01875;0.3;0;0.025;0;1;01/01/2023;31/12/2023;2023PERSONAL ACCIDENT (GA);2023PERSONAL ACCIDENT (GA)ASURANSI VIDEI
2023;11;202311;PERSONAL ACCIDENT (GA);REASURANSI INDONESIA UTAMA, PT;REASURANSI INDONESIA UTAMA, PT;0.75;0.38;;0.285;0.3;0;0.38;0;1;01/01/2023;31/12/2023;2023PERSONAL ACCIDENT (GA);2023PERSONAL ACCIDENT (GA)REASURANSI INDONESIA UTAMA, PT
2023;11;202311;PERSONAL ACCIDENT (GA);REASURANSI NASIONAL INDONESIA, PT;REASURANSI NASIONAL INDONESIA, PT;0.75;0.1;;0.075;0.3;0;0.1;0;1;01/01/2023;31/12/2023;2023PERSONAL ACCIDENT (GA);2023PERSONAL ACCIDENT (GA)REASURANSI NASIONAL INDONESIA, PT
2023;11;202311;PERSONAL ACCIDENT (GA);REASURANSI NUSANTARA MAKMUR, PT;REASURANSI NUSANTARA MAKMUR, PT;0.75;0.1;;0.075;0.3;0;0.1;0;1;01/01/2023;31/12/2023;2023PERSONAL ACCIDENT (GA);2023PERSONAL ACCIDENT (GA)REASURANSI NUSANTARA MAKMUR, PT
2023;11;202311;PERSONAL ACCIDENT (GA);TUGU REASURANSI, PT;TUGU REASURANSI, PT;0.75;0.1;;0.075;0.3;0;0.1;0;1;01/01/2023;31/12/2023;2023PERSONAL ACCIDENT (GA);2023PERSONAL ACCIDENT (GA)TUGU REASURANSI, PT
2023;KUK;2023KUK;PRODUCTIVE CREDIT;ASKRINDO-OR;ASKRINDO-OR;0.7;0.0671;;0.04697;0.25;0;0.0671;0;1;01/01/2023;31/12/2023;2023PRODUCTIVE CREDIT;2023PRODUCTIVE CREDITASKRINDO-OR
2023;KUK;2023KUK;PRODUCTIVE CREDIT;ASURANSI BHAKTI BHAYANGKARA;ASURANSI BHAKTI BHAYANGKARA;0.7;0.02;;0.014;0.25;0;0.02;0;1;01/01/2023;31/12/2023;2023PRODUCTIVE CREDIT;2023PRODUCTIVE CREDITASURANSI BHAKTI BHAYANGKARA
2023;KUK;2023KUK;PRODUCTIVE CREDIT;ASURANSI BINAGRIYA UPAKARA, PT;ASURANSI BINAGRIYA UPAKARA, PT;0.7;0.025;;0.0175;0.25;0;0.025;0;1;01/01/2023;31/12/2023;2023PRODUCTIVE CREDIT;2023PRODUCTIVE CREDITASURANSI BINAGRIYA UPAKARA, PT
2023;KUK;2023KUK;PRODUCTIVE CREDIT;ASURANSI BUMIPUTERA MUDA, PT;ASURANSI BUMIPUTERA MUDA, PT;0.7;0.01;;0.007;0.25;0;0.01;0;1;01/01/2023;31/12/2023;2023PRODUCTIVE CREDIT;2023PRODUCTIVE CREDITASURANSI BUMIPUTERA MUDA, PT
2023;KUK;2023KUK;PRODUCTIVE CREDIT;ASURANSI JASARAHARJA PUTERA;ASURANSI JASARAHARJA PUTERA;0.7;0.02;;0.014;0.25;0;0.02;0;1;01/01/2023;31/12/2023;2023PRODUCTIVE CREDIT;2023PRODUCTIVE CREDITASURANSI JASARAHARJA PUTERA
2023;KUK;2023KUK;PRODUCTIVE CREDIT;ASURANSI TRIPAKARTA, PT;ASURANSI TRIPAKARTA, PT;0.7;0.01;;0.007;0.25;0;0.01;0;1;01/01/2023;31/12/2023;2023PRODUCTIVE CREDIT;2023PRODUCTIVE CREDITASURANSI TRIPAKARTA, PT
2023;KUK;2023KUK;PRODUCTIVE CREDIT;ASURANSI VIDEI;ASURANSI VIDEI;0.7;0.025;;0.0175;0.25;0;0.025;0;1;01/01/2023;31/12/2023;2023PRODUCTIVE CREDIT;2023PRODUCTIVE CREDITASURANSI VIDEI
2023;KUK;2023KUK;PRODUCTIVE CREDIT;REASURANSI INDONESIA UTAMA, PT;REASURANSI INDONESIA UTAMA, PT;0.7;0.38;;0.266;0.25;0;0.38;0;1;01/01/2023;31/12/2023;2023PRODUCTIVE CREDIT;2023PRODUCTIVE CREDITREASURANSI INDONESIA UTAMA, PT
2023;KUK;2023KUK;PRODUCTIVE CREDIT;REASURANSI NASIONAL INDONESIA, PT;REASURANSI NASIONAL INDONESIA, PT;0.7;0.3429;;0.24003;0.25;0;0.3429;0;1;01/01/2023;31/12/2023;2023PRODUCTIVE CREDIT;2023PRODUCTIVE CREDITREASURANSI NASIONAL INDONESIA, PT
2023;KUK;2023KUK;PRODUCTIVE CREDIT;REASURANSI NUSANTARA MAKMUR, PT;REASURANSI NUSANTARA MAKMUR, PT;0.7;0.05;;0.035;0.25;0;0.05;0;1;01/01/2023;31/12/2023;2023PRODUCTIVE CREDIT;2023PRODUCTIVE CREDITREASURANSI NUSANTARA MAKMUR, PT
2023;KUK;2023KUK;PRODUCTIVE CREDIT;TUGU REASURANSI, PT;TUGU REASURANSI, PT;0.7;0.05;;0.035;0.25;0;0.05;0;1;01/01/2023;31/12/2023;2023PRODUCTIVE CREDIT;2023PRODUCTIVE CREDITTUGU REASURANSI, PT
2023;BDN;2023BDN;SKBDN / LC;ASKRINDO-OR;ASKRINDO-OR;0.5;0.105;;0.0525;0.25;0;0.105;0;1;01/01/2023;31/12/2023;2023SKBDN / LC;2023SKBDN / LCASKRINDO-OR
2023;BDN;2023BDN;SKBDN / LC;ASURANSI BHAKTI BHAYANGKARA;ASURANSI BHAKTI BHAYANGKARA;0.5;0.02;;0.01;0.25;0;0.02;0;1;01/01/2023;31/12/2023;2023SKBDN / LC;2023SKBDN / LCASURANSI BHAKTI BHAYANGKARA
2023;BDN;2023BDN;SKBDN / LC;ASURANSI BINAGRIYA UPAKARA, PT;ASURANSI BINAGRIYA UPAKARA, PT;0.5;0.04;;0.02;0.25;0;0.04;0;1;01/01/2023;31/12/2023;2023SKBDN / LC;2023SKBDN / LCASURANSI BINAGRIYA UPAKARA, PT
2023;BDN;2023BDN;SKBDN / LC;ASURANSI BUMIPUTERA MUDA, PT;ASURANSI BUMIPUTERA MUDA, PT;0.5;0.01;;0.005;0.25;0;0.01;0;1;01/01/2023;31/12/2023;2023SKBDN / LC;2023SKBDN / LCASURANSI BUMIPUTERA MUDA, PT
2023;BDN;2023BDN;SKBDN / LC;ASURANSI JASARAHARJA PUTERA;ASURANSI JASARAHARJA PUTERA;0.5;0.02;;0.01;0.25;0;0.02;0;1;01/01/2023;31/12/2023;2023SKBDN / LC;2023SKBDN / LCASURANSI JASARAHARJA PUTERA
2023;BDN;2023BDN;SKBDN / LC;ASURANSI TRIPAKARTA, PT;ASURANSI TRIPAKARTA, PT;0.5;0;;0;0.25;0;0;0;0;01/01/2023;31/12/2023;2023SKBDN / LC;2023SKBDN / LCASURANSI TRIPAKARTA, PT
2023;BDN;2023BDN;SKBDN / LC;ASURANSI VIDEI;ASURANSI VIDEI;0.5;0.025;;0.0125;0.25;0;0.025;0;1;01/01/2023;31/12/2023;2023SKBDN / LC;2023SKBDN / LCASURANSI VIDEI
2023;BDN;2023BDN;SKBDN / LC;REASURANSI INDONESIA UTAMA, PT;REASURANSI INDONESIA UTAMA, PT;0.5;0.38;;0.19;0.25;0;0.38;0;1;01/01/2023;31/12/2023;2023SKBDN / LC;2023SKBDN / LCREASURANSI INDONESIA UTAMA, PT
2023;BDN;2023BDN;SKBDN / LC;REASURANSI NASIONAL INDONESIA, PT;REASURANSI NASIONAL INDONESIA, PT;0.5;0.3;;0.15;0.25;0;0.3;0;1;01/01/2023;31/12/2023;2023SKBDN / LC;2023SKBDN / LCREASURANSI NASIONAL INDONESIA, PT
2023;BDN;2023BDN;SKBDN / LC;REASURANSI NUSANTARA MAKMUR, PT;REASURANSI NUSANTARA MAKMUR, PT;0.5;0.05;;0.025;0.25;0;0.05;0;1;01/01/2023;31/12/2023;2023SKBDN / LC;2023SKBDN / LCREASURANSI NUSANTARA MAKMUR, PT
2023;BDN;2023BDN;SKBDN / LC;TUGU REASURANSI, PT;TUGU REASURANSI, PT;0.5;0.05;;0.025;0.25;0;0.05;0;1;01/01/2023;31/12/2023;2023SKBDN / LC;2023SKBDN / LCTUGU REASURANSI, PT
2023;SB;2023SB;SURETY BOND;ASKRINDO-OR;ASKRINDO-OR;0.3;0.095;0.095;0.0285;0.325;0.3;0.095;0.095;1;01/01/2023;31/12/2023;2023SURETY BOND;2023SURETY BONDASKRINDO-OR
2023;SB;2023SB;SURETY BOND;ASURANSI BHAKTI BHAYANGKARA;ASURANSI BHAKTI BHAYANGKARA;0.3;0.02;0.02;0.006;0.325;0.3;0.02;0.02;1;01/01/2023;31/12/2023;2023SURETY BOND;2023SURETY BONDASURANSI BHAKTI BHAYANGKARA
2023;SB;2023SB;SURETY BOND;ASURANSI BINAGRIYA UPAKARA, PT;ASURANSI BINAGRIYA UPAKARA, PT;0.3;0.04;0.04;0.012;0.325;0.3;0.04;0.04;1;01/01/2023;31/12/2023;2023SURETY BOND;2023SURETY BONDASURANSI BINAGRIYA UPAKARA, PT
2023;SB;2023SB;SURETY BOND;ASURANSI BUMIPUTERA MUDA, PT;ASURANSI BUMIPUTERA MUDA, PT;0.3;0.01;0.01;0.003;0.325;0.3;0.01;0.01;1;01/01/2023;31/12/2023;2023SURETY BOND;2023SURETY BONDASURANSI BUMIPUTERA MUDA, PT
2023;SB;2023SB;SURETY BOND;ASURANSI JASARAHARJA PUTERA;ASURANSI JASARAHARJA PUTERA;0.3;0.02;0.02;0.006;0.325;0.3;0.02;0.02;1;01/01/2023;31/12/2023;2023SURETY BOND;2023SURETY BONDASURANSI JASARAHARJA PUTERA
2023;SB;2023SB;SURETY BOND;ASURANSI TRIPAKARTA, PT;ASURANSI TRIPAKARTA, PT;0.3;0.01;0.01;0.003;0.325;0.3;0.01;0.01;1;01/01/2023;31/12/2023;2023SURETY BOND;2023SURETY BONDASURANSI TRIPAKARTA, PT
2023;SB;2023SB;SURETY BOND;ASURANSI VIDEI;ASURANSI VIDEI;0.3;0.025;0.025;0.0075;0.325;0.3;0.025;0.025;1;01/01/2023;31/12/2023;2023SURETY BOND;2023SURETY BONDASURANSI VIDEI
2023;SB;2023SB;SURETY BOND;REASURANSI INDONESIA UTAMA, PT;REASURANSI INDONESIA UTAMA, PT;0.3;0.38;0.38;0.114;0.325;0.3;0.38;0.38;1;01/01/2023;31/12/2023;2023SURETY BOND;2023SURETY BONDREASURANSI INDONESIA UTAMA, PT
2023;SB;2023SB;SURETY BOND;REASURANSI NASIONAL INDONESIA, PT;REASURANSI NASIONAL INDONESIA, PT;0.3;0.3;0.3;0.09;0.325;0.3;0.3;0.3;1;01/01/2023;31/12/2023;2023SURETY BOND;2023SURETY BONDREASURANSI NASIONAL INDONESIA, PT
2023;SB;2023SB;SURETY BOND;REASURANSI NUSANTARA MAKMUR, PT;REASURANSI NUSANTARA MAKMUR, PT;0.3;0.05;0.05;0.015;0.325;0.3;0.05;0.05;1;01/01/2023;31/12/2023;2023SURETY BOND;2023SURETY BONDREASURANSI NUSANTARA MAKMUR, PT
2023;SB;2023SB;SURETY BOND;TUGU REASURANSI, PT;TUGU REASURANSI, PT;0.3;0.05;0.05;0.015;0.325;0.3;0.05;0.05;1;01/01/2023;31/12/2023;2023SURETY BOND;2023SURETY BONDTUGU REASURANSI, PT
2023;TRC;2023TRC;TRADE CREDIT;ASKRINDO-OR;ASKRINDO-OR;0.3;0.095;;0.0285;0.25;0;0.095;0;1;01/01/2023;31/12/2023;2023TRADE CREDIT;2023TRADE CREDITASKRINDO-OR
2023;TRC;2023TRC;TRADE CREDIT;ASURANSI BHAKTI BHAYANGKARA;ASURANSI BHAKTI BHAYANGKARA;0.3;0.02;;0.006;0.25;0;0.02;0;1;01/01/2023;31/12/2023;2023TRADE CREDIT;2023TRADE CREDITASURANSI BHAKTI BHAYANGKARA
2023;TRC;2023TRC;TRADE CREDIT;ASURANSI BINAGRIYA UPAKARA, PT;ASURANSI BINAGRIYA UPAKARA, PT;0.3;0.04;;0.012;0.25;0;0.04;0;1;01/01/2023;31/12/2023;2023TRADE CREDIT;2023TRADE CREDITASURANSI BINAGRIYA UPAKARA, PT
2023;TRC;2023TRC;TRADE CREDIT;ASURANSI BUMIPUTERA MUDA, PT;ASURANSI BUMIPUTERA MUDA, PT;0.3;0.01;;0.003;0.25;0;0.01;0;1;01/01/2023;31/12/2023;2023TRADE CREDIT;2023TRADE CREDITASURANSI BUMIPUTERA MUDA, PT
2023;TRC;2023TRC;TRADE CREDIT;ASURANSI JASARAHARJA PUTERA;ASURANSI JASARAHARJA PUTERA;0.3;0.02;;0.006;0.25;0;0.02;0;1;01/01/2023;31/12/2023;2023TRADE CREDIT;2023TRADE CREDITASURANSI JASARAHARJA PUTERA
2023;TRC;2023TRC;TRADE CREDIT;ASURANSI TRIPAKARTA, PT;ASURANSI TRIPAKARTA, PT;0.3;0.01;;0.003;0.25;0;0.01;0;1;01/01/2023;31/12/2023;2023TRADE CREDIT;2023TRADE CREDITASURANSI TRIPAKARTA, PT
2023;TRC;2023TRC;TRADE CREDIT;ASURANSI VIDEI;ASURANSI VIDEI;0.3;0.025;;0.0075;0.25;0;0.025;0;1;01/01/2023;31/12/2023;2023TRADE CREDIT;2023TRADE CREDITASURANSI VIDEI
2023;TRC;2023TRC;TRADE CREDIT;REASURANSI INDONESIA UTAMA, PT;REASURANSI INDONESIA UTAMA, PT;0.3;0.38;;0.114;0.25;0;0.38;0;1;01/01/2023;31/12/2023;2023TRADE CREDIT;2023TRADE CREDITREASURANSI INDONESIA UTAMA, PT
2023;TRC;2023TRC;TRADE CREDIT;REASURANSI NASIONAL INDONESIA, PT;REASURANSI NASIONAL INDONESIA, PT;0.3;0.3;;0.09;0.25;0;0.3;0;1;01/01/2023;31/12/2023;2023TRADE CREDIT;2023TRADE CREDITREASURANSI NASIONAL INDONESIA, PT
2023;TRC;2023TRC;TRADE CREDIT;REASURANSI NUSANTARA MAKMUR, PT;REASURANSI NUSANTARA MAKMUR, PT;0.3;0.05;;0.015;0.25;0;0.05;0;1;01/01/2023;31/12/2023;2023TRADE CREDIT;2023TRADE CREDITREASURANSI NUSANTARA MAKMUR, PT
2023;TRC;2023TRC;TRADE CREDIT;TUGU REASURANSI, PT;TUGU REASURANSI, PT;0.3;0.05;;0.015;0.25;0;0.05;0;1;01/01/2023;31/12/2023;2023TRADE CREDIT;2023TRADE CREDITTUGU REASURANSI, PT
2024;5;20245;AVIATION;IBS REINSURANCE BROKERS, PT;Odyssey Reinsurance Company;0;0.1;;0;0;0;0.1;0;1;01/01/2024;31/12/2024;2024AVIATION;2024AVIATIONIBS REINSURANCE BROKERS, PT
2024;5;20245;AVIATION;MASKAPAI REASURANSI INDONESIA, PT;MASKAPAI REASURANSI INDONESIA, PT;0;0.02;;0;0;0;0.02;0;1;01/01/2024;31/12/2024;2024AVIATION;2024AVIATIONMASKAPAI REASURANSI INDONESIA, PT
2024;5;20245;AVIATION;REASURANSI INDONESIA UTAMA, PT;REASURANSI INDONESIA UTAMA, PT;0;0.325;;0;0;0;0.325;0;1;01/01/2024;31/12/2024;2024AVIATION;2024AVIATIONREASURANSI INDONESIA UTAMA, PT
2024;5;20245;AVIATION;REASURANSI NASIONAL INDONESIA, PT;REASURANSI NASIONAL INDONESIA, PT;0;0.025;;0;0;0;0.025;0;1;01/01/2024;31/12/2024;2024AVIATION;2024AVIATIONREASURANSI NASIONAL INDONESIA, PT
2024;5;20245;AVIATION;REASURANSI NUSANTARA MAKMUR, PT;REASURANSI NUSANTARA MAKMUR, PT;0;0.05;;0;0;0;0.05;0;1;01/01/2024;31/12/2024;2024AVIATION;2024AVIATIONREASURANSI NUSANTARA MAKMUR, PT
2024;5;20245;AVIATION;TUGU REASURANSI, PT;TUGU REASURANSI, PT;0;0.055;;0;0;0;0.055;0;1;01/01/2024;31/12/2024;2024AVIATION;2024AVIATIONTUGU REASURANSI, PT
2024;KUC;2024KUC;COMMERCIAL CREDIT;IBS REINSURANCE BROKERS, PT;Odyssey Reinsurance Company;0;0.15;;0;0;0;0.15;0;1;01/01/2024;31/12/2024;2024COMMERCIAL CREDIT;2024COMMERCIAL CREDITIBS REINSURANCE BROKERS, PT
2024;KUC;2024KUC;COMMERCIAL CREDIT;Marsh Re (Guy Carpenter);Best Meridien International Insurance Company;0;0.2;;0;0;0;0.2;0;1;01/01/2024;31/12/2024;2024COMMERCIAL CREDIT;2024COMMERCIAL CREDITMarsh Re (Guy Carpenter)
2024;KUC;2024KUC;COMMERCIAL CREDIT;MASKAPAI REASURANSI INDONESIA, PT;MASKAPAI REASURANSI INDONESIA, PT;0;0.07;;0;0;0;0.07;0;1;01/01/2024;31/12/2024;2024COMMERCIAL CREDIT;2024COMMERCIAL CREDITMASKAPAI REASURANSI INDONESIA, PT
2024;KUC;2024KUC;COMMERCIAL CREDIT;REASURANSI INDONESIA UTAMA, PT;REASURANSI INDONESIA UTAMA, PT;0;0.325;;0;0;0;0.325;0;1;01/01/2024;31/12/2024;2024COMMERCIAL CREDIT;2024COMMERCIAL CREDITREASURANSI INDONESIA UTAMA, PT
2024;KUC;2024KUC;COMMERCIAL CREDIT;REASURANSI NASIONAL INDONESIA, PT;REASURANSI NASIONAL INDONESIA, PT;0;0.025;;0;0;0;0.025;0;1;01/01/2024;31/12/2024;2024COMMERCIAL CREDIT;2024COMMERCIAL CREDITREASURANSI NASIONAL INDONESIA, PT
2024;KUC;2024KUC;COMMERCIAL CREDIT;REASURANSI NUSANTARA MAKMUR, PT;REASURANSI NUSANTARA MAKMUR, PT;0;0.05;;0;0;0;0.05;0;1;01/01/2024;31/12/2024;2024COMMERCIAL CREDIT;2024COMMERCIAL CREDITREASURANSI NUSANTARA MAKMUR, PT
2024;KUC;2024KUC;COMMERCIAL CREDIT;TUGU REASURANSI, PT;TUGU REASURANSI, PT;0;0.18;;0;0;0;0.18;0;1;01/01/2024;31/12/2024;2024COMMERCIAL CREDIT;2024COMMERCIAL CREDITTUGU REASURANSI, PT
2024;KUS;2024KUS;CONSUMPTIVE CREDIT;IBS REINSURANCE BROKERS, PT;Odyssey Reinsurance Company;0;0.15;;0;0;0;0.15;0;1;01/01/2024;31/12/2024;2024CONSUMPTIVE CREDIT;2024CONSUMPTIVE CREDITIBS REINSURANCE BROKERS, PT
2024;KUS;2024KUS;CONSUMPTIVE CREDIT;Marsh Re (Guy Carpenter);Best Meridien International Insurance Company;0;0.2;;0;0;0;0.2;0;1;01/01/2024;31/12/2024;2024CONSUMPTIVE CREDIT;2024CONSUMPTIVE CREDITMarsh Re (Guy Carpenter)
2024;KUS;2024KUS;CONSUMPTIVE CREDIT;MASKAPAI REASURANSI INDONESIA, PT;MASKAPAI REASURANSI INDONESIA, PT;0;0.07;;0;0;0;0.07;0;1;01/01/2024;31/12/2024;2024CONSUMPTIVE CREDIT;2024CONSUMPTIVE CREDITMASKAPAI REASURANSI INDONESIA, PT
2024;KUS;2024KUS;CONSUMPTIVE CREDIT;REASURANSI INDONESIA UTAMA, PT;REASURANSI INDONESIA UTAMA, PT;0;0.325;;0;0;0;0.325;0;1;01/01/2024;31/12/2024;2024CONSUMPTIVE CREDIT;2024CONSUMPTIVE CREDITREASURANSI INDONESIA UTAMA, PT
2024;KUS;2024KUS;CONSUMPTIVE CREDIT;REASURANSI NASIONAL INDONESIA, PT;REASURANSI NASIONAL INDONESIA, PT;0;0.025;;0;0;0;0.025;0;1;01/01/2024;31/12/2024;2024CONSUMPTIVE CREDIT;2024CONSUMPTIVE CREDITREASURANSI NASIONAL INDONESIA, PT
2024;KUS;2024KUS;CONSUMPTIVE CREDIT;REASURANSI NUSANTARA MAKMUR, PT;REASURANSI NUSANTARA MAKMUR, PT;0;0.05;;0;0;0;0.05;0;1;01/01/2024;31/12/2024;2024CONSUMPTIVE CREDIT;2024CONSUMPTIVE CREDITREASURANSI NUSANTARA MAKMUR, PT
2024;KUS;2024KUS;CONSUMPTIVE CREDIT;TUGU REASURANSI, PT;TUGU REASURANSI, PT;0;0.18;;0;0;0;0.18;0;1;01/01/2024;31/12/2024;2024CONSUMPTIVE CREDIT;2024CONSUMPTIVE CREDITTUGU REASURANSI, PT
2024;KBG;2024KBG;COUNTER BANK GUARANTEE;IBS REINSURANCE BROKERS, PT;Odyssey Reinsurance Company;0;0.15;;0;0;0;0.15;0;1;01/01/2024;31/12/2024;2024COUNTER BANK GUARANTEE;2024COUNTER BANK GUARANTEEIBS REINSURANCE BROKERS, PT
2024;KBG;2024KBG;COUNTER BANK GUARANTEE;Marsh Re (Guy Carpenter);Best Meridien International Insurance Company;0;0.2;;0;0;0;0.2;0;1;01/01/2024;31/12/2024;2024COUNTER BANK GUARANTEE;2024COUNTER BANK GUARANTEEMarsh Re (Guy Carpenter)
2024;KBG;2024KBG;COUNTER BANK GUARANTEE;MASKAPAI REASURANSI INDONESIA, PT;MASKAPAI REASURANSI INDONESIA, PT;0;0.07;;0;0;0;0.07;0;1;01/01/2024;31/12/2024;2024COUNTER BANK GUARANTEE;2024COUNTER BANK GUARANTEEMASKAPAI REASURANSI INDONESIA, PT
2024;KBG;2024KBG;COUNTER BANK GUARANTEE;REASURANSI INDONESIA UTAMA, PT;REASURANSI INDONESIA UTAMA, PT;0;0.325;;0;0;0;0.325;0;1;01/01/2024;31/12/2024;2024COUNTER BANK GUARANTEE;2024COUNTER BANK GUARANTEEREASURANSI INDONESIA UTAMA, PT
2024;KBG;2024KBG;COUNTER BANK GUARANTEE;REASURANSI NASIONAL INDONESIA, PT;REASURANSI NASIONAL INDONESIA, PT;0;0.025;;0;0;0;0.025;0;1;01/01/2024;31/12/2024;2024COUNTER BANK GUARANTEE;2024COUNTER BANK GUARANTEEREASURANSI NASIONAL INDONESIA, PT
2024;KBG;2024KBG;COUNTER BANK GUARANTEE;REASURANSI NUSANTARA MAKMUR, PT;REASURANSI NUSANTARA MAKMUR, PT;0;0.05;;0;0;0;0.05;0;1;01/01/2024;31/12/2024;2024COUNTER BANK GUARANTEE;2024COUNTER BANK GUARANTEEREASURANSI NUSANTARA MAKMUR, PT
2024;KBG;2024KBG;COUNTER BANK GUARANTEE;TUGU REASURANSI, PT;TUGU REASURANSI, PT;0;0.18;;0;0;0;0.18;0;1;01/01/2024;31/12/2024;2024COUNTER BANK GUARANTEE;2024COUNTER BANK GUARANTEETUGU REASURANSI, PT
2024;CB;2024CB;CUSTOMS BOND;IBS REINSURANCE BROKERS, PT;Odyssey Reinsurance Company;0;0.15;;0;0;0;0.15;0;1;01/01/2024;31/12/2024;2024CUSTOMS BOND;2024CUSTOMS BONDIBS REINSURANCE BROKERS, PT
2024;CB;2024CB;CUSTOMS BOND;Marsh Re (Guy Carpenter);Best Meridien International Insurance Company;0;0.2;;0;0;0;0.2;0;1;01/01/2024;31/12/2024;2024CUSTOMS BOND;2024CUSTOMS BONDMarsh Re (Guy Carpenter)
2024;CB;2024CB;CUSTOMS BOND;MASKAPAI REASURANSI INDONESIA, PT;MASKAPAI REASURANSI INDONESIA, PT;0;0.07;;0;0;0;0.07;0;1;01/01/2024;31/12/2024;2024CUSTOMS BOND;2024CUSTOMS BONDMASKAPAI REASURANSI INDONESIA, PT
2024;CB;2024CB;CUSTOMS BOND;REASURANSI INDONESIA UTAMA, PT;REASURANSI INDONESIA UTAMA, PT;0;0.325;;0;0;0;0.325;0;1;01/01/2024;31/12/2024;2024CUSTOMS BOND;2024CUSTOMS BONDREASURANSI INDONESIA UTAMA, PT
2024;CB;2024CB;CUSTOMS BOND;REASURANSI NASIONAL INDONESIA, PT;REASURANSI NASIONAL INDONESIA, PT;0;0.025;;0;0;0;0.025;0;1;01/01/2024;31/12/2024;2024CUSTOMS BOND;2024CUSTOMS BONDREASURANSI NASIONAL INDONESIA, PT
2024;CB;2024CB;CUSTOMS BOND;REASURANSI NUSANTARA MAKMUR, PT;REASURANSI NUSANTARA MAKMUR, PT;0;0.05;;0;0;0;0.05;0;1;01/01/2024;31/12/2024;2024CUSTOMS BOND;2024CUSTOMS BONDREASURANSI NUSANTARA MAKMUR, PT
2024;CB;2024CB;CUSTOMS BOND;TUGU REASURANSI, PT;TUGU REASURANSI, PT;0;0.18;;0;0;0;0.18;0;1;01/01/2024;31/12/2024;2024CUSTOMS BOND;2024CUSTOMS BONDTUGU REASURANSI, PT
2024;9;20249;ENGINEERING;IBS REINSURANCE BROKERS, PT;Aspen Bermuda Ltd. Singapore Branch;0;0.25;;0;0;0;0.075;0;0.3;01/01/2024;31/12/2024;2024ENGINEERING;2024ENGINEERINGIBS REINSURANCE BROKERS, PT
2024;9;20249;ENGINEERING;IBS REINSURANCE BROKERS, PT;Odyssey Reinsurance Company;0;0.25;;0;0;0;0.1;0;0.4;01/01/2024;31/12/2024;2024ENGINEERING;2024ENGINEERINGIBS REINSURANCE BROKERS, PT
2024;9;20249;ENGINEERING;IBS REINSURANCE BROKERS, PT;Saudi Reinsurance Company;0;0.25;;0;0;0;0.075;0;0.3;01/01/2024;31/12/2024;2024ENGINEERING;2024ENGINEERINGIBS REINSURANCE BROKERS, PT
2024;9;20249;ENGINEERING;Marsh Re (Guy Carpenter);General Reinsurance Corporation;0;0.275;;0;0;0;0.025;0;0.090909091;01/01/2024;31/12/2024;2024ENGINEERING;2024ENGINEERINGMarsh Re (Guy Carpenter)
2024;9;20249;ENGINEERING;Marsh Re (Guy Carpenter);Best Meridien International Insurance Company;0;0.275;;0;0;0;0.2;0;0.727272727;01/01/2024;31/12/2024;2024ENGINEERING;2024ENGINEERINGMarsh Re (Guy Carpenter)
2024;9;20249;ENGINEERING;Marsh Re (Guy Carpenter);Canopius Reinsurance;0;0.275;;0;0;0;0.05;0;0.181818182;01/01/2024;31/12/2024;2024ENGINEERING;2024ENGINEERINGMarsh Re (Guy Carpenter)
2024;9;20249;ENGINEERING;MASKAPAI REASURANSI INDONESIA, PT;MASKAPAI REASURANSI INDONESIA, PT;0;0.02;;0;0;0;0.02;0;1;01/01/2024;31/12/2024;2024ENGINEERING;2024ENGINEERINGMASKAPAI REASURANSI INDONESIA, PT
2024;9;20249;ENGINEERING;REASURANSI INDONESIA UTAMA, PT;REASURANSI INDONESIA UTAMA, PT;0;0.325;;0;0;0;0.325;0;1;01/01/2024;31/12/2024;2024ENGINEERING;2024ENGINEERINGREASURANSI INDONESIA UTAMA, PT
2024;9;20249;ENGINEERING;REASURANSI NASIONAL INDONESIA, PT;REASURANSI NASIONAL INDONESIA, PT;0;0.025;;0;0;0;0.025;0;1;01/01/2024;31/12/2024;2024ENGINEERING;2024ENGINEERINGREASURANSI NASIONAL INDONESIA, PT
2024;9;20249;ENGINEERING;REASURANSI NUSANTARA MAKMUR, PT;REASURANSI NUSANTARA MAKMUR, PT;0;0.05;;0;0;0;0.05;0;1;01/01/2024;31/12/2024;2024ENGINEERING;2024ENGINEERINGREASURANSI NUSANTARA MAKMUR, PT
2024;9;20249;ENGINEERING;TUGU REASURANSI, PT;TUGU REASURANSI, PT;0;0.055;;0;0;0;0.055;0;1;01/01/2024;31/12/2024;2024ENGINEERING;2024ENGINEERINGTUGU REASURANSI, PT
2024;1;20241;FIRE;IBS REINSURANCE BROKERS, PT;Aspen Bermuda Ltd. Singapore Branch;0;0.25;;0;0;0;0.075;0;0.3;01/01/2024;31/12/2024;2024FIRE;2024FIREIBS REINSURANCE BROKERS, PT
2024;1;20241;FIRE;IBS REINSURANCE BROKERS, PT;Odyssey Reinsurance Company;0;0.25;;0;0;0;0.1;0;0.4;01/01/2024;31/12/2024;2024FIRE;2024FIREIBS REINSURANCE BROKERS, PT
2024;1;20241;FIRE;IBS REINSURANCE BROKERS, PT;Saudi Reinsurance Company;0;0.25;;0;0;0;0.075;0;0.3;01/01/2024;31/12/2024;2024FIRE;2024FIREIBS REINSURANCE BROKERS, PT
2024;1;20241;FIRE;Marsh Re (Guy Carpenter);General Reinsurance Corporation;0;0.275;;0;0;0;0.025;0;0.090909091;01/01/2024;31/12/2024;2024FIRE;2024FIREMarsh Re (Guy Carpenter)
2024;1;20241;FIRE;Marsh Re (Guy Carpenter);Best Meridien International Insurance Company;0;0.275;;0;0;0;0.2;0;0.727272727;01/01/2024;31/12/2024;2024FIRE;2024FIREMarsh Re (Guy Carpenter)
2024;1;20241;FIRE;Marsh Re (Guy Carpenter);Canopius Reinsurance;0;0.275;;0;0;0;0.05;0;0.181818182;01/01/2024;31/12/2024;2024FIRE;2024FIREMarsh Re (Guy Carpenter)
2024;1;20241;FIRE;MASKAPAI REASURANSI INDONESIA, PT;MASKAPAI REASURANSI INDONESIA, PT;0;0.02;;0;0;0;0.02;0;1;01/01/2024;31/12/2024;2024FIRE;2024FIREMASKAPAI REASURANSI INDONESIA, PT
2024;1;20241;FIRE;REASURANSI INDONESIA UTAMA, PT;REASURANSI INDONESIA UTAMA, PT;0;0.325;;0;0;0;0.325;0;1;01/01/2024;31/12/2024;2024FIRE;2024FIREREASURANSI INDONESIA UTAMA, PT
2024;1;20241;FIRE;REASURANSI NASIONAL INDONESIA, PT;REASURANSI NASIONAL INDONESIA, PT;0;0.025;;0;0;0;0.025;0;1;01/01/2024;31/12/2024;2024FIRE;2024FIREREASURANSI NASIONAL INDONESIA, PT
2024;1;20241;FIRE;REASURANSI NUSANTARA MAKMUR, PT;REASURANSI NUSANTARA MAKMUR, PT;0;0.05;;0;0;0;0.05;0;1;01/01/2024;31/12/2024;2024FIRE;2024FIREREASURANSI NUSANTARA MAKMUR, PT
2024;1;20241;FIRE;TUGU REASURANSI, PT;TUGU REASURANSI, PT;0;0.055;;0;0;0;0.055;0;1;01/01/2024;31/12/2024;2024FIRE;2024FIRETUGU REASURANSI, PT
2024;15;202415;GENERAL ACCIDENT;IBS REINSURANCE BROKERS, PT;Aspen Bermuda Ltd. Singapore Branch;0;0.25;;0;0;0;0.075;0;0.3;01/01/2024;31/12/2024;2024GENERAL ACCIDENT;2024GENERAL ACCIDENTIBS REINSURANCE BROKERS, PT
2024;15;202415;GENERAL ACCIDENT;IBS REINSURANCE BROKERS, PT;Odyssey Reinsurance Company;0;0.25;;0;0;0;0.1;0;0.4;01/01/2024;31/12/2024;2024GENERAL ACCIDENT;2024GENERAL ACCIDENTIBS REINSURANCE BROKERS, PT
2024;15;202415;GENERAL ACCIDENT;IBS REINSURANCE BROKERS, PT;Saudi Reinsurance Company;0;0.25;;0;0;0;0.075;0;0.3;01/01/2024;31/12/2024;2024GENERAL ACCIDENT;2024GENERAL ACCIDENTIBS REINSURANCE BROKERS, PT
2024;15;202415;GENERAL ACCIDENT;Marsh Re (Guy Carpenter);General Reinsurance Corporation;0;0.275;;0;0;0;0.025;0;0.090909091;01/01/2024;31/12/2024;2024GENERAL ACCIDENT;2024GENERAL ACCIDENTMarsh Re (Guy Carpenter)
2024;15;202415;GENERAL ACCIDENT;Marsh Re (Guy Carpenter);Best Meridien International Insurance Company;0;0.275;;0;0;0;0.2;0;0.727272727;01/01/2024;31/12/2024;2024GENERAL ACCIDENT;2024GENERAL ACCIDENTMarsh Re (Guy Carpenter)
2024;15;202415;GENERAL ACCIDENT;Marsh Re (Guy Carpenter);Canopius Reinsurance;0;0.275;;0;0;0;0.05;0;0.181818182;01/01/2024;31/12/2024;2024GENERAL ACCIDENT;2024GENERAL ACCIDENTMarsh Re (Guy Carpenter)
2024;15;202415;GENERAL ACCIDENT;MASKAPAI REASURANSI INDONESIA, PT;MASKAPAI REASURANSI INDONESIA, PT;0;0.02;;0;0;0;0.02;0;1;01/01/2024;31/12/2024;2024GENERAL ACCIDENT;2024GENERAL ACCIDENTMASKAPAI REASURANSI INDONESIA, PT
2024;15;202415;GENERAL ACCIDENT;REASURANSI INDONESIA UTAMA, PT;REASURANSI INDONESIA UTAMA, PT;0;0.325;;0;0;0;0.325;0;1;01/01/2024;31/12/2024;2024GENERAL ACCIDENT;2024GENERAL ACCIDENTREASURANSI INDONESIA UTAMA, PT
2024;15;202415;GENERAL ACCIDENT;REASURANSI NASIONAL INDONESIA, PT;REASURANSI NASIONAL INDONESIA, PT;0;0.025;;0;0;0;0.025;0;1;01/01/2024;31/12/2024;2024GENERAL ACCIDENT;2024GENERAL ACCIDENTREASURANSI NASIONAL INDONESIA, PT
2024;15;202415;GENERAL ACCIDENT;REASURANSI NUSANTARA MAKMUR, PT;REASURANSI NUSANTARA MAKMUR, PT;0;0.05;;0;0;0;0.05;0;1;01/01/2024;31/12/2024;2024GENERAL ACCIDENT;2024GENERAL ACCIDENTREASURANSI NUSANTARA MAKMUR, PT
2024;15;202415;GENERAL ACCIDENT;TUGU REASURANSI, PT;TUGU REASURANSI, PT;0;0.055;;0;0;0;0.055;0;1;01/01/2024;31/12/2024;2024GENERAL ACCIDENT;2024GENERAL ACCIDENTTUGU REASURANSI, PT
2024;203;2024203;HEAVY EQUIPMENT;IBS REINSURANCE BROKERS, PT;Aspen Bermuda Ltd. Singapore Branch;0;0.25;;0;0;0;0.075;0;0.3;01/01/2024;31/12/2024;2024HEAVY EQUIPMENT;2024HEAVY EQUIPMENTIBS REINSURANCE BROKERS, PT
2024;203;2024203;HEAVY EQUIPMENT;IBS REINSURANCE BROKERS, PT;Odyssey Reinsurance Company;0;0.25;;0;0;0;0.1;0;0.4;01/01/2024;31/12/2024;2024HEAVY EQUIPMENT;2024HEAVY EQUIPMENTIBS REINSURANCE BROKERS, PT
2024;203;2024203;HEAVY EQUIPMENT;IBS REINSURANCE BROKERS, PT;Saudi Reinsurance Company;0;0.25;;0;0;0;0.075;0;0.3;01/01/2024;31/12/2024;2024HEAVY EQUIPMENT;2024HEAVY EQUIPMENTIBS REINSURANCE BROKERS, PT
2024;203;2024203;HEAVY EQUIPMENT;Marsh Re (Guy Carpenter);General Reinsurance Corporation;0;0.275;;0;0;0;0.025;0;0.090909091;01/01/2024;31/12/2024;2024HEAVY EQUIPMENT;2024HEAVY EQUIPMENTMarsh Re (Guy Carpenter)
2024;203;2024203;HEAVY EQUIPMENT;Marsh Re (Guy Carpenter);Best Meridien International Insurance Company;0;0.275;;0;0;0;0.2;0;0.727272727;01/01/2024;31/12/2024;2024HEAVY EQUIPMENT;2024HEAVY EQUIPMENTMarsh Re (Guy Carpenter)
2024;203;2024203;HEAVY EQUIPMENT;Marsh Re (Guy Carpenter);Canopius Reinsurance;0;0.275;;0;0;0;0.05;0;0.181818182;01/01/2024;31/12/2024;2024HEAVY EQUIPMENT;2024HEAVY EQUIPMENTMarsh Re (Guy Carpenter)
2024;203;2024203;HEAVY EQUIPMENT;MASKAPAI REASURANSI INDONESIA, PT;MASKAPAI REASURANSI INDONESIA, PT;0;0.02;;0;0;0;0.02;0;1;01/01/2024;31/12/2024;2024HEAVY EQUIPMENT;2024HEAVY EQUIPMENTMASKAPAI REASURANSI INDONESIA, PT
2024;203;2024203;HEAVY EQUIPMENT;REASURANSI INDONESIA UTAMA, PT;REASURANSI INDONESIA UTAMA, PT;0;0.325;;0;0;0;0.325;0;1;01/01/2024;31/12/2024;2024HEAVY EQUIPMENT;2024HEAVY EQUIPMENTREASURANSI INDONESIA UTAMA, PT
2024;203;2024203;HEAVY EQUIPMENT;REASURANSI NASIONAL INDONESIA, PT;REASURANSI NASIONAL INDONESIA, PT;0;0.025;;0;0;0;0.025;0;1;01/01/2024;31/12/2024;2024HEAVY EQUIPMENT;2024HEAVY EQUIPMENTREASURANSI NASIONAL INDONESIA, PT
2024;203;2024203;HEAVY EQUIPMENT;REASURANSI NUSANTARA MAKMUR, PT;REASURANSI NUSANTARA MAKMUR, PT;0;0.05;;0;0;0;0.05;0;1;01/01/2024;31/12/2024;2024HEAVY EQUIPMENT;2024HEAVY EQUIPMENTREASURANSI NUSANTARA MAKMUR, PT
2024;203;2024203;HEAVY EQUIPMENT;TUGU REASURANSI, PT;TUGU REASURANSI, PT;0;0.055;;0;0;0;0.055;0;1;01/01/2024;31/12/2024;2024HEAVY EQUIPMENT;2024HEAVY EQUIPMENTTUGU REASURANSI, PT
2024;10;202410;LIABILITY (GA);IBS REINSURANCE BROKERS, PT;Aspen Bermuda Ltd. Singapore Branch;0;0.25;;0;0;0;0.075;0;0.3;01/01/2024;31/12/2024;2024LIABILITY (GA);2024LIABILITY (GA)IBS REINSURANCE BROKERS, PT
2024;10;202410;LIABILITY (GA);IBS REINSURANCE BROKERS, PT;Odyssey Reinsurance Company;0;0.25;;0;0;0;0.1;0;0.4;01/01/2024;31/12/2024;2024LIABILITY (GA);2024LIABILITY (GA)IBS REINSURANCE BROKERS, PT
2024;10;202410;LIABILITY (GA);IBS REINSURANCE BROKERS, PT;Saudi Reinsurance Company;0;0.25;;0;0;0;0.075;0;0.3;01/01/2024;31/12/2024;2024LIABILITY (GA);2024LIABILITY (GA)IBS REINSURANCE BROKERS, PT
2024;10;202410;LIABILITY (GA);Marsh Re (Guy Carpenter);General Reinsurance Corporation;0;0.275;;0;0;0;0.025;0;0.090909091;01/01/2024;31/12/2024;2024LIABILITY (GA);2024LIABILITY (GA)Marsh Re (Guy Carpenter)
2024;10;202410;LIABILITY (GA);Marsh Re (Guy Carpenter);Best Meridien International Insurance Company;0;0.275;;0;0;0;0.2;0;0.727272727;01/01/2024;31/12/2024;2024LIABILITY (GA);2024LIABILITY (GA)Marsh Re (Guy Carpenter)
2024;10;202410;LIABILITY (GA);Marsh Re (Guy Carpenter);Canopius Reinsurance;0;0.275;;0;0;0;0.05;0;0.181818182;01/01/2024;31/12/2024;2024LIABILITY (GA);2024LIABILITY (GA)Marsh Re (Guy Carpenter)
2024;10;202410;LIABILITY (GA);MASKAPAI REASURANSI INDONESIA, PT;MASKAPAI REASURANSI INDONESIA, PT;0;0.02;;0;0;0;0.02;0;1;01/01/2024;31/12/2024;2024LIABILITY (GA);2024LIABILITY (GA)MASKAPAI REASURANSI INDONESIA, PT
2024;10;202410;LIABILITY (GA);REASURANSI INDONESIA UTAMA, PT;REASURANSI INDONESIA UTAMA, PT;0;0.325;;0;0;0;0.325;0;1;01/01/2024;31/12/2024;2024LIABILITY (GA);2024LIABILITY (GA)REASURANSI INDONESIA UTAMA, PT
2024;10;202410;LIABILITY (GA);REASURANSI NASIONAL INDONESIA, PT;REASURANSI NASIONAL INDONESIA, PT;0;0.025;;0;0;0;0.025;0;1;01/01/2024;31/12/2024;2024LIABILITY (GA);2024LIABILITY (GA)REASURANSI NASIONAL INDONESIA, PT
2024;10;202410;LIABILITY (GA);REASURANSI NUSANTARA MAKMUR, PT;REASURANSI NUSANTARA MAKMUR, PT;0;0.05;;0;0;0;0.05;0;1;01/01/2024;31/12/2024;2024LIABILITY (GA);2024LIABILITY (GA)REASURANSI NUSANTARA MAKMUR, PT
2024;10;202410;LIABILITY (GA);TUGU REASURANSI, PT;TUGU REASURANSI, PT;0;0.055;;0;0;0;0.055;0;1;01/01/2024;31/12/2024;2024LIABILITY (GA);2024LIABILITY (GA)TUGU REASURANSI, PT
2024;3;20243;MARINE CARGO;IBS REINSURANCE BROKERS, PT;Aspen Bermuda Ltd. Singapore Branch;0;0.25;;0;0;0;0.075;0;0.3;01/01/2024;31/12/2024;2024MARINE CARGO;2024MARINE CARGOIBS REINSURANCE BROKERS, PT
2024;3;20243;MARINE CARGO;IBS REINSURANCE BROKERS, PT;Odyssey Reinsurance Company;0;0.25;;0;0;0;0.1;0;0.4;01/01/2024;31/12/2024;2024MARINE CARGO;2024MARINE CARGOIBS REINSURANCE BROKERS, PT
2024;3;20243;MARINE CARGO;IBS REINSURANCE BROKERS, PT;Saudi Reinsurance Company;0;0.25;;0;0;0;0.075;0;0.3;01/01/2024;31/12/2024;2024MARINE CARGO;2024MARINE CARGOIBS REINSURANCE BROKERS, PT
2024;3;20243;MARINE CARGO;Marsh Re (Guy Carpenter);General Reinsurance Corporation;0;0.275;;0;0;0;0.025;0;0.090909091;01/01/2024;31/12/2024;2024MARINE CARGO;2024MARINE CARGOMarsh Re (Guy Carpenter)
2024;3;20243;MARINE CARGO;Marsh Re (Guy Carpenter);Best Meridien International Insurance Company;0;0.275;;0;0;0;0.2;0;0.727272727;01/01/2024;31/12/2024;2024MARINE CARGO;2024MARINE CARGOMarsh Re (Guy Carpenter)
2024;3;20243;MARINE CARGO;Marsh Re (Guy Carpenter);Canopius Reinsurance;0;0.275;;0;0;0;0.05;0;0.181818182;01/01/2024;31/12/2024;2024MARINE CARGO;2024MARINE CARGOMarsh Re (Guy Carpenter)
2024;3;20243;MARINE CARGO;MASKAPAI REASURANSI INDONESIA, PT;MASKAPAI REASURANSI INDONESIA, PT;0;0.02;;0;0;0;0.02;0;1;01/01/2024;31/12/2024;2024MARINE CARGO;2024MARINE CARGOMASKAPAI REASURANSI INDONESIA, PT
2024;3;20243;MARINE CARGO;REASURANSI INDONESIA UTAMA, PT;REASURANSI INDONESIA UTAMA, PT;0;0.325;;0;0;0;0.325;0;1;01/01/2024;31/12/2024;2024MARINE CARGO;2024MARINE CARGOREASURANSI INDONESIA UTAMA, PT
2024;3;20243;MARINE CARGO;REASURANSI NASIONAL INDONESIA, PT;REASURANSI NASIONAL INDONESIA, PT;0;0.025;;0;0;0;0.025;0;1;01/01/2024;31/12/2024;2024MARINE CARGO;2024MARINE CARGOREASURANSI NASIONAL INDONESIA, PT
2024;3;20243;MARINE CARGO;REASURANSI NUSANTARA MAKMUR, PT;REASURANSI NUSANTARA MAKMUR, PT;0;0.05;;0;0;0;0.05;0;1;01/01/2024;31/12/2024;2024MARINE CARGO;2024MARINE CARGOREASURANSI NUSANTARA MAKMUR, PT
2024;3;20243;MARINE CARGO;TUGU REASURANSI, PT;TUGU REASURANSI, PT;0;0.055;;0;0;0;0.055;0;1;01/01/2024;31/12/2024;2024MARINE CARGO;2024MARINE CARGOTUGU REASURANSI, PT
2024;4;20244;MARINE HULL;IBS REINSURANCE BROKERS, PT;Aspen Bermuda Ltd. Singapore Branch;0;0.25;;0;0;0;0.075;0;0.3;01/01/2024;31/12/2024;2024MARINE HULL;2024MARINE HULLIBS REINSURANCE BROKERS, PT
2024;4;20244;MARINE HULL;IBS REINSURANCE BROKERS, PT;Odyssey Reinsurance Company;0;0.25;;0;0;0;0.1;0;0.4;01/01/2024;31/12/2024;2024MARINE HULL;2024MARINE HULLIBS REINSURANCE BROKERS, PT
2024;4;20244;MARINE HULL;IBS REINSURANCE BROKERS, PT;Saudi Reinsurance Company;0;0.25;;0;0;0;0.075;0;0.3;01/01/2024;31/12/2024;2024MARINE HULL;2024MARINE HULLIBS REINSURANCE BROKERS, PT
2024;4;20244;MARINE HULL;Marsh Re (Guy Carpenter);General Reinsurance Corporation;0;0.275;;0;0;0;0.025;0;0.090909091;01/01/2024;31/12/2024;2024MARINE HULL;2024MARINE HULLMarsh Re (Guy Carpenter)
2024;4;20244;MARINE HULL;Marsh Re (Guy Carpenter);Best Meridien International Insurance Company;0;0.275;;0;0;0;0.2;0;0.727272727;01/01/2024;31/12/2024;2024MARINE HULL;2024MARINE HULLMarsh Re (Guy Carpenter)
2024;4;20244;MARINE HULL;Marsh Re (Guy Carpenter);Canopius Reinsurance;0;0.275;;0;0;0;0.05;0;0.181818182;01/01/2024;31/12/2024;2024MARINE HULL;2024MARINE HULLMarsh Re (Guy Carpenter)
2024;4;20244;MARINE HULL;MASKAPAI REASURANSI INDONESIA, PT;MASKAPAI REASURANSI INDONESIA, PT;0;0.02;;0;0;0;0.02;0;1;01/01/2024;31/12/2024;2024MARINE HULL;2024MARINE HULLMASKAPAI REASURANSI INDONESIA, PT
2024;4;20244;MARINE HULL;REASURANSI INDONESIA UTAMA, PT;REASURANSI INDONESIA UTAMA, PT;0;0.325;;0;0;0;0.325;0;1;01/01/2024;31/12/2024;2024MARINE HULL;2024MARINE HULLREASURANSI INDONESIA UTAMA, PT
2024;4;20244;MARINE HULL;REASURANSI NASIONAL INDONESIA, PT;REASURANSI NASIONAL INDONESIA, PT;0;0.025;;0;0;0;0.025;0;1;01/01/2024;31/12/2024;2024MARINE HULL;2024MARINE HULLREASURANSI NASIONAL INDONESIA, PT
2024;4;20244;MARINE HULL;REASURANSI NUSANTARA MAKMUR, PT;REASURANSI NUSANTARA MAKMUR, PT;0;0.05;;0;0;0;0.05;0;1;01/01/2024;31/12/2024;2024MARINE HULL;2024MARINE HULLREASURANSI NUSANTARA MAKMUR, PT
2024;4;20244;MARINE HULL;TUGU REASURANSI, PT;TUGU REASURANSI, PT;0;0.055;;0;0;0;0.055;0;1;01/01/2024;31/12/2024;2024MARINE HULL;2024MARINE HULLTUGU REASURANSI, PT
2024;15X;202415X;MONEY INSURANCE;IBS REINSURANCE BROKERS, PT;Aspen Bermuda Ltd. Singapore Branch;0;0.25;;0;0;0;0.075;0;0.3;01/01/2024;31/12/2024;2024MONEY INSURANCE;2024MONEY INSURANCEIBS REINSURANCE BROKERS, PT
2024;15X;202415X;MONEY INSURANCE;IBS REINSURANCE BROKERS, PT;Odyssey Reinsurance Company;0;0.25;;0;0;0;0.1;0;0.4;01/01/2024;31/12/2024;2024MONEY INSURANCE;2024MONEY INSURANCEIBS REINSURANCE BROKERS, PT
2024;15X;202415X;MONEY INSURANCE;IBS REINSURANCE BROKERS, PT;Saudi Reinsurance Company;0;0.25;;0;0;0;0.075;0;0.3;01/01/2024;31/12/2024;2024MONEY INSURANCE;2024MONEY INSURANCEIBS REINSURANCE BROKERS, PT
2024;15X;202415X;MONEY INSURANCE;Marsh Re (Guy Carpenter);General Reinsurance Corporation;0;0.275;;0;0;0;0.025;0;0.090909091;01/01/2024;31/12/2024;2024MONEY INSURANCE;2024MONEY INSURANCEMarsh Re (Guy Carpenter)
2024;15X;202415X;MONEY INSURANCE;Marsh Re (Guy Carpenter);Best Meridien International Insurance Company;0;0.275;;0;0;0;0.2;0;0.727272727;01/01/2024;31/12/2024;2024MONEY INSURANCE;2024MONEY INSURANCEMarsh Re (Guy Carpenter)
2024;15X;202415X;MONEY INSURANCE;Marsh Re (Guy Carpenter);Canopius Reinsurance;0;0.275;;0;0;0;0.05;0;0.181818182;01/01/2024;31/12/2024;2024MONEY INSURANCE;2024MONEY INSURANCEMarsh Re (Guy Carpenter)
2024;15X;202415X;MONEY INSURANCE;MASKAPAI REASURANSI INDONESIA, PT;MASKAPAI REASURANSI INDONESIA, PT;0;0.02;;0;0;0;0.02;0;1;01/01/2024;31/12/2024;2024MONEY INSURANCE;2024MONEY INSURANCEMASKAPAI REASURANSI INDONESIA, PT
2024;15X;202415X;MONEY INSURANCE;REASURANSI INDONESIA UTAMA, PT;REASURANSI INDONESIA UTAMA, PT;0;0.325;;0;0;0;0.325;0;1;01/01/2024;31/12/2024;2024MONEY INSURANCE;2024MONEY INSURANCEREASURANSI INDONESIA UTAMA, PT
2024;15X;202415X;MONEY INSURANCE;REASURANSI NASIONAL INDONESIA, PT;REASURANSI NASIONAL INDONESIA, PT;0;0.025;;0;0;0;0.025;0;1;01/01/2024;31/12/2024;2024MONEY INSURANCE;2024MONEY INSURANCEREASURANSI NASIONAL INDONESIA, PT
2024;15X;202415X;MONEY INSURANCE;REASURANSI NUSANTARA MAKMUR, PT;REASURANSI NUSANTARA MAKMUR, PT;0;0.05;;0;0;0;0.05;0;1;01/01/2024;31/12/2024;2024MONEY INSURANCE;2024MONEY INSURANCEREASURANSI NUSANTARA MAKMUR, PT
2024;15X;202415X;MONEY INSURANCE;TUGU REASURANSI, PT;TUGU REASURANSI, PT;0;0.055;;0;0;0;0.055;0;1;01/01/2024;31/12/2024;2024MOTOR VEHICLE;2024MOTOR VEHICLETUGU REASURANSI, PT
2024;2;20242;MOTOR VEHICLE;IBS REINSURANCE BROKERS, PT;Aspen Bermuda Ltd. Singapore Branch;0;0.25;;0;0;0;0.075;0;0.3;01/01/2024;31/12/2024;2024MOTOR VEHICLE;2024MOTOR VEHICLEIBS REINSURANCE BROKERS, PT
2024;2;20242;MOTOR VEHICLE;IBS REINSURANCE BROKERS, PT;Odyssey Reinsurance Company;0;0.25;;0;0;0;0.1;0;0.4;01/01/2024;31/12/2024;2024MOTOR VEHICLE;2024MOTOR VEHICLEIBS REINSURANCE BROKERS, PT
2024;2;20242;MOTOR VEHICLE;IBS REINSURANCE BROKERS, PT;Saudi Reinsurance Company;0;0.25;;0;0;0;0.075;0;0.3;01/01/2024;31/12/2024;2024MOTOR VEHICLE;2024MOTOR VEHICLEIBS REINSURANCE BROKERS, PT
2024;2;20242;MOTOR VEHICLE;Marsh Re (Guy Carpenter);General Reinsurance Corporation;0;0.275;;0;0;0;0.025;0;0.090909091;01/01/2024;31/12/2024;2024MOTOR VEHICLE;2024MOTOR VEHICLEMarsh Re (Guy Carpenter)
2024;2;20242;MOTOR VEHICLE;Marsh Re (Guy Carpenter);Best Meridien International Insurance Company;0;0.275;;0;0;0;0.2;0;0.727272727;01/01/2024;31/12/2024;2024MOTOR VEHICLE;2024MOTOR VEHICLEMarsh Re (Guy Carpenter)
2024;2;20242;MOTOR VEHICLE;Marsh Re (Guy Carpenter);Canopius Reinsurance;0;0.275;;0;0;0;0.05;0;0.181818182;01/01/2024;31/12/2024;2024MOTOR VEHICLE;2024MOTOR VEHICLEMarsh Re (Guy Carpenter)
2024;2;20242;MOTOR VEHICLE;MASKAPAI REASURANSI INDONESIA, PT;MASKAPAI REASURANSI INDONESIA, PT;0;0.02;;0;0;0;0.02;0;1;01/01/2024;31/12/2024;2024MOTOR VEHICLE;2024MOTOR VEHICLEMASKAPAI REASURANSI INDONESIA, PT
2024;2;20242;MOTOR VEHICLE;REASURANSI INDONESIA UTAMA, PT;REASURANSI INDONESIA UTAMA, PT;0;0.325;;0;0;0;0.325;0;1;01/01/2024;31/12/2024;2024MOTOR VEHICLE;2024MOTOR VEHICLEREASURANSI INDONESIA UTAMA, PT
2024;2;20242;MOTOR VEHICLE;REASURANSI NASIONAL INDONESIA, PT;REASURANSI NASIONAL INDONESIA, PT;0;0.025;;0;0;0;0.025;0;1;01/01/2024;31/12/2024;2024MOTOR VEHICLE;2024MOTOR VEHICLEREASURANSI NASIONAL INDONESIA, PT
2024;2;20242;MOTOR VEHICLE;REASURANSI NUSANTARA MAKMUR, PT;REASURANSI NUSANTARA MAKMUR, PT;0;0.05;;0;0;0;0.05;0;1;01/01/2024;31/12/2024;2024MOTOR VEHICLE;2024MOTOR VEHICLEREASURANSI NUSANTARA MAKMUR, PT
2024;2;20242;MOTOR VEHICLE;TUGU REASURANSI, PT;TUGU REASURANSI, PT;0;0.055;;0;0;0;0.055;0;1;01/01/2024;31/12/2024;2024MOTOR VEHICLE;2024MOTOR VEHICLETUGU REASURANSI, PT
2024;0;20240;OIL & GAS;IBS REINSURANCE BROKERS, PT;Odyssey Reinsurance Company;0;0.125;;0;0;0;0.125;0;1;01/01/2024;31/12/2024;2024OIL & GAS;2024OIL & GASIBS REINSURANCE BROKERS, PT
2024;0;20240;OIL & GAS;ASKRINDO-OR;ASKRINDO-OR;0;0.141304348;;0;0;0;0.141304348;0;1;01/01/2024;31/12/2024;2024OIL & GAS;2024OIL & GASASKRINDO-OR
2024;0;20240;OIL & GAS;MASKAPAI REASURANSI INDONESIA, PT;MASKAPAI REASURANSI INDONESIA, PT;0;0.02;;0;0;0;0.02;0;1;01/01/2024;31/12/2024;2024OIL & GAS;2024OIL & GASMASKAPAI REASURANSI INDONESIA, PT
2024;0;20240;OIL & GAS;REASURANSI INDONESIA UTAMA, PT;REASURANSI INDONESIA UTAMA, PT;0;0.565217391;;0;0;0;0.565217391;0;1;01/01/2024;31/12/2024;2024OIL & GAS;2024OIL & GASREASURANSI INDONESIA UTAMA, PT
2024;0;20240;OIL & GAS;REASURANSI NASIONAL INDONESIA, PT;REASURANSI NASIONAL INDONESIA, PT;0;0.043478261;;0;0;0;0.043478261;0;1;01/01/2024;31/12/2024;2024OIL & GAS;2024OIL & GASREASURANSI NASIONAL INDONESIA, PT
2024;0;20240;OIL & GAS;REASURANSI NUSANTARA MAKMUR, PT;REASURANSI NUSANTARA MAKMUR, PT;0;0.05;;0;0;0;0.05;0;1;01/01/2024;31/12/2024;2024OIL & GAS;2024OIL & GASREASURANSI NUSANTARA MAKMUR, PT
2024;0;20240;OIL & GAS;TUGU REASURANSI, PT;TUGU REASURANSI, PT;0;0.055;;0;0;0;0.055;0;1;01/01/2024;31/12/2024;2024OIL & GAS;2024OIL & GASTUGU REASURANSI, PT
2024;0;20240;OIL & GAS (Energy XOL);Marsh Re (Guy Carpenter);Canopius Asia Pte Ltd. Singapore;0;1;;0;0;0;0.425;0;0.425;01/01/2024;31/12/2024;2024OIL & GAS (Energy XOL);2024OIL & GAS (Energy XOL)Marsh Re (Guy Carpenter)
2024;0;20240;OIL & GAS (Energy XOL);Marsh Re (Guy Carpenter);Aspen Bermuda Ltd. Singapore Branch;0;1;;0;0;0;0.325;0;0.325;01/01/2024;31/12/2024;2024OIL & GAS (Energy XOL);2024OIL & GAS (Energy XOL)Marsh Re (Guy Carpenter)
2024;0;20240;OIL & GAS (Energy XOL);Marsh Re (Guy Carpenter);China Reinsurance (Group) Corp Singapore;0;1;;0;0;0;0.25;0;0.25;01/01/2024;31/12/2024;2024OIL & GAS (Energy XOL);2024OIL & GAS (Energy XOL)Marsh Re (Guy Carpenter)
2024;11;202411;PERSONAL ACCIDENT (GA);IBS REINSURANCE BROKERS, PT;Aspen Bermuda Ltd. Singapore Branch;0;0.25;;0;0;0;0.075;0;0.3;01/01/2024;31/12/2024;2024PERSONAL ACCIDENT (GA);2024PERSONAL ACCIDENT (GA)IBS REINSURANCE BROKERS, PT
2024;11;202411;PERSONAL ACCIDENT (GA);IBS REINSURANCE BROKERS, PT;Odyssey Reinsurance Company;0;0.25;;0;0;0;0.1;0;0.4;01/01/2024;31/12/2024;2024PERSONAL ACCIDENT (GA);2024PERSONAL ACCIDENT (GA)IBS REINSURANCE BROKERS, PT
2024;11;202411;PERSONAL ACCIDENT (GA);IBS REINSURANCE BROKERS, PT;Saudi Reinsurance Company;0;0.25;;0;0;0;0.075;0;0.3;01/01/2024;31/12/2024;2024PERSONAL ACCIDENT (GA);2024PERSONAL ACCIDENT (GA)IBS REINSURANCE BROKERS, PT
2024;11;202411;PERSONAL ACCIDENT (GA);Marsh Re (Guy Carpenter);General Reinsurance Corporation;0;0.275;;0;0;0;0.025;0;0.090909091;01/01/2024;31/12/2024;2024PERSONAL ACCIDENT (GA);2024PERSONAL ACCIDENT (GA)Marsh Re (Guy Carpenter)
2024;11;202411;PERSONAL ACCIDENT (GA);Marsh Re (Guy Carpenter);Best Meridien International Insurance Company;0;0.275;;0;0;0;0.2;0;0.727272727;01/01/2024;31/12/2024;2024PERSONAL ACCIDENT (GA);2024PERSONAL ACCIDENT (GA)Marsh Re (Guy Carpenter)
2024;11;202411;PERSONAL ACCIDENT (GA);Marsh Re (Guy Carpenter);Canopius Reinsurance;0;0.275;;0;0;0;0.05;0;0.181818182;01/01/2024;31/12/2024;2024PERSONAL ACCIDENT (GA);2024PERSONAL ACCIDENT (GA)Marsh Re (Guy Carpenter)
2024;11;202411;PERSONAL ACCIDENT (GA);MASKAPAI REASURANSI INDONESIA, PT;MASKAPAI REASURANSI INDONESIA, PT;0;0.02;;0;0;0;0.02;0;1;01/01/2024;31/12/2024;2024PERSONAL ACCIDENT (GA);2024PERSONAL ACCIDENT (GA)MASKAPAI REASURANSI INDONESIA, PT
2024;11;202411;PERSONAL ACCIDENT (GA);REASURANSI INDONESIA UTAMA, PT;REASURANSI INDONESIA UTAMA, PT;0;0.325;;0;0;0;0.325;0;1;01/01/2024;31/12/2024;2024PERSONAL ACCIDENT (GA);2024PERSONAL ACCIDENT (GA)REASURANSI INDONESIA UTAMA, PT
2024;11;202411;PERSONAL ACCIDENT (GA);REASURANSI NASIONAL INDONESIA, PT;REASURANSI NASIONAL INDONESIA, PT;0;0.025;;0;0;0;0.025;0;1;01/01/2024;31/12/2024;2024PERSONAL ACCIDENT (GA);2024PERSONAL ACCIDENT (GA)REASURANSI NASIONAL INDONESIA, PT
2024;11;202411;PERSONAL ACCIDENT (GA);REASURANSI NUSANTARA MAKMUR, PT;REASURANSI NUSANTARA MAKMUR, PT;0;0.05;;0;0;0;0.05;0;1;01/01/2024;31/12/2024;2024PERSONAL ACCIDENT (GA);2024PERSONAL ACCIDENT (GA)REASURANSI NUSANTARA MAKMUR, PT
2024;11;202411;PERSONAL ACCIDENT (GA);TUGU REASURANSI, PT;TUGU REASURANSI, PT;0;0.055;;0;0;0;0.055;0;1;01/01/2024;31/12/2024;2024PERSONAL ACCIDENT (GA);2024PERSONAL ACCIDENT (GA)TUGU REASURANSI, PT
2024;KUK;2024KUK;PRODUCTIVE CREDIT;IBS REINSURANCE BROKERS, PT;Odyssey Reinsurance Company;0;0.15;;0;0;0;0.15;0;1;01/01/2024;31/12/2024;2024PRODUCTIVE CREDIT;2024PRODUCTIVE CREDITIBS REINSURANCE BROKERS, PT
2024;KUK;2024KUK;PRODUCTIVE CREDIT;Marsh Re (Guy Carpenter);Best Meridien International Insurance Company;0;0.2;;0;0;0;0.2;0;1;01/01/2024;31/12/2024;2024PRODUCTIVE CREDIT;2024PRODUCTIVE CREDITMarsh Re (Guy Carpenter)
2024;KUK;2024KUK;PRODUCTIVE CREDIT;MASKAPAI REASURANSI INDONESIA, PT;MASKAPAI REASURANSI INDONESIA, PT;0;0.07;;0;0;0;0.07;0;1;01/01/2024;31/12/2024;2024PRODUCTIVE CREDIT;2024PRODUCTIVE CREDITMASKAPAI REASURANSI INDONESIA, PT
2024;KUK;2024KUK;PRODUCTIVE CREDIT;REASURANSI INDONESIA UTAMA, PT;REASURANSI INDONESIA UTAMA, PT;0;0.325;;0;0;0;0.325;0;1;01/01/2024;31/12/2024;2024PRODUCTIVE CREDIT;2024PRODUCTIVE CREDITREASURANSI INDONESIA UTAMA, PT
2024;KUK;2024KUK;PRODUCTIVE CREDIT;REASURANSI NASIONAL INDONESIA, PT;REASURANSI NASIONAL INDONESIA, PT;0;0.025;;0;0;0;0.025;0;1;01/01/2024;31/12/2024;2024PRODUCTIVE CREDIT;2024PRODUCTIVE CREDITREASURANSI NASIONAL INDONESIA, PT
2024;KUK;2024KUK;PRODUCTIVE CREDIT;REASURANSI NUSANTARA MAKMUR, PT;REASURANSI NUSANTARA MAKMUR, PT;0;0.05;;0;0;0;0.05;0;1;01/01/2024;31/12/2024;2024PRODUCTIVE CREDIT;2024PRODUCTIVE CREDITREASURANSI NUSANTARA MAKMUR, PT
2024;KUK;2024KUK;PRODUCTIVE CREDIT;TUGU REASURANSI, PT;TUGU REASURANSI, PT;0;0.18;;0;0;0;0.18;0;1;01/01/2024;31/12/2024;2024PRODUCTIVE CREDIT;2024PRODUCTIVE CREDITTUGU REASURANSI, PT
2024;BDN;2024BDN;SKBDN / LC;IBS REINSURANCE BROKERS, PT;Odyssey Reinsurance Company;0;0.15;;0;0;0;0.15;0;1;01/01/2024;31/12/2024;2024SKBDN / LC;2024SKBDN / LCIBS REINSURANCE BROKERS, PT
2024;BDN;2024BDN;SKBDN / LC;Marsh Re (Guy Carpenter);Best Meridien International Insurance Company;0;0.2;;0;0;0;0.2;0;1;01/01/2024;31/12/2024;2024SKBDN / LC;2024SKBDN / LCMarsh Re (Guy Carpenter)
2024;BDN;2024BDN;SKBDN / LC;MASKAPAI REASURANSI INDONESIA, PT;MASKAPAI REASURANSI INDONESIA, PT;0;0.07;;0;0;0;0.07;0;1;01/01/2024;31/12/2024;2024SKBDN / LC;2024SKBDN / LCMASKAPAI REASURANSI INDONESIA, PT
2024;BDN;2024BDN;SKBDN / LC;REASURANSI INDONESIA UTAMA, PT;REASURANSI INDONESIA UTAMA, PT;0;0.325;;0;0;0;0.325;0;1;01/01/2024;31/12/2024;2024SKBDN / LC;2024SKBDN / LCREASURANSI INDONESIA UTAMA, PT
2024;BDN;2024BDN;SKBDN / LC;REASURANSI NASIONAL INDONESIA, PT;REASURANSI NASIONAL INDONESIA, PT;0;0.025;;0;0;0;0.025;0;1;01/01/2024;31/12/2024;2024SKBDN / LC;2024SKBDN / LCREASURANSI NASIONAL INDONESIA, PT
2024;BDN;2024BDN;SKBDN / LC;REASURANSI NUSANTARA MAKMUR, PT;REASURANSI NUSANTARA MAKMUR, PT;0;0.05;;0;0;0;0.05;0;1;01/01/2024;31/12/2024;2024SKBDN / LC;2024SKBDN / LCREASURANSI NUSANTARA MAKMUR, PT
2024;BDN;2024BDN;SKBDN / LC;TUGU REASURANSI, PT;TUGU REASURANSI, PT;0;0.18;;0;0;0;0.18;0;1;01/01/2024;31/12/2024;2024SKBDN / LC;2024SKBDN / LCTUGU REASURANSI, PT
2024;SB;2024SB;SURETY BOND;IBS REINSURANCE BROKERS, PT;Odyssey Reinsurance Company;0;0.15;;0;0;0;0.15;0;1;01/01/2024;31/12/2024;2024SURETY BOND;2024SURETY BONDIBS REINSURANCE BROKERS, PT
2024;SB;2024SB;SURETY BOND;Marsh Re (Guy Carpenter);Best Meridien International Insurance Company;0;0.2;;0;0;0;0.2;0;1;01/01/2024;31/12/2024;2024SURETY BOND;2024SURETY BONDMarsh Re (Guy Carpenter)
2024;SB;2024SB;SURETY BOND;MASKAPAI REASURANSI INDONESIA, PT;MASKAPAI REASURANSI INDONESIA, PT;0;0.07;;0;0;0;0.07;0;1;01/01/2024;31/12/2024;2024SURETY BOND;2024SURETY BONDMASKAPAI REASURANSI INDONESIA, PT
2024;SB;2024SB;SURETY BOND;REASURANSI INDONESIA UTAMA, PT;REASURANSI INDONESIA UTAMA, PT;0;0.325;;0;0;0;0.325;0;1;01/01/2024;31/12/2024;2024SURETY BOND;2024SURETY BONDREASURANSI INDONESIA UTAMA, PT
2024;SB;2024SB;SURETY BOND;REASURANSI NASIONAL INDONESIA, PT;REASURANSI NASIONAL INDONESIA, PT;0;0.025;;0;0;0;0.025;0;1;01/01/2024;31/12/2024;2024SURETY BOND;2024SURETY BONDREASURANSI NASIONAL INDONESIA, PT
2024;SB;2024SB;SURETY BOND;REASURANSI NUSANTARA MAKMUR, PT;REASURANSI NUSANTARA MAKMUR, PT;0;0.05;;0;0;0;0.05;0;1;01/01/2024;31/12/2024;2024SURETY BOND;2024SURETY BONDREASURANSI NUSANTARA MAKMUR, PT
2024;SB;2024SB;SURETY BOND;TUGU REASURANSI, PT;TUGU REASURANSI, PT;0;0.18;;0;0;0;0.18;0;1;01/01/2024;31/12/2024;2024SURETY BOND;2024SURETY BONDTUGU REASURANSI, PT
2024;TRC;2024TRC;TRADE CREDIT;IBS REINSURANCE BROKERS, PT;Odyssey Reinsurance Company;0;0.15;;0;0;0;0.15;0;1;01/01/2024;31/12/2024;2024TRADE CREDIT;2024TRADE CREDITIBS REINSURANCE BROKERS, PT
2024;TRC;2024TRC;TRADE CREDIT;Marsh Re (Guy Carpenter);Best Meridien International Insurance Company;0;0.2;;0;0;0;0.2;0;1;01/01/2024;31/12/2024;2024TRADE CREDIT;2024TRADE CREDITMarsh Re (Guy Carpenter)
2024;TRC;2024TRC;TRADE CREDIT;MASKAPAI REASURANSI INDONESIA, PT;MASKAPAI REASURANSI INDONESIA, PT;0;0.07;;0;0;0;0.07;0;1;01/01/2024;31/12/2024;2024TRADE CREDIT;2024TRADE CREDITMASKAPAI REASURANSI INDONESIA, PT
2024;TRC;2024TRC;TRADE CREDIT;REASURANSI INDONESIA UTAMA, PT;REASURANSI INDONESIA UTAMA, PT;0;0.325;;0;0;0;0.325;0;1;01/01/2024;31/12/2024;2024TRADE CREDIT;2024TRADE CREDITREASURANSI INDONESIA UTAMA, PT
2024;TRC;2024TRC;TRADE CREDIT;REASURANSI NASIONAL INDONESIA, PT;REASURANSI NASIONAL INDONESIA, PT;0;0.025;;0;0;0;0.025;0;1;01/01/2024;31/12/2024;2024TRADE CREDIT;2024TRADE CREDITREASURANSI NASIONAL INDONESIA, PT
2024;TRC;2024TRC;TRADE CREDIT;REASURANSI NUSANTARA MAKMUR, PT;REASURANSI NUSANTARA MAKMUR, PT;0;0.05;;0;0;0;0.05;0;1;01/01/2024;31/12/2024;2024TRADE CREDIT;2024TRADE CREDITREASURANSI NUSANTARA MAKMUR, PT
2024;TRC;2024TRC;TRADE CREDIT;TUGU REASURANSI, PT;TUGU REASURANSI, PT;0;0.18;;0;0;0;0.18;0;1;01/01/2024;31/12/2024;2024TRADE CREDIT;2024TRADE CREDITTUGU REASURANSI, PT
2025;5;20255;AVIATION;IBS REINSURANCE BROKERS, PT;Canopius Reinsurance, Ltd.;0;0.65;;0;0;0;0.22;0;0.338461538;01/01/2025;31/12/2025;2025AVIATION;2025AVIATIONIBS REINSURANCE BROKERS, PT
2025;5;20255;AVIATION;IBS REINSURANCE BROKERS, PT;Volante Re, UK (Synd 1699);0;0.65;;0;0;0;0.1;0;0.153846154;01/01/2025;31/12/2025;2025AVIATION;2025AVIATIONIBS REINSURANCE BROKERS, PT
2025;5;20255;AVIATION;IBS REINSURANCE BROKERS, PT;China Re;0;0.65;;0;0;0;0.1;0;0.153846154;01/01/2025;31/12/2025;2025AVIATION;2025AVIATIONIBS REINSURANCE BROKERS, PT
2025;5;20255;AVIATION;IBS REINSURANCE BROKERS, PT;QBE Re, UK (Synd 510);0;0.65;;0;0;0;0.08;0;0.123076923;01/01/2025;31/12/2025;2025AVIATION;2025AVIATIONIBS REINSURANCE BROKERS, PT
2025;5;20255;AVIATION;IBS REINSURANCE BROKERS, PT;Tokio Marine Kiln, Singapore;0;0.65;;0;0;0;0.05;0;0.076923077;01/01/2025;31/12/2025;2025AVIATION;2025AVIATIONIBS REINSURANCE BROKERS, PT
2025;5;20255;AVIATION;IBS REINSURANCE BROKERS, PT;Tokio Marine HCC, UK;0;0.65;;0;0;0;0.05;0;0.076923077;01/01/2025;31/12/2025;2025AVIATION;2025AVIATIONIBS REINSURANCE BROKERS, PT
2025;5;20255;AVIATION;IBS REINSURANCE BROKERS, PT;Chaucer Asia (Synd 1084);0;0.65;;0;0;0;0.05;0;0.076923077;01/01/2025;31/12/2025;2025AVIATION;2025AVIATIONIBS REINSURANCE BROKERS, PT
2025;5;20255;AVIATION;MASKAPAI REASURANSI INDONESIA, PT;MASKAPAI REASURANSI INDONESIA, PT;0;0.02;;0;0;0;0.02;0;1;01/01/2025;31/12/2025;2025AVIATION;2025AVIATIONMASKAPAI REASURANSI INDONESIA, PT
2025;5;20255;AVIATION;REASURANSI INDONESIA UTAMA, PT;REASURANSI INDONESIA UTAMA, PT;0;0.085;;0;0;0;0.085;0;1;01/01/2025;31/12/2025;2025AVIATION;2025AVIATIONREASURANSI INDONESIA UTAMA, PT
2025;5;20255;AVIATION;REASURANSI NASIONAL INDONESIA, PT;REASURANSI NASIONAL INDONESIA, PT;0;0.1;;0;0;0;0.1;0;1;01/01/2025;31/12/2025;2025AVIATION;2025AVIATIONREASURANSI NASIONAL INDONESIA, PT
2025;5;20255;AVIATION;REASURANSI NUSANTARA MAKMUR, PT;REASURANSI NUSANTARA MAKMUR, PT;0;0.035;;0;0;0;0.035;0;1;01/01/2025;31/12/2025;2025AVIATION;2025AVIATIONREASURANSI NUSANTARA MAKMUR, PT
2025;5;20255;AVIATION;TUGU REASURANSI, PT;TUGU REASURANSI, PT;0;0.11;;0;0;0;0.11;0;1;01/01/2025;31/12/2025;2025AVIATION;2025AVIATIONTUGU REASURANSI, PT
2025;KUC;2025KUC;COMMERCIAL CREDIT;IBS REINSURANCE BROKERS, PT;Best Meridian Insurance Company;0;0.525;;0;0;0;0.25;0;0.476190476;01/01/2025;31/12/2025;2025COMMERCIAL CREDIT;2025COMMERCIAL CREDITIBS REINSURANCE BROKERS, PT
2025;KUC;2025KUC;COMMERCIAL CREDIT;IBS REINSURANCE BROKERS, PT;Odyssey Reinsurance Company;0;0.525;;0;0;0;0.15;0;0.285714286;01/01/2025;31/12/2025;2025COMMERCIAL CREDIT;2025COMMERCIAL CREDITIBS REINSURANCE BROKERS, PT
2025;KUC;2025KUC;COMMERCIAL CREDIT;IBS REINSURANCE BROKERS, PT;PVI Insurance Corporation;0;0.525;;0;0;0;0.125;0;0.238095238;01/01/2025;31/12/2025;2025COMMERCIAL CREDIT;2025COMMERCIAL CREDITIBS REINSURANCE BROKERS, PT
2025;KUC;2025KUC;COMMERCIAL CREDIT;MASKAPAI REASURANSI INDONESIA, PT;MASKAPAI REASURANSI INDONESIA, PT;0;0.07;;0;0;0;0.07;0;1;01/01/2025;31/12/2025;2025COMMERCIAL CREDIT;2025COMMERCIAL CREDITMASKAPAI REASURANSI INDONESIA, PT
2025;KUC;2025KUC;COMMERCIAL CREDIT;REASURANSI INDONESIA UTAMA, PT;REASURANSI INDONESIA UTAMA, PT;0;0.085;;0;0;0;0.085;0;1;01/01/2025;31/12/2025;2025COMMERCIAL CREDIT;2025COMMERCIAL CREDITREASURANSI INDONESIA UTAMA, PT
2025;KUC;2025KUC;COMMERCIAL CREDIT;REASURANSI NASIONAL INDONESIA, PT;REASURANSI NASIONAL INDONESIA, PT;0;0.085;;0;0;0;0.085;0;1;01/01/2025;31/12/2025;2025COMMERCIAL CREDIT;2025COMMERCIAL CREDITREASURANSI NASIONAL INDONESIA, PT
2025;KUC;2025KUC;COMMERCIAL CREDIT;REASURANSI NUSANTARA MAKMUR, PT;REASURANSI NUSANTARA MAKMUR, PT;0;0.035;;0;0;0;0.035;0;1;01/01/2025;31/12/2025;2025COMMERCIAL CREDIT;2025COMMERCIAL CREDITREASURANSI NUSANTARA MAKMUR, PT
2025;KUC;2025KUC;COMMERCIAL CREDIT;TUGU REASURANSI, PT;TUGU REASURANSI, PT;0;0.2;;0;0;0;0.2;0;1;01/01/2025;31/12/2025;2025COMMERCIAL CREDIT;2025COMMERCIAL CREDITTUGU REASURANSI, PT
2025;KBG;2025KBG;COUNTER BANK GUARANTEE;IBS REINSURANCE BROKERS, PT;Best Meridian Insurance Company;0;0.525;;0;0;0;0.25;0;0.476190476;01/01/2025;31/12/2025;2025COUNTER BANK GUARANTEE;2025COUNTER BANK GUARANTEEIBS REINSURANCE BROKERS, PT
2025;KBG;2025KBG;COUNTER BANK GUARANTEE;IBS REINSURANCE BROKERS, PT;Odyssey Reinsurance Company;0;0.525;;0;0;0;0.15;0;0.285714286;01/01/2025;31/12/2025;2025COUNTER BANK GUARANTEE;2025COUNTER BANK GUARANTEEIBS REINSURANCE BROKERS, PT
2025;KBG;2025KBG;COUNTER BANK GUARANTEE;IBS REINSURANCE BROKERS, PT;PVI Insurance Corporation;0;0.525;;0;0;0;0.125;0;0.238095238;01/01/2025;31/12/2025;2025COUNTER BANK GUARANTEE;2025COUNTER BANK GUARANTEEIBS REINSURANCE BROKERS, PT
2025;KBG;2025KBG;COUNTER BANK GUARANTEE;MASKAPAI REASURANSI INDONESIA, PT;MASKAPAI REASURANSI INDONESIA, PT;0;0.07;;0;0;0;0.07;0;1;01/01/2025;31/12/2025;2025COUNTER BANK GUARANTEE;2025COUNTER BANK GUARANTEEMASKAPAI REASURANSI INDONESIA, PT
2025;KBG;2025KBG;COUNTER BANK GUARANTEE;REASURANSI INDONESIA UTAMA, PT;REASURANSI INDONESIA UTAMA, PT;0;0.085;;0;0;0;0.085;0;1;01/01/2025;31/12/2025;2025COUNTER BANK GUARANTEE;2025COUNTER BANK GUARANTEEREASURANSI INDONESIA UTAMA, PT
2025;KBG;2025KBG;COUNTER BANK GUARANTEE;REASURANSI NASIONAL INDONESIA, PT;REASURANSI NASIONAL INDONESIA, PT;0;0.085;;0;0;0;0.085;0;1;01/01/2025;31/12/2025;2025COUNTER BANK GUARANTEE;2025COUNTER BANK GUARANTEEREASURANSI NASIONAL INDONESIA, PT
2025;KBG;2025KBG;COUNTER BANK GUARANTEE;REASURANSI NUSANTARA MAKMUR, PT;REASURANSI NUSANTARA MAKMUR, PT;0;0.035;;0;0;0;0.035;0;1;01/01/2025;31/12/2025;2025COUNTER BANK GUARANTEE;2025COUNTER BANK GUARANTEEREASURANSI NUSANTARA MAKMUR, PT
2025;KBG;2025KBG;COUNTER BANK GUARANTEE;TUGU REASURANSI, PT;TUGU REASURANSI, PT;0;0.2;;0;0;0;0.2;0;1;01/01/2025;31/12/2025;2025COUNTER BANK GUARANTEE;2025COUNTER BANK GUARANTEETUGU REASURANSI, PT
2025;CB;2025CB;CUSTOMS BOND;IBS REINSURANCE BROKERS, PT;Best Meridian Insurance Company;0;0.525;;0;0;0;0.25;0;0.476190476;01/01/2025;31/12/2025;2025CUSTOMS BOND;2025CUSTOMS BONDIBS REINSURANCE BROKERS, PT
2025;CB;2025CB;CUSTOMS BOND;IBS REINSURANCE BROKERS, PT;Odyssey Reinsurance Company;0;0.525;;0;0;0;0.15;0;0.285714286;01/01/2025;31/12/2025;2025CUSTOMS BOND;2025CUSTOMS BONDIBS REINSURANCE BROKERS, PT
2025;CB;2025CB;CUSTOMS BOND;IBS REINSURANCE BROKERS, PT;PVI Insurance Corporation;0;0.525;;0;0;0;0.125;0;0.238095238;01/01/2025;31/12/2025;2025CUSTOMS BOND;2025CUSTOMS BONDIBS REINSURANCE BROKERS, PT
2025;CB;2025CB;CUSTOMS BOND;MASKAPAI REASURANSI INDONESIA, PT;MASKAPAI REASURANSI INDONESIA, PT;0;0.07;;0;0;0;0.07;0;1;01/01/2025;31/12/2025;2025CUSTOMS BOND;2025CUSTOMS BONDMASKAPAI REASURANSI INDONESIA, PT
2025;CB;2025CB;CUSTOMS BOND;REASURANSI INDONESIA UTAMA, PT;REASURANSI INDONESIA UTAMA, PT;0;0.085;;0;0;0;0.085;0;1;01/01/2025;31/12/2025;2025CUSTOMS BOND;2025CUSTOMS BONDREASURANSI INDONESIA UTAMA, PT
2025;CB;2025CB;CUSTOMS BOND;REASURANSI NASIONAL INDONESIA, PT;REASURANSI NASIONAL INDONESIA, PT;0;0.085;;0;0;0;0.085;0;1;01/01/2025;31/12/2025;2025CUSTOMS BOND;2025CUSTOMS BONDREASURANSI NASIONAL INDONESIA, PT
2025;CB;2025CB;CUSTOMS BOND;REASURANSI NUSANTARA MAKMUR, PT;REASURANSI NUSANTARA MAKMUR, PT;0;0.035;;0;0;0;0.035;0;1;01/01/2025;31/12/2025;2025CUSTOMS BOND;2025CUSTOMS BONDREASURANSI NUSANTARA MAKMUR, PT
2025;CB;2025CB;CUSTOMS BOND;TUGU REASURANSI, PT;TUGU REASURANSI, PT;0;0.2;;0;0;0;0.2;0;1;01/01/2025;31/12/2025;2025CUSTOMS BOND;2025CUSTOMS BONDTUGU REASURANSI, PT
2025;0;20250;ENERGY (OIL & GAS) - OFF SHORE;IBS REINSURANCE BROKERS, PT;Canopius Reinsurance, Ltd.;0;0.65;;0;0;0;0.22;0;0.338461538;01/01/2025;31/12/2025;2025ENERGY (OIL & GAS) - OFF SHORE;2025ENERGY (OIL & GAS) - OFF SHOREIBS REINSURANCE BROKERS, PT
2025;0;20250;ENERGY (OIL & GAS) - OFF SHORE;IBS REINSURANCE BROKERS, PT;Volante Re, UK (Synd 1699);0;0.65;;0;0;0;0.1;0;0.153846154;01/01/2025;31/12/2025;2025ENERGY (OIL & GAS) - OFF SHORE;2025ENERGY (OIL & GAS) - OFF SHOREIBS REINSURANCE BROKERS, PT
2025;0;20250;ENERGY (OIL & GAS) - OFF SHORE;IBS REINSURANCE BROKERS, PT;China Re;0;0.65;;0;0;0;0.1;0;0.153846154;01/01/2025;31/12/2025;2025ENERGY (OIL & GAS) - OFF SHORE;2025ENERGY (OIL & GAS) - OFF SHOREIBS REINSURANCE BROKERS, PT
2025;0;20250;ENERGY (OIL & GAS) - OFF SHORE;IBS REINSURANCE BROKERS, PT;QBE Re, UK (Synd 510);0;0.65;;0;0;0;0.08;0;0.123076923;01/01/2025;31/12/2025;2025ENERGY (OIL & GAS) - OFF SHORE;2025ENERGY (OIL & GAS) - OFF SHOREIBS REINSURANCE BROKERS, PT
2025;0;20250;ENERGY (OIL & GAS) - OFF SHORE;IBS REINSURANCE BROKERS, PT;Tokio Marine Kiln, Singapore;0;0.65;;0;0;0;0.05;0;0.076923077;01/01/2025;31/12/2025;2025ENERGY (OIL & GAS) - OFF SHORE;2025ENERGY (OIL & GAS) - OFF SHOREIBS REINSURANCE BROKERS, PT
2025;0;20250;ENERGY (OIL & GAS) - OFF SHORE;IBS REINSURANCE BROKERS, PT;Tokio Marine HCC, UK;0;0.65;;0;0;0;0.05;0;0.076923077;01/01/2025;31/12/2025;2025ENERGY (OIL & GAS) - OFF SHORE;2025ENERGY (OIL & GAS) - OFF SHOREIBS REINSURANCE BROKERS, PT
2025;0;20250;ENERGY (OIL & GAS) - OFF SHORE;IBS REINSURANCE BROKERS, PT;Chaucer Asia (Synd 1084);0;0.65;;0;0;0;0.05;0;0.076923077;01/01/2025;31/12/2025;2025ENERGY (OIL & GAS) - OFF SHORE;2025ENERGY (OIL & GAS) - OFF SHOREIBS REINSURANCE BROKERS, PT
2025;0;20250;ENERGY (OIL & GAS) - OFF SHORE;MASKAPAI REASURANSI INDONESIA, PT;MASKAPAI REASURANSI INDONESIA, PT;0;0.02;;0;0;0;0.02;0;1;01/01/2025;31/12/2025;2025ENERGY (OIL & GAS) - OFF SHORE;2025ENERGY (OIL & GAS) - OFF SHOREMASKAPAI REASURANSI INDONESIA, PT
2025;0;20250;ENERGY (OIL & GAS) - OFF SHORE;REASURANSI INDONESIA UTAMA, PT;REASURANSI INDONESIA UTAMA, PT;0;0.085;;0;0;0;0.085;0;1;01/01/2025;31/12/2025;2025ENERGY (OIL & GAS) - OFF SHORE;2025ENERGY (OIL & GAS) - OFF SHOREREASURANSI INDONESIA UTAMA, PT
2025;0;20250;ENERGY (OIL & GAS) - OFF SHORE;REASURANSI NASIONAL INDONESIA, PT;REASURANSI NASIONAL INDONESIA, PT;0;0.1;;0;0;0;0.1;0;1;01/01/2025;31/12/2025;2025ENERGY (OIL & GAS) - OFF SHORE;2025ENERGY (OIL & GAS) - OFF SHOREREASURANSI NASIONAL INDONESIA, PT
2025;0;20250;ENERGY (OIL & GAS) - OFF SHORE;REASURANSI NUSANTARA MAKMUR, PT;REASURANSI NUSANTARA MAKMUR, PT;0;0.035;;0;0;0;0.035;0;1;01/01/2025;31/12/2025;2025ENERGY (OIL & GAS) - OFF SHORE;2025ENERGY (OIL & GAS) - OFF SHOREREASURANSI NUSANTARA MAKMUR, PT
2025;0;20250;ENERGY (OIL & GAS) - OFF SHORE;TUGU REASURANSI, PT;TUGU REASURANSI, PT;0;0.11;;0;0;0;0.11;0;1;01/01/2025;31/12/2025;2025ENERGY (OIL & GAS) - OFF SHORE;2025ENERGY (OIL & GAS) - OFF SHORETUGU REASURANSI, PT
2025;0;20250;ENERGY (OIL & GAS) - ON SHORE;IBS REINSURANCE BROKERS, PT;Canopius Reinsurance, Ltd.;0;0.65;;0;0;0;0.22;0;0.338461538;01/01/2025;31/12/2025;2025ENERGY (OIL & GAS) - ON SHORE;2025ENERGY (OIL & GAS) - ON SHOREIBS REINSURANCE BROKERS, PT
2025;0;20250;ENERGY (OIL & GAS) - ON SHORE;IBS REINSURANCE BROKERS, PT;Volante Re, UK (Synd 1699);0;0.65;;0;0;0;0.1;0;0.153846154;01/01/2025;31/12/2025;2025ENERGY (OIL & GAS) - ON SHORE;2025ENERGY (OIL & GAS) - ON SHOREIBS REINSURANCE BROKERS, PT
2025;0;20250;ENERGY (OIL & GAS) - ON SHORE;IBS REINSURANCE BROKERS, PT;China Re;0;0.65;;0;0;0;0.1;0;0.153846154;01/01/2025;31/12/2025;2025ENERGY (OIL & GAS) - ON SHORE;2025ENERGY (OIL & GAS) - ON SHOREIBS REINSURANCE BROKERS, PT
2025;0;20250;ENERGY (OIL & GAS) - ON SHORE;IBS REINSURANCE BROKERS, PT;QBE Re, UK (Synd 510);0;0.65;;0;0;0;0.08;0;0.123076923;01/01/2025;31/12/2025;2025ENERGY (OIL & GAS) - ON SHORE;2025ENERGY (OIL & GAS) - ON SHOREIBS REINSURANCE BROKERS, PT
2025;0;20250;ENERGY (OIL & GAS) - ON SHORE;IBS REINSURANCE BROKERS, PT;Tokio Marine Kiln, Singapore;0;0.65;;0;0;0;0.05;0;0.076923077;01/01/2025;31/12/2025;2025ENERGY (OIL & GAS) - ON SHORE;2025ENERGY (OIL & GAS) - ON SHOREIBS REINSURANCE BROKERS, PT
2025;0;20250;ENERGY (OIL & GAS) - ON SHORE;IBS REINSURANCE BROKERS, PT;Tokio Marine HCC, UK;0;0.65;;0;0;0;0.05;0;0.076923077;01/01/2025;31/12/2025;2025ENERGY (OIL & GAS) - ON SHORE;2025ENERGY (OIL & GAS) - ON SHOREIBS REINSURANCE BROKERS, PT
2025;0;20250;ENERGY (OIL & GAS) - ON SHORE;IBS REINSURANCE BROKERS, PT;Chaucer Asia (Synd 1084);0;0.65;;0;0;0;0.05;0;0.076923077;01/01/2025;31/12/2025;2025ENERGY (OIL & GAS) - ON SHORE;2025ENERGY (OIL & GAS) - ON SHOREIBS REINSURANCE BROKERS, PT
2025;0;20250;ENERGY (OIL & GAS) - ON SHORE;MASKAPAI REASURANSI INDONESIA, PT;MASKAPAI REASURANSI INDONESIA, PT;0;0.02;;0;0;0;0.02;0;1;01/01/2025;31/12/2025;2025ENERGY (OIL & GAS) - ON SHORE;2025ENERGY (OIL & GAS) - ON SHOREMASKAPAI REASURANSI INDONESIA, PT
2025;0;20250;ENERGY (OIL & GAS) - ON SHORE;REASURANSI INDONESIA UTAMA, PT;REASURANSI INDONESIA UTAMA, PT;0;0.085;;0;0;0;0.085;0;1;01/01/2025;31/12/2025;2025ENERGY (OIL & GAS) - ON SHORE;2025ENERGY (OIL & GAS) - ON SHOREREASURANSI INDONESIA UTAMA, PT
2025;0;20250;ENERGY (OIL & GAS) - ON SHORE;REASURANSI NASIONAL INDONESIA, PT;REASURANSI NASIONAL INDONESIA, PT;0;0.1;;0;0;0;0.1;0;1;01/01/2025;31/12/2025;2025ENERGY (OIL & GAS) - ON SHORE;2025ENERGY (OIL & GAS) - ON SHOREREASURANSI NASIONAL INDONESIA, PT
2025;0;20250;ENERGY (OIL & GAS) - ON SHORE;REASURANSI NUSANTARA MAKMUR, PT;REASURANSI NUSANTARA MAKMUR, PT;0;0.035;;0;0;0;0.035;0;1;01/01/2025;31/12/2025;2025ENERGY (OIL & GAS) - ON SHORE;2025ENERGY (OIL & GAS) - ON SHOREREASURANSI NUSANTARA MAKMUR, PT
2025;0;20250;ENERGY (OIL & GAS) - ON SHORE;TUGU REASURANSI, PT;TUGU REASURANSI, PT;0;0.11;;0;0;0;0.11;0;1;01/01/2025;31/12/2025;2025ENERGY (OIL & GAS) - ON SHORE;2025ENERGY (OIL & GAS) - ON SHORETUGU REASURANSI, PT
2025;9;20259;ENGINEERING;IBS REINSURANCE BROKERS, PT;Aspen Insurance Holdings, Ltd.;0;0.65;;0;0;0;0.2;0;0.307692308;01/01/2025;31/12/2025;2025ENGINEERING;2025ENGINEERINGIBS REINSURANCE BROKERS, PT
2025;9;20259;ENGINEERING;IBS REINSURANCE BROKERS, PT;Best Meridien Insurance Company;0;0.65;;0;0;0;0.175;0;0.269230769;01/01/2025;31/12/2025;2025ENGINEERING;2025ENGINEERINGIBS REINSURANCE BROKERS, PT
2025;9;20259;ENGINEERING;IBS REINSURANCE BROKERS, PT;Canopius Reinsurance, Ltd.;0;0.65;;0;0;0;0.15;0;0.230769231;01/01/2025;31/12/2025;2025ENGINEERING;2025ENGINEERINGIBS REINSURANCE BROKERS, PT
2025;9;20259;ENGINEERING;IBS REINSURANCE BROKERS, PT;Odyssey Reinsurance Company;0;0.65;;0;0;0;0.075;0;0.115384615;01/01/2025;31/12/2025;2025ENGINEERING;2025ENGINEERINGIBS REINSURANCE BROKERS, PT
2025;9;20259;ENGINEERING;IBS REINSURANCE BROKERS, PT;Saudi Reinsurance Company;0;0.65;;0;0;0;0.025;0;0.038461538;01/01/2025;31/12/2025;2025ENGINEERING;2025ENGINEERINGIBS REINSURANCE BROKERS, PT
2025;9;20259;ENGINEERING;IBS REINSURANCE BROKERS, PT;Hannover Rück SE;0;0.65;;0;0;0;0.025;0;0.038461538;01/01/2025;31/12/2025;2025ENGINEERING;2025ENGINEERINGIBS REINSURANCE BROKERS, PT
2025;9;20259;ENGINEERING;MASKAPAI REASURANSI INDONESIA, PT;MASKAPAI REASURANSI INDONESIA, PT;0;0.02;;0;0;0;0.02;0;1;01/01/2025;31/12/2025;2025ENGINEERING;2025ENGINEERINGMASKAPAI REASURANSI INDONESIA, PT
2025;9;20259;ENGINEERING;REASURANSI INDONESIA UTAMA, PT;REASURANSI INDONESIA UTAMA, PT;0;0.085;;0;0;0;0.085;0;1;01/01/2025;31/12/2025;2025ENGINEERING;2025ENGINEERINGREASURANSI INDONESIA UTAMA, PT
2025;9;20259;ENGINEERING;REASURANSI NASIONAL INDONESIA, PT;REASURANSI NASIONAL INDONESIA, PT;0;0.1;;0;0;0;0.1;0;1;01/01/2025;31/12/2025;2025ENGINEERING;2025ENGINEERINGREASURANSI NASIONAL INDONESIA, PT
2025;9;20259;ENGINEERING;REASURANSI NUSANTARA MAKMUR, PT;REASURANSI NUSANTARA MAKMUR, PT;0;0.035;;0;0;0;0.035;0;1;01/01/2025;31/12/2025;2025ENGINEERING;2025ENGINEERINGREASURANSI NUSANTARA MAKMUR, PT
2025;9;20259;ENGINEERING;TUGU REASURANSI, PT;TUGU REASURANSI, PT;0;0.11;;0;0;0;0.11;0;1;01/01/2025;31/12/2025;2025ENGINEERING;2025ENGINEERINGTUGU REASURANSI, PT
2025;1;20251;FIRE;IBS REINSURANCE BROKERS, PT;Aspen Insurance Holdings, Ltd.;0;0.65;;0;0;0;0.2;0;0.307692308;01/01/2025;31/12/2025;2025FIRE;2025FIREIBS REINSURANCE BROKERS, PT
2025;1;20251;FIRE;IBS REINSURANCE BROKERS, PT;Best Meridien Insurance Company;0;0.65;;0;0;0;0.175;0;0.269230769;01/01/2025;31/12/2025;2025FIRE;2025FIREIBS REINSURANCE BROKERS, PT
2025;1;20251;FIRE;IBS REINSURANCE BROKERS, PT;Canopius Reinsurance, Ltd.;0;0.65;;0;0;0;0.15;0;0.230769231;01/01/2025;31/12/2025;2025FIRE;2025FIREIBS REINSURANCE BROKERS, PT
2025;1;20251;FIRE;IBS REINSURANCE BROKERS, PT;Odyssey Reinsurance Company;0;0.65;;0;0;0;0.075;0;0.115384615;01/01/2025;31/12/2025;2025FIRE;2025FIREIBS REINSURANCE BROKERS, PT
2025;1;20251;FIRE;IBS REINSURANCE BROKERS, PT;Saudi Reinsurance Company;0;0.65;;0;0;0;0.025;0;0.038461538;01/01/2025;31/12/2025;2025FIRE;2025FIREIBS REINSURANCE BROKERS, PT
2025;1;20251;FIRE;IBS REINSURANCE BROKERS, PT;Hannover Rück SE;0;0.65;;0;0;0;0.025;0;0.038461538;01/01/2025;31/12/2025;2025FIRE;2025FIREIBS REINSURANCE BROKERS, PT
2025;1;20251;FIRE;MASKAPAI REASURANSI INDONESIA, PT;MASKAPAI REASURANSI INDONESIA, PT;0;0.02;;0;0;0;0.02;0;1;01/01/2025;31/12/2025;2025FIRE;2025FIREMASKAPAI REASURANSI INDONESIA, PT
2025;1;20251;FIRE;REASURANSI INDONESIA UTAMA, PT;REASURANSI INDONESIA UTAMA, PT;0;0.085;;0;0;0;0.085;0;1;01/01/2025;31/12/2025;2025FIRE;2025FIREREASURANSI INDONESIA UTAMA, PT
2025;1;20251;FIRE;REASURANSI NASIONAL INDONESIA, PT;REASURANSI NASIONAL INDONESIA, PT;0;0.1;;0;0;0;0.1;0;1;01/01/2025;31/12/2025;2025FIRE;2025FIREREASURANSI NASIONAL INDONESIA, PT
2025;1;20251;FIRE;REASURANSI NUSANTARA MAKMUR, PT;REASURANSI NUSANTARA MAKMUR, PT;0;0.035;;0;0;0;0.035;0;1;01/01/2025;31/12/2025;2025FIRE;2025FIREREASURANSI NUSANTARA MAKMUR, PT
2025;1;20251;FIRE;TUGU REASURANSI, PT;TUGU REASURANSI, PT;0;0.11;;0;0;0;0.11;0;1;01/01/2025;31/12/2025;2025FIRE;2025FIRETUGU REASURANSI, PT
2025;15;202515;GENERAL ACCIDENT;IBS REINSURANCE BROKERS, PT;Aspen Insurance Holdings, Ltd.;0;0.65;;0;0;0;0.2;0;0.307692308;01/01/2025;31/12/2025;2025GENERAL ACCIDENT;2025GENERAL ACCIDENTIBS REINSURANCE BROKERS, PT
2025;15;202515;GENERAL ACCIDENT;IBS REINSURANCE BROKERS, PT;Best Meridien Insurance Company;0;0.65;;0;0;0;0.175;0;0.269230769;01/01/2025;31/12/2025;2025GENERAL ACCIDENT;2025GENERAL ACCIDENTIBS REINSURANCE BROKERS, PT
2025;15;202515;GENERAL ACCIDENT;IBS REINSURANCE BROKERS, PT;Canopius Reinsurance, Ltd.;0;0.65;;0;0;0;0.15;0;0.230769231;01/01/2025;31/12/2025;2025GENERAL ACCIDENT;2025GENERAL ACCIDENTIBS REINSURANCE BROKERS, PT
2025;15;202515;GENERAL ACCIDENT;IBS REINSURANCE BROKERS, PT;Odyssey Reinsurance Company;0;0.65;;0;0;0;0.075;0;0.115384615;01/01/2025;31/12/2025;2025GENERAL ACCIDENT;2025GENERAL ACCIDENTIBS REINSURANCE BROKERS, PT
2025;15;202515;GENERAL ACCIDENT;IBS REINSURANCE BROKERS, PT;Saudi Reinsurance Company;0;0.65;;0;0;0;0.025;0;0.038461538;01/01/2025;31/12/2025;2025GENERAL ACCIDENT;2025GENERAL ACCIDENTIBS REINSURANCE BROKERS, PT
2025;15;202515;GENERAL ACCIDENT;IBS REINSURANCE BROKERS, PT;Hannover Rück SE;0;0.65;;0;0;0;0.025;0;0.038461538;01/01/2025;31/12/2025;2025GENERAL ACCIDENT;2025GENERAL ACCIDENTIBS REINSURANCE BROKERS, PT
2025;15;202515;GENERAL ACCIDENT;MASKAPAI REASURANSI INDONESIA, PT;MASKAPAI REASURANSI INDONESIA, PT;0;0.02;;0;0;0;0.02;0;1;01/01/2025;31/12/2025;2025GENERAL ACCIDENT;2025GENERAL ACCIDENTMASKAPAI REASURANSI INDONESIA, PT
2025;15;202515;GENERAL ACCIDENT;REASURANSI INDONESIA UTAMA, PT;REASURANSI INDONESIA UTAMA, PT;0;0.085;;0;0;0;0.085;0;1;01/01/2025;31/12/2025;2025GENERAL ACCIDENT;2025GENERAL ACCIDENTREASURANSI INDONESIA UTAMA, PT
2025;15;202515;GENERAL ACCIDENT;REASURANSI NASIONAL INDONESIA, PT;REASURANSI NASIONAL INDONESIA, PT;0;0.1;;0;0;0;0.1;0;1;01/01/2025;31/12/2025;2025GENERAL ACCIDENT;2025GENERAL ACCIDENTREASURANSI NASIONAL INDONESIA, PT
2025;15;202515;GENERAL ACCIDENT;REASURANSI NUSANTARA MAKMUR, PT;REASURANSI NUSANTARA MAKMUR, PT;0;0.035;;0;0;0;0.035;0;1;01/01/2025;31/12/2025;2025GENERAL ACCIDENT;2025GENERAL ACCIDENTREASURANSI NUSANTARA MAKMUR, PT
2025;15;202515;GENERAL ACCIDENT;TUGU REASURANSI, PT;TUGU REASURANSI, PT;0;0.11;;0;0;0;0.11;0;1;01/01/2025;31/12/2025;2025GENERAL ACCIDENT;2025GENERAL ACCIDENTTUGU REASURANSI, PT
2025;203;2025203;HEAVY EQUIPMENT;IBS REINSURANCE BROKERS, PT;Aspen Insurance Holdings, Ltd.;0;0.65;;0;0;0;0.2;0;0.307692308;01/01/2025;31/12/2025;2025HEAVY EQUIPMENT;2025HEAVY EQUIPMENTIBS REINSURANCE BROKERS, PT
2025;203;2025203;HEAVY EQUIPMENT;IBS REINSURANCE BROKERS, PT;Best Meridien Insurance Company;0;0.65;;0;0;0;0.175;0;0.269230769;01/01/2025;31/12/2025;2025HEAVY EQUIPMENT;2025HEAVY EQUIPMENTIBS REINSURANCE BROKERS, PT
2025;203;2025203;HEAVY EQUIPMENT;IBS REINSURANCE BROKERS, PT;Canopius Reinsurance, Ltd.;0;0.65;;0;0;0;0.15;0;0.230769231;01/01/2025;31/12/2025;2025HEAVY EQUIPMENT;2025HEAVY EQUIPMENTIBS REINSURANCE BROKERS, PT
2025;203;2025203;HEAVY EQUIPMENT;IBS REINSURANCE BROKERS, PT;Odyssey Reinsurance Company;0;0.65;;0;0;0;0.075;0;0.115384615;01/01/2025;31/12/2025;2025HEAVY EQUIPMENT;2025HEAVY EQUIPMENTIBS REINSURANCE BROKERS, PT
2025;203;2025203;HEAVY EQUIPMENT;IBS REINSURANCE BROKERS, PT;Saudi Reinsurance Company;0;0.65;;0;0;0;0.025;0;0.038461538;01/01/2025;31/12/2025;2025HEAVY EQUIPMENT;2025HEAVY EQUIPMENTIBS REINSURANCE BROKERS, PT
2025;203;2025203;HEAVY EQUIPMENT;IBS REINSURANCE BROKERS, PT;Hannover Rück SE;0;0.65;;0;0;0;0.025;0;0.038461538;01/01/2025;31/12/2025;2025HEAVY EQUIPMENT;2025HEAVY EQUIPMENTIBS REINSURANCE BROKERS, PT
2025;203;2025203;HEAVY EQUIPMENT;MASKAPAI REASURANSI INDONESIA, PT;MASKAPAI REASURANSI INDONESIA, PT;0;0.02;;0;0;0;0.02;0;1;01/01/2025;31/12/2025;2025HEAVY EQUIPMENT;2025HEAVY EQUIPMENTMASKAPAI REASURANSI INDONESIA, PT
2025;203;2025203;HEAVY EQUIPMENT;REASURANSI INDONESIA UTAMA, PT;REASURANSI INDONESIA UTAMA, PT;0;0.085;;0;0;0;0.085;0;1;01/01/2025;31/12/2025;2025HEAVY EQUIPMENT;2025HEAVY EQUIPMENTREASURANSI INDONESIA UTAMA, PT
2025;203;2025203;HEAVY EQUIPMENT;REASURANSI NASIONAL INDONESIA, PT;REASURANSI NASIONAL INDONESIA, PT;0;0.1;;0;0;0;0.1;0;1;01/01/2025;31/12/2025;2025HEAVY EQUIPMENT;2025HEAVY EQUIPMENTREASURANSI NASIONAL INDONESIA, PT
2025;203;2025203;HEAVY EQUIPMENT;REASURANSI NUSANTARA MAKMUR, PT;REASURANSI NUSANTARA MAKMUR, PT;0;0.035;;0;0;0;0.035;0;1;01/01/2025;31/12/2025;2025HEAVY EQUIPMENT;2025HEAVY EQUIPMENTREASURANSI NUSANTARA MAKMUR, PT
2025;203;2025203;HEAVY EQUIPMENT;TUGU REASURANSI, PT;TUGU REASURANSI, PT;0;0.11;;0;0;0;0.11;0;1;01/01/2025;31/12/2025;2025HEAVY EQUIPMENT;2025HEAVY EQUIPMENTTUGU REASURANSI, PT
2025;3;20253;MARINE CARGO;IBS REINSURANCE BROKERS, PT;Canopius Reinsurance, Ltd.;0;0.65;;0;0;0;0.22;0;0.338461538;01/01/2025;31/12/2025;2025MARINE CARGO;2025MARINE CARGOIBS REINSURANCE BROKERS, PT
2025;3;20253;MARINE CARGO;IBS REINSURANCE BROKERS, PT;Volante Re, UK (Synd 1699);0;0.65;;0;0;0;0.1;0;0.153846154;01/01/2025;31/12/2025;2025MARINE CARGO;2025MARINE CARGOIBS REINSURANCE BROKERS, PT
2025;3;20253;MARINE CARGO;IBS REINSURANCE BROKERS, PT;China Re;0;0.65;;0;0;0;0.1;0;0.153846154;01/01/2025;31/12/2025;2025MARINE CARGO;2025MARINE CARGOIBS REINSURANCE BROKERS, PT
2025;3;20253;MARINE CARGO;IBS REINSURANCE BROKERS, PT;QBE Re, UK (Synd 510);0;0.65;;0;0;0;0.08;0;0.123076923;01/01/2025;31/12/2025;2025MARINE CARGO;2025MARINE CARGOIBS REINSURANCE BROKERS, PT
2025;3;20253;MARINE CARGO;IBS REINSURANCE BROKERS, PT;Tokio Marine Kiln, Singapore;0;0.65;;0;0;0;0.05;0;0.076923077;01/01/2025;31/12/2025;2025MARINE CARGO;2025MARINE CARGOIBS REINSURANCE BROKERS, PT
2025;3;20253;MARINE CARGO;IBS REINSURANCE BROKERS, PT;Tokio Marine HCC, UK;0;0.65;;0;0;0;0.05;0;0.076923077;01/01/2025;31/12/2025;2025MARINE CARGO;2025MARINE CARGOIBS REINSURANCE BROKERS, PT
2025;3;20253;MARINE CARGO;IBS REINSURANCE BROKERS, PT;Chaucer Asia (Synd 1084);0;0.65;;0;0;0;0.05;0;0.076923077;01/01/2025;31/12/2025;2025MARINE CARGO;2025MARINE CARGOIBS REINSURANCE BROKERS, PT
2025;3;20253;MARINE CARGO;MASKAPAI REASURANSI INDONESIA, PT;MASKAPAI REASURANSI INDONESIA, PT;0;0.02;;0;0;0;0.02;0;1;01/01/2025;31/12/2025;2025MARINE CARGO;2025MARINE CARGOMASKAPAI REASURANSI INDONESIA, PT
2025;3;20253;MARINE CARGO;REASURANSI INDONESIA UTAMA, PT;REASURANSI INDONESIA UTAMA, PT;0;0.085;;0;0;0;0.085;0;1;01/01/2025;31/12/2025;2025MARINE CARGO;2025MARINE CARGOREASURANSI INDONESIA UTAMA, PT
2025;3;20253;MARINE CARGO;REASURANSI NASIONAL INDONESIA, PT;REASURANSI NASIONAL INDONESIA, PT;0;0.1;;0;0;0;0.1;0;1;01/01/2025;31/12/2025;2025MARINE CARGO;2025MARINE CARGOREASURANSI NASIONAL INDONESIA, PT
2025;3;20253;MARINE CARGO;REASURANSI NUSANTARA MAKMUR, PT;REASURANSI NUSANTARA MAKMUR, PT;0;0.035;;0;0;0;0.035;0;1;01/01/2025;31/12/2025;2025MARINE CARGO;2025MARINE CARGOREASURANSI NUSANTARA MAKMUR, PT
2025;3;20253;MARINE CARGO;TUGU REASURANSI, PT;TUGU REASURANSI, PT;0;0.11;;0;0;0;0.11;0;1;01/01/2025;31/12/2025;2025MARINE CARGO;2025MARINE CARGOTUGU REASURANSI, PT
2025;4;20254;MARINE HULL;IBS REINSURANCE BROKERS, PT;Canopius Reinsurance, Ltd.;0;0.65;;0;0;0;0.22;0;0.338461538;01/01/2025;31/12/2025;2025MARINE HULL;2025MARINE HULLIBS REINSURANCE BROKERS, PT
2025;4;20254;MARINE HULL;IBS REINSURANCE BROKERS, PT;Volante Re, UK (Synd 1699);0;0.65;;0;0;0;0.1;0;0.153846154;01/01/2025;31/12/2025;2025MARINE HULL;2025MARINE HULLIBS REINSURANCE BROKERS, PT
2025;4;20254;MARINE HULL;IBS REINSURANCE BROKERS, PT;China Re;0;0.65;;0;0;0;0.1;0;0.153846154;01/01/2025;31/12/2025;2025MARINE HULL;2025MARINE HULLIBS REINSURANCE BROKERS, PT
2025;4;20254;MARINE HULL;IBS REINSURANCE BROKERS, PT;QBE Re, UK (Synd 510);0;0.65;;0;0;0;0.08;0;0.123076923;01/01/2025;31/12/2025;2025MARINE HULL;2025MARINE HULLIBS REINSURANCE BROKERS, PT
2025;4;20254;MARINE HULL;IBS REINSURANCE BROKERS, PT;Tokio Marine Kiln, Singapore;0;0.65;;0;0;0;0.05;0;0.076923077;01/01/2025;31/12/2025;2025MARINE HULL;2025MARINE HULLIBS REINSURANCE BROKERS, PT
2025;4;20254;MARINE HULL;IBS REINSURANCE BROKERS, PT;Tokio Marine HCC, UK;0;0.65;;0;0;0;0.05;0;0.076923077;01/01/2025;31/12/2025;2025MARINE HULL;2025MARINE HULLIBS REINSURANCE BROKERS, PT
2025;4;20254;MARINE HULL;IBS REINSURANCE BROKERS, PT;Chaucer Asia (Synd 1084);0;0.65;;0;0;0;0.05;0;0.076923077;01/01/2025;31/12/2025;2025MARINE HULL;2025MARINE HULLIBS REINSURANCE BROKERS, PT
2025;4;20254;MARINE HULL;MASKAPAI REASURANSI INDONESIA, PT;MASKAPAI REASURANSI INDONESIA, PT;0;0.02;;0;0;0;0.02;0;1;01/01/2025;31/12/2025;2025MARINE HULL;2025MARINE HULLMASKAPAI REASURANSI INDONESIA, PT
2025;4;20254;MARINE HULL;REASURANSI INDONESIA UTAMA, PT;REASURANSI INDONESIA UTAMA, PT;0;0.085;;0;0;0;0.085;0;1;01/01/2025;31/12/2025;2025MARINE HULL;2025MARINE HULLREASURANSI INDONESIA UTAMA, PT
2025;4;20254;MARINE HULL;REASURANSI NASIONAL INDONESIA, PT;REASURANSI NASIONAL INDONESIA, PT;0;0.1;;0;0;0;0.1;0;1;01/01/2025;31/12/2025;2025MARINE HULL;2025MARINE HULLREASURANSI NASIONAL INDONESIA, PT
2025;4;20254;MARINE HULL;REASURANSI NUSANTARA MAKMUR, PT;REASURANSI NUSANTARA MAKMUR, PT;0;0.035;;0;0;0;0.035;0;1;01/01/2025;31/12/2025;2025MARINE HULL;2025MARINE HULLREASURANSI NUSANTARA MAKMUR, PT
2025;4;20254;MARINE HULL;TUGU REASURANSI, PT;TUGU REASURANSI, PT;0;0.11;;0;0;0;0.11;0;1;01/01/2025;31/12/2025;2025MARINE HULL;2025MARINE HULLTUGU REASURANSI, PT
2025;2;20252;MOTOR VEHICLE;IBS REINSURANCE BROKERS, PT;Aspen Insurance Holdings, Ltd.;0;0.65;;0;0;0;0.2;0;0.307692308;01/01/2025;31/12/2025;2025MOTOR VEHICLE;2025MOTOR VEHICLEIBS REINSURANCE BROKERS, PT
2025;2;20252;MOTOR VEHICLE;IBS REINSURANCE BROKERS, PT;Best Meridien Insurance Company;0;0.65;;0;0;0;0.175;0;0.269230769;01/01/2025;31/12/2025;2025MOTOR VEHICLE;2025MOTOR VEHICLEIBS REINSURANCE BROKERS, PT
2025;2;20252;MOTOR VEHICLE;IBS REINSURANCE BROKERS, PT;Canopius Reinsurance, Ltd.;0;0.65;;0;0;0;0.15;0;0.230769231;01/01/2025;31/12/2025;2025MOTOR VEHICLE;2025MOTOR VEHICLEIBS REINSURANCE BROKERS, PT
2025;2;20252;MOTOR VEHICLE;IBS REINSURANCE BROKERS, PT;Odyssey Reinsurance Company;0;0.65;;0;0;0;0.075;0;0.115384615;01/01/2025;31/12/2025;2025MOTOR VEHICLE;2025MOTOR VEHICLEIBS REINSURANCE BROKERS, PT
2025;2;20252;MOTOR VEHICLE;IBS REINSURANCE BROKERS, PT;Saudi Reinsurance Company;0;0.65;;0;0;0;0.025;0;0.038461538;01/01/2025;31/12/2025;2025MOTOR VEHICLE;2025MOTOR VEHICLEIBS REINSURANCE BROKERS, PT
2025;2;20252;MOTOR VEHICLE;IBS REINSURANCE BROKERS, PT;Hannover Rück SE;0;0.65;;0;0;0;0.025;0;0.038461538;01/01/2025;31/12/2025;2025MOTOR VEHICLE;2025MOTOR VEHICLEIBS REINSURANCE BROKERS, PT
2025;2;20252;MOTOR VEHICLE;MASKAPAI REASURANSI INDONESIA, PT;MASKAPAI REASURANSI INDONESIA, PT;0;0.02;;0;0;0;0.02;0;1;01/01/2025;31/12/2025;2025MOTOR VEHICLE;2025MOTOR VEHICLEMASKAPAI REASURANSI INDONESIA, PT
2025;2;20252;MOTOR VEHICLE;REASURANSI INDONESIA UTAMA, PT;REASURANSI INDONESIA UTAMA, PT;0;0.085;;0;0;0;0.085;0;1;01/01/2025;31/12/2025;2025MOTOR VEHICLE;2025MOTOR VEHICLEREASURANSI INDONESIA UTAMA, PT
2025;2;20252;MOTOR VEHICLE;REASURANSI NASIONAL INDONESIA, PT;REASURANSI NASIONAL INDONESIA, PT;0;0.1;;0;0;0;0.1;0;1;01/01/2025;31/12/2025;2025MOTOR VEHICLE;2025MOTOR VEHICLEREASURANSI NASIONAL INDONESIA, PT
2025;2;20252;MOTOR VEHICLE;REASURANSI NUSANTARA MAKMUR, PT;REASURANSI NUSANTARA MAKMUR, PT;0;0.035;;0;0;0;0.035;0;1;01/01/2025;31/12/2025;2025MOTOR VEHICLE;2025MOTOR VEHICLEREASURANSI NUSANTARA MAKMUR, PT
2025;2;20252;MOTOR VEHICLE;TUGU REASURANSI, PT;TUGU REASURANSI, PT;0;0.11;;0;0;0;0.11;0;1;01/01/2025;31/12/2025;2025MOTOR VEHICLE;2025MOTOR VEHICLETUGU REASURANSI, PT
2025;BDN;2025BDN;SKBDN / LC;IBS REINSURANCE BROKERS, PT;Best Meridian Insurance Company;0;0.525;;0;0;0;0.25;0;0.476190476;01/01/2025;31/12/2025;2025SKBDN / LC;2025SKBDN / LCIBS REINSURANCE BROKERS, PT
2025;BDN;2025BDN;SKBDN / LC;IBS REINSURANCE BROKERS, PT;Odyssey Reinsurance Company;0;0.525;;0;0;0;0.15;0;0.285714286;01/01/2025;31/12/2025;2025SKBDN / LC;2025SKBDN / LCIBS REINSURANCE BROKERS, PT
2025;BDN;2025BDN;SKBDN / LC;IBS REINSURANCE BROKERS, PT;PVI Insurance Corporation;0;0.525;;0;0;0;0.125;0;0.238095238;01/01/2025;31/12/2025;2025SKBDN / LC;2025SKBDN / LCIBS REINSURANCE BROKERS, PT
2025;BDN;2025BDN;SKBDN / LC;MASKAPAI REASURANSI INDONESIA, PT;MASKAPAI REASURANSI INDONESIA, PT;0;0.07;;0;0;0;0.07;0;1;01/01/2025;31/12/2025;2025SKBDN / LC;2025SKBDN / LCMASKAPAI REASURANSI INDONESIA, PT
2025;BDN;2025BDN;SKBDN / LC;REASURANSI INDONESIA UTAMA, PT;REASURANSI INDONESIA UTAMA, PT;0;0.085;;0;0;0;0.085;0;1;01/01/2025;31/12/2025;2025SKBDN / LC;2025SKBDN / LCREASURANSI INDONESIA UTAMA, PT
2025;BDN;2025BDN;SKBDN / LC;REASURANSI NASIONAL INDONESIA, PT;REASURANSI NASIONAL INDONESIA, PT;0;0.085;;0;0;0;0.085;0;1;01/01/2025;31/12/2025;2025SKBDN / LC;2025SKBDN / LCREASURANSI NASIONAL INDONESIA, PT
2025;BDN;2025BDN;SKBDN / LC;REASURANSI NUSANTARA MAKMUR, PT;REASURANSI NUSANTARA MAKMUR, PT;0;0.035;;0;0;0;0.035;0;1;01/01/2025;31/12/2025;2025SKBDN / LC;2025SKBDN / LCREASURANSI NUSANTARA MAKMUR, PT
2025;BDN;2025BDN;SKBDN / LC;TUGU REASURANSI, PT;TUGU REASURANSI, PT;0;0.2;;0;0;0;0.2;0;1;01/01/2025;31/12/2025;2025SKBDN / LC;2025SKBDN / LCTUGU REASURANSI, PT
2025;SB;2025SB;SURETY BOND;IBS REINSURANCE BROKERS, PT;Best Meridian Insurance Company;0;0.525;;0;0;0;0.25;0;0.476190476;01/01/2025;31/12/2025;2025SURETY BOND;2025SURETY BONDIBS REINSURANCE BROKERS, PT
2025;SB;2025SB;SURETY BOND;IBS REINSURANCE BROKERS, PT;Odyssey Reinsurance Company;0;0.525;;0;0;0;0.15;0;0.285714286;01/01/2025;31/12/2025;2025SURETY BOND;2025SURETY BONDIBS REINSURANCE BROKERS, PT
2025;SB;2025SB;SURETY BOND;IBS REINSURANCE BROKERS, PT;PVI Insurance Corporation;0;0.525;;0;0;0;0.125;0;0.238095238;01/01/2025;31/12/2025;2025SURETY BOND;2025SURETY BONDIBS REINSURANCE BROKERS, PT
2025;SB;2025SB;SURETY BOND;MASKAPAI REASURANSI INDONESIA, PT;MASKAPAI REASURANSI INDONESIA, PT;0;0.07;;0;0;0;0.07;0;1;01/01/2025;31/12/2025;2025SURETY BOND;2025SURETY BONDMASKAPAI REASURANSI INDONESIA, PT
2025;SB;2025SB;SURETY BOND;REASURANSI INDONESIA UTAMA, PT;REASURANSI INDONESIA UTAMA, PT;0;0.085;;0;0;0;0.085;0;1;01/01/2025;31/12/2025;2025SURETY BOND;2025SURETY BONDREASURANSI INDONESIA UTAMA, PT
2025;SB;2025SB;SURETY BOND;REASURANSI NASIONAL INDONESIA, PT;REASURANSI NASIONAL INDONESIA, PT;0;0.085;;0;0;0;0.085;0;1;01/01/2025;31/12/2025;2025SURETY BOND;2025SURETY BONDREASURANSI NASIONAL INDONESIA, PT
2025;SB;2025SB;SURETY BOND;REASURANSI NUSANTARA MAKMUR, PT;REASURANSI NUSANTARA MAKMUR, PT;0;0.035;;0;0;0;0.035;0;1;01/01/2025;31/12/2025;2025SURETY BOND;2025SURETY BONDREASURANSI NUSANTARA MAKMUR, PT
2025;SB;2025SB;SURETY BOND;TUGU REASURANSI, PT;TUGU REASURANSI, PT;0;0.2;;0;0;0;0.2;0;1;01/01/2025;31/12/2025;2025SURETY BOND;2025SURETY BONDTUGU REASURANSI, PT
2025;TRC;2025TRC;TRADE CREDIT;IBS REINSURANCE BROKERS, PT;Best Meridian Insurance Company;0;0.525;;0;0;0;0.25;0;0.476190476;01/01/2025;31/12/2025;2025TRADE CREDIT;2025TRADE CREDITIBS REINSURANCE BROKERS, PT
2025;TRC;2025TRC;TRADE CREDIT;IBS REINSURANCE BROKERS, PT;Odyssey Reinsurance Company;0;0.525;;0;0;0;0.15;0;0.285714286;01/01/2025;31/12/2025;2025TRADE CREDIT;2025TRADE CREDITIBS REINSURANCE BROKERS, PT
2025;TRC;2025TRC;TRADE CREDIT;IBS REINSURANCE BROKERS, PT;PVI Insurance Corporation;0;0.525;;0;0;0;0.125;0;0.238095238;01/01/2025;31/12/2025;2025TRADE CREDIT;2025TRADE CREDITIBS REINSURANCE BROKERS, PT
2025;TRC;2025TRC;TRADE CREDIT;MASKAPAI REASURANSI INDONESIA, PT;MASKAPAI REASURANSI INDONESIA, PT;0;0.07;;0;0;0;0.07;0;1;01/01/2025;31/12/2025;2025TRADE CREDIT;2025TRADE CREDITMASKAPAI REASURANSI INDONESIA, PT
2025;TRC;2025TRC;TRADE CREDIT;REASURANSI INDONESIA UTAMA, PT;REASURANSI INDONESIA UTAMA, PT;0;0.085;;0;0;0;0.085;0;1;01/01/2025;31/12/2025;2025TRADE CREDIT;2025TRADE CREDITREASURANSI INDONESIA UTAMA, PT
2025;TRC;2025TRC;TRADE CREDIT;REASURANSI NASIONAL INDONESIA, PT;REASURANSI NASIONAL INDONESIA, PT;0;0.085;;0;0;0;0.085;0;1;01/01/2025;31/12/2025;2025TRADE CREDIT;2025TRADE CREDITREASURANSI NASIONAL INDONESIA, PT
2025;TRC;2025TRC;TRADE CREDIT;REASURANSI NUSANTARA MAKMUR, PT;REASURANSI NUSANTARA MAKMUR, PT;0;0.035;;0;0;0;0.035;0;1;01/01/2025;31/12/2025;2025TRADE CREDIT;2025TRADE CREDITREASURANSI NUSANTARA MAKMUR, PT
2025;TRC;2025TRC;TRADE CREDIT;TUGU REASURANSI, PT;TUGU REASURANSI, PT;0;0.2;;0;0;0;0.2;0;1;01/01/2025;31/12/2025;2025TRADE CREDIT;2025TRADE CREDITTUGU REASURANSI, PT
2026;0;20260;Asuransi Kredit;IBS REINSURANCE BROKERS, PT;Best Meridian Insurance Company;0;0.6;;0;0;0;0.3;0;0.5;01/01/2026;31/12/2026;0;0IBS REINSURANCE BROKERS, PT
2026;0;20260;Asuransi Kredit;IBS REINSURANCE BROKERS, PT;Odyssey Reinsurance Company;0;0.6;;0;0;0;0.1;0;0.166666667;01/01/2026;31/12/2026;0;0IBS REINSURANCE BROKERS, PT
2026;0;20260;Asuransi Kredit;IBS REINSURANCE BROKERS, PT;PVI Insurance Corporation;0;0.6;;0;0;0;0.2;0;0.333333333;01/01/2026;31/12/2026;0;0IBS REINSURANCE BROKERS, PT
2026;0;20260;Asuransi Kredit;MASKAPAI REASURANSI INDONESIA, PT;MASKAPAI REASURANSI INDONESIA, PT;0;0.05;;0;0;0;0.05;0;1;01/01/2026;31/12/2026;0;0MASKAPAI REASURANSI INDONESIA, PT
2026;0;20260;Asuransi Kredit;REASURANSI INDONESIA UTAMA, PT;REASURANSI INDONESIA UTAMA, PT;0;0.04;;0;0;0;0.04;0;1;01/01/2026;31/12/2026;0;0REASURANSI INDONESIA UTAMA, PT
2026;0;20260;Asuransi Kredit;REASURANSI NASIONAL INDONESIA, PT;REASURANSI NASIONAL INDONESIA, PT;0;0.085;;0;0;0;0.085;0;1;01/01/2026;31/12/2026;0;0REASURANSI NASIONAL INDONESIA, PT
2026;0;20260;Asuransi Kredit;REASURANSI NUSANTARA MAKMUR, PT;REASURANSI NUSANTARA MAKMUR, PT;0;0.025;;0;0;0;0.025;0;1;01/01/2026;31/12/2026;0;0REASURANSI NUSANTARA MAKMUR, PT
2026;0;20260;Asuransi Kredit;TUGU REASURANSI, PT;TUGU REASURANSI, PT;0;0.2;;0;0;0;0.2;0;1;01/01/2026;31/12/2026;0;0TUGU REASURANSI, PT
2026;0;20260;Asuransi Kredit (Sub Layer);IBS REINSURANCE BROKERS, PT;Best Meridian Insurance Company;0;1;;0;0;0;1;0;1;01/01/2026;31/12/2026;0;0IBS REINSURANCE BROKERS, PT
2026;0;20260;Aviation;IBS REINSURANCE BROKERS, PT;Canopius Reinsurance, Ltd.;0;0.7;;0;0;0;0.25;0;0.357142857;01/01/2026;31/12/2026;0;0IBS REINSURANCE BROKERS, PT
2026;0;20260;Aviation;IBS REINSURANCE BROKERS, PT;Odyssey Reinsurance Company;0;0.7;;0;0;0;0.1;0;0.142857143;01/01/2026;31/12/2026;0;0IBS REINSURANCE BROKERS, PT
2026;0;20260;Aviation;IBS REINSURANCE BROKERS, PT;Volante Re, UK (Synd 1699);0;0.7;;0;0;0;0.08;0;0.114285714;01/01/2026;31/12/2026;0;0IBS REINSURANCE BROKERS, PT
2026;0;20260;Aviation;IBS REINSURANCE BROKERS, PT;China Re;0;0.7;;0;0;0;0.0575;0;0.082142857;01/01/2026;31/12/2026;0;0IBS REINSURANCE BROKERS, PT
2026;0;20260;Aviation;IBS REINSURANCE BROKERS, PT;QBE Re, UK (Synd 510);0;0.7;;0;0;0;0.0675;0;0.096428571;01/01/2026;31/12/2026;0;0IBS REINSURANCE BROKERS, PT
2026;0;20260;Aviation;IBS REINSURANCE BROKERS, PT;Tokio Marine Kiln, Singapore;0;0.7;;0;0;0;0.0475;0;0.067857143;01/01/2026;31/12/2026;0;0IBS REINSURANCE BROKERS, PT
2026;0;20260;Aviation;IBS REINSURANCE BROKERS, PT;Tokio Marine HCC, UK;0;0.7;;0;0;0;0.0475;0;0.067857143;01/01/2026;31/12/2026;0;0IBS REINSURANCE BROKERS, PT
2026;0;20260;Aviation;IBS REINSURANCE BROKERS, PT;Chaucer Asia (Synd 1084);0;0.7;;0;0;0;0.05;0;0.071428571;01/01/2026;31/12/2026;0;0IBS REINSURANCE BROKERS, PT
2026;0;20260;Aviation;MASKAPAI REASURANSI INDONESIA, PT;MASKAPAI REASURANSI INDONESIA, PT;0;0.025;;0;0;0;0.025;0;1;01/01/2026;31/12/2026;0;0MASKAPAI REASURANSI INDONESIA, PT
2026;0;20260;Aviation;REASURANSI INDONESIA UTAMA, PT;REASURANSI INDONESIA UTAMA, PT;0;0.025;;0;0;0;0.025;0;1;01/01/2026;31/12/2026;0;0REASURANSI INDONESIA UTAMA, PT
2026;0;20260;Aviation;REASURANSI NASIONAL INDONESIA, PT;REASURANSI NASIONAL INDONESIA, PT;0;0.1;;0;0;0;0.1;0;1;01/01/2026;31/12/2026;0;0REASURANSI NASIONAL INDONESIA, PT
2026;0;20260;Aviation;REASURANSI NUSANTARA MAKMUR, PT;REASURANSI NUSANTARA MAKMUR, PT;0;0.025;;0;0;0;0.025;0;1;01/01/2026;31/12/2026;0;0REASURANSI NUSANTARA MAKMUR, PT
2026;0;20260;Aviation;TUGU REASURANSI, PT;TUGU REASURANSI, PT;0;0.125;;0;0;0;0.125;0;1;01/01/2026;31/12/2026;0;0TUGU REASURANSI, PT
2026;0;20260;Custom Bond;IBS REINSURANCE BROKERS, PT;Best Meridian Insurance Company;0;0.6;;0;0;0;0.3;0;0.5;01/01/2026;31/12/2026;0;0IBS REINSURANCE BROKERS, PT
2026;0;20260;Custom Bond;IBS REINSURANCE BROKERS, PT;Odyssey Reinsurance Company;0;0.6;;0;0;0;0.1;0;0.166666667;01/01/2026;31/12/2026;0;0IBS REINSURANCE BROKERS, PT
2026;0;20260;Custom Bond;IBS REINSURANCE BROKERS, PT;PVI Insurance Corporation;0;0.6;;0;0;0;0.2;0;0.333333333;01/01/2026;31/12/2026;0;0IBS REINSURANCE BROKERS, PT
2026;0;20260;Custom Bond;MASKAPAI REASURANSI INDONESIA, PT;MASKAPAI REASURANSI INDONESIA, PT;0;0.05;;0;0;0;0.05;0;1;01/01/2026;31/12/2026;0;0MASKAPAI REASURANSI INDONESIA, PT
2026;0;20260;Custom Bond;REASURANSI INDONESIA UTAMA, PT;REASURANSI INDONESIA UTAMA, PT;0;0.04;;0;0;0;0.04;0;1;01/01/2026;31/12/2026;0;0REASURANSI INDONESIA UTAMA, PT
2026;0;20260;Custom Bond;REASURANSI NASIONAL INDONESIA, PT;REASURANSI NASIONAL INDONESIA, PT;0;0.085;;0;0;0;0.085;0;1;01/01/2026;31/12/2026;0;0REASURANSI NASIONAL INDONESIA, PT
2026;0;20260;Custom Bond;REASURANSI NUSANTARA MAKMUR, PT;REASURANSI NUSANTARA MAKMUR, PT;0;0.025;;0;0;0;0.025;0;1;01/01/2026;31/12/2026;0;0REASURANSI NUSANTARA MAKMUR, PT
2026;0;20260;Custom Bond;TUGU REASURANSI, PT;TUGU REASURANSI, PT;0;0.2;;0;0;0;0.2;0;1;01/01/2026;31/12/2026;0;0TUGU REASURANSI, PT
2026;0;20260;Custom Bond (Sub Layer);IBS REINSURANCE BROKERS, PT;Best Meridian Insurance Company;0;1;;0;0;0;1;0;1;01/01/2026;31/12/2026;0;0IBS REINSURANCE BROKERS, PT
2026;0;20260;Engineering;IBS REINSURANCE BROKERS, PT;Aspen Insurance Holdings, Ltd.;0;0.7;;0;0;0;0.2;0;0.285714286;01/01/2026;31/12/2026;0;0IBS REINSURANCE BROKERS, PT
2026;0;20260;Engineering;IBS REINSURANCE BROKERS, PT;Canopius Reinsurance, Ltd.;0;0.7;;0;0;0;0.15;0;0.214285714;01/01/2026;31/12/2026;0;0IBS REINSURANCE BROKERS, PT
2026;0;20260;Engineering;IBS REINSURANCE BROKERS, PT;Best Meridian Insurance Company;0;0.7;;0;0;0;0.2;0;0.285714286;01/01/2026;31/12/2026;0;0IBS REINSURANCE BROKERS, PT
2026;0;20260;Engineering;IBS REINSURANCE BROKERS, PT;Odyssey Reinsurance Company;0;0.7;;0;0;0;0.1;0;0.142857143;01/01/2026;31/12/2026;0;0IBS REINSURANCE BROKERS, PT
2026;0;20260;Engineering;IBS REINSURANCE BROKERS, PT;Saudi Reinsurance Company;0;0.7;;0;0;0;0.025;0;0.035714286;01/01/2026;31/12/2026;0;0IBS REINSURANCE BROKERS, PT
2026;0;20260;Engineering;IBS REINSURANCE BROKERS, PT;Hannover Rück SE;0;0.7;;0;0;0;0.025;0;0.035714286;01/01/2026;31/12/2026;0;0IBS REINSURANCE BROKERS, PT
2026;0;20260;Engineering;MASKAPAI REASURANSI INDONESIA, PT;MASKAPAI REASURANSI INDONESIA, PT;0;0.025;;0;0;0;0.025;0;1;01/01/2026;31/12/2026;0;0MASKAPAI REASURANSI INDONESIA, PT
2026;0;20260;Engineering;REASURANSI INDONESIA UTAMA, PT;REASURANSI INDONESIA UTAMA, PT;0;0.025;;0;0;0;0.025;0;1;01/01/2026;31/12/2026;0;0REASURANSI INDONESIA UTAMA, PT
2026;0;20260;Engineering;REASURANSI NASIONAL INDONESIA, PT;REASURANSI NASIONAL INDONESIA, PT;0;0.1;;0;0;0;0.1;0;1;01/01/2026;31/12/2026;0;0REASURANSI NASIONAL INDONESIA, PT
2026;0;20260;Engineering;REASURANSI NUSANTARA MAKMUR, PT;REASURANSI NUSANTARA MAKMUR, PT;0;0.025;;0;0;0;0.025;0;1;01/01/2026;31/12/2026;0;0REASURANSI NUSANTARA MAKMUR, PT
2026;0;20260;Engineering;TUGU REASURANSI, PT;TUGU REASURANSI, PT;0;0.125;;0;0;0;0.125;0;1;01/01/2026;31/12/2026;0;0TUGU REASURANSI, PT
2026;0;20260;Fire;IBS REINSURANCE BROKERS, PT;Aspen Insurance Holdings, Ltd.;0;0.7;;0;0;0;0.2;0;0.285714286;01/01/2026;31/12/2026;0;0IBS REINSURANCE BROKERS, PT
2026;0;20260;Fire;IBS REINSURANCE BROKERS, PT;Canopius Reinsurance, Ltd.;0;0.7;;0;0;0;0.15;0;0.214285714;01/01/2026;31/12/2026;0;0IBS REINSURANCE BROKERS, PT
2026;0;20260;Fire;IBS REINSURANCE BROKERS, PT;Best Meridian Insurance Company;0;0.7;;0;0;0;0.2;0;0.285714286;01/01/2026;31/12/2026;0;0IBS REINSURANCE BROKERS, PT
2026;0;20260;Fire;IBS REINSURANCE BROKERS, PT;Odyssey Reinsurance Company;0;0.7;;0;0;0;0.1;0;0.142857143;01/01/2026;31/12/2026;0;0IBS REINSURANCE BROKERS, PT
2026;0;20260;Fire;IBS REINSURANCE BROKERS, PT;Saudi Reinsurance Company;0;0.7;;0;0;0;0.025;0;0.035714286;01/01/2026;31/12/2026;0;0IBS REINSURANCE BROKERS, PT
2026;0;20260;Fire;IBS REINSURANCE BROKERS, PT;Hannover Rück SE;0;0.7;;0;0;0;0.025;0;0.035714286;01/01/2026;31/12/2026;0;0IBS REINSURANCE BROKERS, PT
2026;0;20260;Fire;MASKAPAI REASURANSI INDONESIA, PT;MASKAPAI REASURANSI INDONESIA, PT;0;0.025;;0;0;0;0.025;0;1;01/01/2026;31/12/2026;0;0MASKAPAI REASURANSI INDONESIA, PT
2026;0;20260;Fire;REASURANSI INDONESIA UTAMA, PT;REASURANSI INDONESIA UTAMA, PT;0;0.025;;0;0;0;0.025;0;1;01/01/2026;31/12/2026;0;0REASURANSI INDONESIA UTAMA, PT
2026;0;20260;Fire;REASURANSI NASIONAL INDONESIA, PT;REASURANSI NASIONAL INDONESIA, PT;0;0.1;;0;0;0;0.1;0;1;01/01/2026;31/12/2026;0;0REASURANSI NASIONAL INDONESIA, PT
2026;0;20260;Fire;REASURANSI NUSANTARA MAKMUR, PT;REASURANSI NUSANTARA MAKMUR, PT;0;0.025;;0;0;0;0.025;0;1;01/01/2026;31/12/2026;0;0REASURANSI NUSANTARA MAKMUR, PT
2026;0;20260;Fire;TUGU REASURANSI, PT;TUGU REASURANSI, PT;0;0.125;;0;0;0;0.125;0;1;01/01/2026;31/12/2026;0;0TUGU REASURANSI, PT
2026;0;20260;General Accident;IBS REINSURANCE BROKERS, PT;Aspen Insurance Holdings, Ltd.;0;0.7;;0;0;0;0.2;0;0.285714286;01/01/2026;31/12/2026;0;0IBS REINSURANCE BROKERS, PT
2026;0;20260;General Accident;IBS REINSURANCE BROKERS, PT;Canopius Reinsurance, Ltd.;0;0.7;;0;0;0;0.15;0;0.214285714;01/01/2026;31/12/2026;0;0IBS REINSURANCE BROKERS, PT
2026;0;20260;General Accident;IBS REINSURANCE BROKERS, PT;Best Meridian Insurance Company;0;0.7;;0;0;0;0.2;0;0.285714286;01/01/2026;31/12/2026;0;0IBS REINSURANCE BROKERS, PT
2026;0;20260;General Accident;IBS REINSURANCE BROKERS, PT;Odyssey Reinsurance Company;0;0.7;;0;0;0;0.1;0;0.142857143;01/01/2026;31/12/2026;0;0IBS REINSURANCE BROKERS, PT
2026;0;20260;General Accident;IBS REINSURANCE BROKERS, PT;Saudi Reinsurance Company;0;0.7;;0;0;0;0.025;0;0.035714286;01/01/2026;31/12/2026;0;0IBS REINSURANCE BROKERS, PT
2026;0;20260;General Accident;IBS REINSURANCE BROKERS, PT;Hannover Rück SE;0;0.7;;0;0;0;0.025;0;0.035714286;01/01/2026;31/12/2026;0;0IBS REINSURANCE BROKERS, PT
2026;0;20260;General Accident;MASKAPAI REASURANSI INDONESIA, PT;MASKAPAI REASURANSI INDONESIA, PT;0;0.025;;0;0;0;0.025;0;1;01/01/2026;31/12/2026;0;0MASKAPAI REASURANSI INDONESIA, PT
2026;0;20260;General Accident;REASURANSI INDONESIA UTAMA, PT;REASURANSI INDONESIA UTAMA, PT;0;0.025;;0;0;0;0.025;0;1;01/01/2026;31/12/2026;0;0REASURANSI INDONESIA UTAMA, PT
2026;0;20260;General Accident;REASURANSI NASIONAL INDONESIA, PT;REASURANSI NASIONAL INDONESIA, PT;0;0.1;;0;0;0;0.1;0;1;01/01/2026;31/12/2026;0;0REASURANSI NASIONAL INDONESIA, PT
2026;0;20260;General Accident;REASURANSI NUSANTARA MAKMUR, PT;REASURANSI NUSANTARA MAKMUR, PT;0;0.025;;0;0;0;0.025;0;1;01/01/2026;31/12/2026;0;0REASURANSI NUSANTARA MAKMUR, PT
2026;0;20260;General Accident;TUGU REASURANSI, PT;TUGU REASURANSI, PT;0;0.125;;0;0;0;0.125;0;1;01/01/2026;31/12/2026;0;0TUGU REASURANSI, PT
2026;0;20260;Heavy Equipment;IBS REINSURANCE BROKERS, PT;Aspen Insurance Holdings, Ltd.;0;0.7;;0;0;0;0.2;0;0.285714286;01/01/2026;31/12/2026;0;0IBS REINSURANCE BROKERS, PT
2026;0;20260;Heavy Equipment;IBS REINSURANCE BROKERS, PT;Canopius Reinsurance, Ltd.;0;0.7;;0;0;0;0.15;0;0.214285714;01/01/2026;31/12/2026;0;0IBS REINSURANCE BROKERS, PT
2026;0;20260;Heavy Equipment;IBS REINSURANCE BROKERS, PT;Best Meridian Insurance Company;0;0.7;;0;0;0;0.2;0;0.285714286;01/01/2026;31/12/2026;0;0IBS REINSURANCE BROKERS, PT
2026;0;20260;Heavy Equipment;IBS REINSURANCE BROKERS, PT;Odyssey Reinsurance Company;0;0.7;;0;0;0;0.1;0;0.142857143;01/01/2026;31/12/2026;0;0IBS REINSURANCE BROKERS, PT
2026;0;20260;Heavy Equipment;IBS REINSURANCE BROKERS, PT;Saudi Reinsurance Company;0;0.7;;0;0;0;0.025;0;0.035714286;01/01/2026;31/12/2026;0;0IBS REINSURANCE BROKERS, PT
2026;0;20260;Heavy Equipment;IBS REINSURANCE BROKERS, PT;Hannover Rück SE;0;0.7;;0;0;0;0.025;0;0.035714286;01/01/2026;31/12/2026;0;0IBS REINSURANCE BROKERS, PT
2026;0;20260;Heavy Equipment;MASKAPAI REASURANSI INDONESIA, PT;MASKAPAI REASURANSI INDONESIA, PT;0;0.025;;0;0;0;0.025;0;1;01/01/2026;31/12/2026;0;0MASKAPAI REASURANSI INDONESIA, PT
2026;0;20260;Heavy Equipment;REASURANSI INDONESIA UTAMA, PT;REASURANSI INDONESIA UTAMA, PT;0;0.025;;0;0;0;0.025;0;1;01/01/2026;31/12/2026;0;0REASURANSI INDONESIA UTAMA, PT
2026;0;20260;Heavy Equipment;REASURANSI NASIONAL INDONESIA, PT;REASURANSI NASIONAL INDONESIA, PT;0;0.1;;0;0;0;0.1;0;1;01/01/2026;31/12/2026;0;0REASURANSI NASIONAL INDONESIA, PT
2026;0;20260;Heavy Equipment;REASURANSI NUSANTARA MAKMUR, PT;REASURANSI NUSANTARA MAKMUR, PT;0;0.025;;0;0;0;0.025;0;1;01/01/2026;31/12/2026;0;0REASURANSI NUSANTARA MAKMUR, PT
2026;0;20260;Heavy Equipment;TUGU REASURANSI, PT;TUGU REASURANSI, PT;0;0.125;;0;0;0;0.125;0;1;01/01/2026;31/12/2026;0;0TUGU REASURANSI, PT
2026;0;20260;LC / SKBDN;IBS REINSURANCE BROKERS, PT;Best Meridian Insurance Company;0;0.6;;0;0;0;0.3;0;0.5;01/01/2026;31/12/2026;0;0IBS REINSURANCE BROKERS, PT
2026;0;20260;LC / SKBDN;IBS REINSURANCE BROKERS, PT;Odyssey Reinsurance Company;0;0.6;;0;0;0;0.1;0;0.166666667;01/01/2026;31/12/2026;0;0IBS REINSURANCE BROKERS, PT
2026;0;20260;LC / SKBDN;IBS REINSURANCE BROKERS, PT;PVI Insurance Corporation;0;0.6;;0;0;0;0.2;0;0.333333333;01/01/2026;31/12/2026;0;0IBS REINSURANCE BROKERS, PT
2026;0;20260;LC / SKBDN;MASKAPAI REASURANSI INDONESIA, PT;MASKAPAI REASURANSI INDONESIA, PT;0;0.05;;0;0;0;0.05;0;1;01/01/2026;31/12/2026;0;0MASKAPAI REASURANSI INDONESIA, PT
2026;0;20260;LC / SKBDN;REASURANSI INDONESIA UTAMA, PT;REASURANSI INDONESIA UTAMA, PT;0;0.04;;0;0;0;0.04;0;1;01/01/2026;31/12/2026;0;0REASURANSI INDONESIA UTAMA, PT
2026;0;20260;LC / SKBDN;REASURANSI NASIONAL INDONESIA, PT;REASURANSI NASIONAL INDONESIA, PT;0;0.085;;0;0;0;0.085;0;1;01/01/2026;31/12/2026;0;0REASURANSI NASIONAL INDONESIA, PT
2026;0;20260;LC / SKBDN;REASURANSI NUSANTARA MAKMUR, PT;REASURANSI NUSANTARA MAKMUR, PT;0;0.025;;0;0;0;0.025;0;1;01/01/2026;31/12/2026;0;0REASURANSI NUSANTARA MAKMUR, PT
2026;0;20260;LC / SKBDN;TUGU REASURANSI, PT;TUGU REASURANSI, PT;0;0.2;;0;0;0;0.2;0;1;01/01/2026;31/12/2026;0;0TUGU REASURANSI, PT
2026;0;20260;LC / SKBDN (Sub Layer);IBS REINSURANCE BROKERS, PT;Best Meridian Insurance Company;0;1;;0;0;0;1;0;1;01/01/2026;31/12/2026;0;0IBS REINSURANCE BROKERS, PT
2026;0;20260;Marine Cargo;IBS REINSURANCE BROKERS, PT;Canopius Reinsurance, Ltd.;0;0.7;;0;0;0;0.25;0;0.357142857;01/01/2026;31/12/2026;0;0IBS REINSURANCE BROKERS, PT
2026;0;20260;Marine Cargo;IBS REINSURANCE BROKERS, PT;Odyssey Reinsurance Company;0;0.7;;0;0;0;0.1;0;0.142857143;01/01/2026;31/12/2026;0;0IBS REINSURANCE BROKERS, PT
2026;0;20260;Marine Cargo;IBS REINSURANCE BROKERS, PT;Volante Re, UK (Synd 1699);0;0.7;;0;0;0;0.08;0;0.114285714;01/01/2026;31/12/2026;0;0IBS REINSURANCE BROKERS, PT
2026;0;20260;Marine Cargo;IBS REINSURANCE BROKERS, PT;China Re;0;0.7;;0;0;0;0.0575;0;0.082142857;01/01/2026;31/12/2026;0;0IBS REINSURANCE BROKERS, PT
2026;0;20260;Marine Cargo;IBS REINSURANCE BROKERS, PT;QBE Re, UK (Synd 510);0;0.7;;0;0;0;0.0675;0;0.096428571;01/01/2026;31/12/2026;0;0IBS REINSURANCE BROKERS, PT
2026;0;20260;Marine Cargo;IBS REINSURANCE BROKERS, PT;Tokio Marine Kiln, Singapore;0;0.7;;0;0;0;0.0475;0;0.067857143;01/01/2026;31/12/2026;0;0IBS REINSURANCE BROKERS, PT
2026;0;20260;Marine Cargo;IBS REINSURANCE BROKERS, PT;Tokio Marine HCC, UK;0;0.7;;0;0;0;0.0475;0;0.067857143;01/01/2026;31/12/2026;0;0IBS REINSURANCE BROKERS, PT
2026;0;20260;Marine Cargo;IBS REINSURANCE BROKERS, PT;Chaucer Asia (Synd 1084);0;0.7;;0;0;0;0.05;0;0.071428571;01/01/2026;31/12/2026;0;0IBS REINSURANCE BROKERS, PT
2026;0;20260;Marine Cargo;MASKAPAI REASURANSI INDONESIA, PT;MASKAPAI REASURANSI INDONESIA, PT;0;0.025;;0;0;0;0.025;0;1;01/01/2026;31/12/2026;0;0MASKAPAI REASURANSI INDONESIA, PT
2026;0;20260;Marine Cargo;REASURANSI INDONESIA UTAMA, PT;REASURANSI INDONESIA UTAMA, PT;0;0.025;;0;0;0;0.025;0;1;01/01/2026;31/12/2026;0;0REASURANSI INDONESIA UTAMA, PT
2026;0;20260;Marine Cargo;REASURANSI NASIONAL INDONESIA, PT;REASURANSI NASIONAL INDONESIA, PT;0;0.1;;0;0;0;0.1;0;1;01/01/2026;31/12/2026;0;0REASURANSI NASIONAL INDONESIA, PT
2026;0;20260;Marine Cargo;REASURANSI NUSANTARA MAKMUR, PT;REASURANSI NUSANTARA MAKMUR, PT;0;0.025;;0;0;0;0.025;0;1;01/01/2026;31/12/2026;0;0REASURANSI NUSANTARA MAKMUR, PT
2026;0;20260;Marine Cargo;TUGU REASURANSI, PT;TUGU REASURANSI, PT;0;0.125;;0;0;0;0.125;0;1;01/01/2026;31/12/2026;0;0TUGU REASURANSI, PT
2026;0;20260;Marine Hull;IBS REINSURANCE BROKERS, PT;Canopius Reinsurance, Ltd.;0;0.7;;0;0;0;0.25;0;0.357142857;01/01/2026;31/12/2026;0;0IBS REINSURANCE BROKERS, PT
2026;0;20260;Marine Hull;IBS REINSURANCE BROKERS, PT;Odyssey Reinsurance Company;0;0.7;;0;0;0;0.1;0;0.142857143;01/01/2026;31/12/2026;0;0IBS REINSURANCE BROKERS, PT
2026;0;20260;Marine Hull;IBS REINSURANCE BROKERS, PT;Volante Re, UK (Synd 1699);0;0.7;;0;0;0;0.08;0;0.114285714;01/01/2026;31/12/2026;0;0IBS REINSURANCE BROKERS, PT
2026;0;20260;Marine Hull;IBS REINSURANCE BROKERS, PT;China Re;0;0.7;;0;0;0;0.0575;0;0.082142857;01/01/2026;31/12/2026;0;0IBS REINSURANCE BROKERS, PT
2026;0;20260;Marine Hull;IBS REINSURANCE BROKERS, PT;QBE Re, UK (Synd 510);0;0.7;;0;0;0;0.0675;0;0.096428571;01/01/2026;31/12/2026;0;0IBS REINSURANCE BROKERS, PT
2026;0;20260;Marine Hull;IBS REINSURANCE BROKERS, PT;Tokio Marine Kiln, Singapore;0;0.7;;0;0;0;0.0475;0;0.067857143;01/01/2026;31/12/2026;0;0IBS REINSURANCE BROKERS, PT
2026;0;20260;Marine Hull;IBS REINSURANCE BROKERS, PT;Tokio Marine HCC, UK;0;0.7;;0;0;0;0.0475;0;0.067857143;01/01/2026;31/12/2026;0;0IBS REINSURANCE BROKERS, PT
2026;0;20260;Marine Hull;IBS REINSURANCE BROKERS, PT;Chaucer Asia (Synd 1084);0;0.7;;0;0;0;0.05;0;0.071428571;01/01/2026;31/12/2026;0;0IBS REINSURANCE BROKERS, PT
2026;0;20260;Marine Hull;MASKAPAI REASURANSI INDONESIA, PT;MASKAPAI REASURANSI INDONESIA, PT;0;0.025;;0;0;0;0.025;0;1;01/01/2026;31/12/2026;0;0MASKAPAI REASURANSI INDONESIA, PT
2026;0;20260;Marine Hull;REASURANSI INDONESIA UTAMA, PT;REASURANSI INDONESIA UTAMA, PT;0;0.025;;0;0;0;0.025;0;1;01/01/2026;31/12/2026;0;0REASURANSI INDONESIA UTAMA, PT
2026;0;20260;Marine Hull;REASURANSI NASIONAL INDONESIA, PT;REASURANSI NASIONAL INDONESIA, PT;0;0.1;;0;0;0;0.1;0;1;01/01/2026;31/12/2026;0;0REASURANSI NASIONAL INDONESIA, PT
2026;0;20260;Marine Hull;REASURANSI NUSANTARA MAKMUR, PT;REASURANSI NUSANTARA MAKMUR, PT;0;0.025;;0;0;0;0.025;0;1;01/01/2026;31/12/2026;0;0REASURANSI NUSANTARA MAKMUR, PT
2026;0;20260;Marine Hull;TUGU REASURANSI, PT;TUGU REASURANSI, PT;0;0.125;;0;0;0;0.125;0;1;01/01/2026;31/12/2026;0;0TUGU REASURANSI, PT
2026;0;20260;Motor Vehicle;IBS REINSURANCE BROKERS, PT;Aspen Insurance Holdings, Ltd.;0;0.7;;0;0;0;0.2;0;0.285714286;01/01/2026;31/12/2026;0;0IBS REINSURANCE BROKERS, PT
2026;0;20260;Motor Vehicle;IBS REINSURANCE BROKERS, PT;Canopius Reinsurance, Ltd.;0;0.7;;0;0;0;0.15;0;0.214285714;01/01/2026;31/12/2026;0;0IBS REINSURANCE BROKERS, PT
2026;0;20260;Motor Vehicle;IBS REINSURANCE BROKERS, PT;Best Meridian Insurance Company;0;0.7;;0;0;0;0.2;0;0.285714286;01/01/2026;31/12/2026;0;0IBS REINSURANCE BROKERS, PT
2026;0;20260;Motor Vehicle;IBS REINSURANCE BROKERS, PT;Odyssey Reinsurance Company;0;0.7;;0;0;0;0.1;0;0.142857143;01/01/2026;31/12/2026;0;0IBS REINSURANCE BROKERS, PT
2026;0;20260;Motor Vehicle;IBS REINSURANCE BROKERS, PT;Saudi Reinsurance Company;0;0.7;;0;0;0;0.025;0;0.035714286;01/01/2026;31/12/2026;0;0IBS REINSURANCE BROKERS, PT
2026;0;20260;Motor Vehicle;IBS REINSURANCE BROKERS, PT;Hannover Rück SE;0;0.7;;0;0;0;0.025;0;0.035714286;01/01/2026;31/12/2026;0;0IBS REINSURANCE BROKERS, PT
2026;0;20260;Motor Vehicle;MASKAPAI REASURANSI INDONESIA, PT;MASKAPAI REASURANSI INDONESIA, PT;0;0.025;;0;0;0;0.025;0;1;01/01/2026;31/12/2026;0;0MASKAPAI REASURANSI INDONESIA, PT
2026;0;20260;Motor Vehicle;REASURANSI INDONESIA UTAMA, PT;REASURANSI INDONESIA UTAMA, PT;0;0.025;;0;0;0;0.025;0;1;01/01/2026;31/12/2026;0;0REASURANSI INDONESIA UTAMA, PT
2026;0;20260;Motor Vehicle;REASURANSI NASIONAL INDONESIA, PT;REASURANSI NASIONAL INDONESIA, PT;0;0.1;;0;0;0;0.1;0;1;01/01/2026;31/12/2026;0;0REASURANSI NASIONAL INDONESIA, PT
2026;0;20260;Motor Vehicle;REASURANSI NUSANTARA MAKMUR, PT;REASURANSI NUSANTARA MAKMUR, PT;0;0.025;;0;0;0;0.025;0;1;01/01/2026;31/12/2026;0;0REASURANSI NUSANTARA MAKMUR, PT
2026;0;20260;Motor Vehicle;TUGU REASURANSI, PT;TUGU REASURANSI, PT;0;0.125;;0;0;0;0.125;0;1;01/01/2026;31/12/2026;0;0TUGU REASURANSI, PT
2026;0;20260;Oil & Gas;IBS REINSURANCE BROKERS, PT;Canopius Reinsurance, Ltd.;0;0.7;;0;0;0;0.25;0;0.357142857;01/01/2026;31/12/2026;0;0IBS REINSURANCE BROKERS, PT
2026;0;20260;Oil & Gas;IBS REINSURANCE BROKERS, PT;Odyssey Reinsurance Company;0;0.7;;0;0;0;0.1;0;0.142857143;01/01/2026;31/12/2026;0;0IBS REINSURANCE BROKERS, PT
2026;0;20260;Oil & Gas;IBS REINSURANCE BROKERS, PT;Volante Re, UK (Synd 1699);0;0.7;;0;0;0;0.08;0;0.114285714;01/01/2026;31/12/2026;0;0IBS REINSURANCE BROKERS, PT
2026;0;20260;Oil & Gas;IBS REINSURANCE BROKERS, PT;China Re;0;0.7;;0;0;0;0.0575;0;0.082142857;01/01/2026;31/12/2026;0;0IBS REINSURANCE BROKERS, PT
2026;0;20260;Oil & Gas;IBS REINSURANCE BROKERS, PT;QBE Re, UK (Synd 510);0;0.7;;0;0;0;0.0675;0;0.096428571;01/01/2026;31/12/2026;0;0IBS REINSURANCE BROKERS, PT
2026;0;20260;Oil & Gas;IBS REINSURANCE BROKERS, PT;Tokio Marine Kiln, Singapore;0;0.7;;0;0;0;0.0475;0;0.067857143;01/01/2026;31/12/2026;0;0IBS REINSURANCE BROKERS, PT
2026;0;20260;Oil & Gas;IBS REINSURANCE BROKERS, PT;Tokio Marine HCC, UK;0;0.7;;0;0;0;0.0475;0;0.067857143;01/01/2026;31/12/2026;0;0IBS REINSURANCE BROKERS, PT
2026;0;20260;Oil & Gas;IBS REINSURANCE BROKERS, PT;Chaucer Asia (Synd 1084);0;0.7;;0;0;0;0.05;0;0.071428571;01/01/2026;31/12/2026;0;0IBS REINSURANCE BROKERS, PT
2026;0;20260;Oil & Gas;MASKAPAI REASURANSI INDONESIA, PT;MASKAPAI REASURANSI INDONESIA, PT;0;0.025;;0;0;0;0.025;0;1;01/01/2026;31/12/2026;0;0MASKAPAI REASURANSI INDONESIA, PT
2026;0;20260;Oil & Gas;REASURANSI INDONESIA UTAMA, PT;REASURANSI INDONESIA UTAMA, PT;0;0.025;;0;0;0;0.025;0;1;01/01/2026;31/12/2026;0;0REASURANSI INDONESIA UTAMA, PT
2026;0;20260;Oil & Gas;REASURANSI NASIONAL INDONESIA, PT;REASURANSI NASIONAL INDONESIA, PT;0;0.1;;0;0;0;0.1;0;1;01/01/2026;31/12/2026;0;0REASURANSI NASIONAL INDONESIA, PT
2026;0;20260;Oil & Gas;REASURANSI NUSANTARA MAKMUR, PT;REASURANSI NUSANTARA MAKMUR, PT;0;0.025;;0;0;0;0.025;0;1;01/01/2026;31/12/2026;0;0REASURANSI NUSANTARA MAKMUR, PT
2026;0;20260;Oil & Gas;TUGU REASURANSI, PT;TUGU REASURANSI, PT;0;0.125;;0;0;0;0.125;0;1;01/01/2026;31/12/2026;0;0TUGU REASURANSI, PT
2026;0;20260;Surety Bond dan Kontra Bank Garansi;IBS REINSURANCE BROKERS, PT;Best Meridian Insurance Company;0;0.6;;0;0;0;0.3;0;0.5;01/01/2026;31/12/2026;0;0IBS REINSURANCE BROKERS, PT
2026;0;20260;Surety Bond dan Kontra Bank Garansi;IBS REINSURANCE BROKERS, PT;Odyssey Reinsurance Company;0;0.6;;0;0;0;0.1;0;0.166666667;01/01/2026;31/12/2026;0;0IBS REINSURANCE BROKERS, PT
2026;0;20260;Surety Bond dan Kontra Bank Garansi;IBS REINSURANCE BROKERS, PT;PVI Insurance Corporation;0;0.6;;0;0;0;0.2;0;0.333333333;01/01/2026;31/12/2026;0;0IBS REINSURANCE BROKERS, PT
2026;0;20260;Surety Bond dan Kontra Bank Garansi;MASKAPAI REASURANSI INDONESIA, PT;MASKAPAI REASURANSI INDONESIA, PT;0;0.05;;0;0;0;0.05;0;1;01/01/2026;31/12/2026;0;0MASKAPAI REASURANSI INDONESIA, PT
2026;0;20260;Surety Bond dan Kontra Bank Garansi;REASURANSI INDONESIA UTAMA, PT;REASURANSI INDONESIA UTAMA, PT;0;0.04;;0;0;0;0.04;0;1;01/01/2026;31/12/2026;0;0REASURANSI INDONESIA UTAMA, PT
2026;0;20260;Surety Bond dan Kontra Bank Garansi;REASURANSI NASIONAL INDONESIA, PT;REASURANSI NASIONAL INDONESIA, PT;0;0.085;;0;0;0;0.085;0;1;01/01/2026;31/12/2026;0;0REASURANSI NASIONAL INDONESIA, PT
2026;0;20260;Surety Bond dan Kontra Bank Garansi;REASURANSI NUSANTARA MAKMUR, PT;REASURANSI NUSANTARA MAKMUR, PT;0;0.025;;0;0;0;0.025;0;1;01/01/2026;31/12/2026;0;0REASURANSI NUSANTARA MAKMUR, PT
2026;0;20260;Surety Bond dan Kontra Bank Garansi;TUGU REASURANSI, PT;TUGU REASURANSI, PT;0;0.2;;0;0;0;0.2;0;1;01/01/2026;31/12/2026;0;0TUGU REASURANSI, PT
2026;0;20260;Surety Bond dan Kontra Bank Garansi (Sub Layer);IBS REINSURANCE BROKERS, PT;Best Meridian Insurance Company;0;1;;0;0;0;1;0;1;01/01/2026;31/12/2026;0;0IBS REINSURANCE BROKERS, PT
2026;0;20260;Trade Credit;IBS REINSURANCE BROKERS, PT;Best Meridian Insurance Company;0;0.6;;0;0;0;0.3;0;0.5;01/01/2026;31/12/2026;0;0IBS REINSURANCE BROKERS, PT
2026;0;20260;Trade Credit;IBS REINSURANCE BROKERS, PT;Odyssey Reinsurance Company;0;0.6;;0;0;0;0.1;0;0.166666667;01/01/2026;31/12/2026;0;0IBS REINSURANCE BROKERS, PT
2026;0;20260;Trade Credit;IBS REINSURANCE BROKERS, PT;PVI Insurance Corporation;0;0.6;;0;0;0;0.2;0;0.333333333;01/01/2026;31/12/2026;0;0IBS REINSURANCE BROKERS, PT
2026;0;20260;Trade Credit;MASKAPAI REASURANSI INDONESIA, PT;MASKAPAI REASURANSI INDONESIA, PT;0;0.05;;0;0;0;0.05;0;1;01/01/2026;31/12/2026;0;0MASKAPAI REASURANSI INDONESIA, PT
2026;0;20260;Trade Credit;REASURANSI INDONESIA UTAMA, PT;REASURANSI INDONESIA UTAMA, PT;0;0.04;;0;0;0;0.04;0;1;01/01/2026;31/12/2026;0;0REASURANSI INDONESIA UTAMA, PT
2026;0;20260;Trade Credit;REASURANSI NASIONAL INDONESIA, PT;REASURANSI NASIONAL INDONESIA, PT;0;0.085;;0;0;0;0.085;0;1;01/01/2026;31/12/2026;0;0REASURANSI NASIONAL INDONESIA, PT
2026;0;20260;Trade Credit;REASURANSI NUSANTARA MAKMUR, PT;REASURANSI NUSANTARA MAKMUR, PT;0;0.025;;0;0;0;0.025;0;1;01/01/2026;31/12/2026;0;0REASURANSI NUSANTARA MAKMUR, PT
2026;0;20260;Trade Credit;TUGU REASURANSI, PT;TUGU REASURANSI, PT;0;0.2;;0;0;0;0.2;0;1;01/01/2026;31/12/2026;0;0TUGU REASURANSI, PT
2026;0;20260;Trade Credit (Sub Layer);IBS REINSURANCE BROKERS, PT;Best Meridian Insurance Company;0;1;;0;0;0;1;0;1;01/01/2026;31/12/2026;0;0IBS REINSURANCE BROKERS, PT
2016/2017;TRC;2016/2017TRC;TRADE CREDIT;GARUDA RE;REASURANSI NASIONAL INDONESIA, PT;0.3;1;1;0.15;0.3;0.25;0.5;0.5;0.5;01/11/2016;31/10/2017;2016/2017TRADE CREDIT;2016/2017TRADE CREDITGARUDA RE
2016/2017;TRC;2016/2017TRC;TRADE CREDIT;GARUDA RE;TUGU REASURANSI, PT;0.3;1;1;0.09;0.3;0.25;0.3;0.325;0.3;01/11/2016;31/10/2017;2016/2017TRADE CREDIT;2016/2017TRADE CREDITGARUDA RE
2016/2017;TRC;2016/2017TRC;TRADE CREDIT;GARUDA RE;REASURANSI INDONESIA UTAMA, PT;0.3;1;1;0.03;0.3;0.25;0.1;0.1;0.1;01/11/2016;31/10/2017;2016/2017TRADE CREDIT;2016/2017TRADE CREDITGARUDA RE
2016/2017;TRC;2016/2017TRC;TRADE CREDIT;GARUDA RE;ASURANSI JASA INDONESIA, PT;0.3;1;1;0.0225;0.3;0.25;0.075;0.025;0.075;01/11/2016;31/10/2017;2016/2017TRADE CREDIT;2016/2017TRADE CREDITGARUDA RE
2016/2017;TRC;2016/2017TRC;TRADE CREDIT;GARUDA RE;ASURANSI BHAKTI BHAYANGKARA;0.3;1;1;0.0075;0.3;0.25;0.025;0.05;0.025;01/11/2016;31/10/2017;2016/2017TRADE CREDIT;2016/2017TRADE CREDITGARUDA RE
2016/2017;5;2016/20175;AVIATION;GARUDA RE;REASURANSI NASIONAL INDONESIA, PT;0.5;1;;0.2375;0.25;0;0.475;0;0.475;01/11/2016;31/10/2017;2016/2017AVIATION;2016/2017AVIATIONGARUDA RE
2016/2017;5;2016/20175;AVIATION;GARUDA RE;TUGU REASURANSI, PT;0.5;1;;0.075;0.25;0;0.15;0;0.15;01/11/2016;31/10/2017;2016/2017AVIATION;2016/2017AVIATIONGARUDA RE
2016/2017;5;2016/20175;AVIATION;GARUDA RE;REASURANSI INDONESIA UTAMA, PT;0.5;1;;0.075;0.25;0;0.15;0;0.15;01/11/2016;31/10/2017;2016/2017AVIATION;2016/2017AVIATIONGARUDA RE
2016/2017;5;2016/20175;AVIATION;GARUDA RE;MASKAPAI REASURANSI INDONESIA, PT;0.5;1;;0.05;0.25;0;0.1;0;0.1;01/11/2016;31/10/2017;2016/2017AVIATION;2016/2017AVIATIONGARUDA RE
2016/2017;5;2016/20175;AVIATION;GARUDA RE;ASURANSI JASA INDONESIA, PT;0.5;1;;0.0375;0.25;0;0.075;0;0.075;01/11/2016;31/10/2017;2016/2017AVIATION;2016/2017AVIATIONGARUDA RE
2016/2017;5;2016/20175;AVIATION;GARUDA RE;ASURANSI JASARAHARJA PUTERA;0.5;1;;0.0125;0.25;0;0.025;0;0.025;01/11/2016;31/10/2017;2016/2017AVIATION;2016/2017AVIATIONGARUDA RE
2016/2017;5;2016/20175;AVIATION;GARUDA RE;ASURANSI BINAGRIYA UPAKARA, PT;0.5;1;;0.005;0.25;0;0.01;0;0.01;01/11/2016;31/10/2017;2016/2017AVIATION;2016/2017AVIATIONGARUDA RE
2016/2017;5;2016/20175;AVIATION;GARUDA RE;ASURANSI BUMIPUTERA MUDA, PT;0.5;1;;0.0075;0.25;0;0.015;0;0.015;01/11/2016;31/10/2017;2016/2017AVIATION;2016/2017AVIATIONGARUDA RE
2016/2017;CB;2016/2017CB;Customs Bond;GARUDA RE;REASURANSI NASIONAL INDONESIA, PT;0.3;1;1;0.15;0.35;0.325;0.5;0.5;0.5;01/11/2016;31/10/2017;2016/2017Customs Bond;2016/2017Customs BondGARUDA RE
2016/2017;CB;2016/2017CB;Customs Bond;GARUDA RE;TUGU REASURANSI, PT;0.3;1;1;0.045;0.35;0.325;0.15;0.15;0.15;01/11/2016;31/10/2017;2016/2017Customs Bond;2016/2017Customs BondGARUDA RE
2016/2017;CB;2016/2017CB;Customs Bond;GARUDA RE;REASURANSI INDONESIA UTAMA, PT;0.3;1;1;0.045;0.35;0.325;0.15;0.15;0.15;01/11/2016;31/10/2017;2016/2017Customs Bond;2016/2017Customs BondGARUDA RE
2016/2017;CB;2016/2017CB;Customs Bond;GARUDA RE;MASKAPAI REASURANSI INDONESIA, PT;0.3;1;1;0.015;0.35;0.325;0.05;0.05;0.05;01/11/2016;31/10/2017;2016/2017Customs Bond;2016/2017Customs BondGARUDA RE
2016/2017;CB;2016/2017CB;Customs Bond;GARUDA RE;ASURANSI JASA INDONESIA, PT;0.3;1;1;0.0225;0.35;0.325;0.075;0.075;0.075;01/11/2016;31/10/2017;2016/2017Customs Bond;2016/2017Customs BondGARUDA RE
2016/2017;CB;2016/2017CB;Customs Bond;GARUDA RE;ASURANSI JASARAHARJA PUTERA;0.3;1;1;0.0075;0.35;0.325;0.025;0.025;0.025;01/11/2016;31/10/2017;2016/2017Customs Bond;2016/2017Customs BondGARUDA RE
2016/2017;CB;2016/2017CB;Customs Bond;GARUDA RE;ASURANSI BUANA INDEPENDENT, PT;0.3;1;1;0.003;0.35;0.325;0.01;0.01;0.01;01/11/2016;31/10/2017;2016/2017Customs Bond;2016/2017Customs BondGARUDA RE
2016/2017;CB;2016/2017CB;Customs Bond;GARUDA RE;ASURANSI VIDEI;0.3;1;1;0.006;0.35;0.325;0.02;0.02;0.02;01/11/2016;31/10/2017;2016/2017Customs Bond;2016/2017Customs BondGARUDA RE
2016/2017;CB;2016/2017CB;Customs Bond;GARUDA RE;ASURANSI JASA TANIA, PT;0.3;1;1;0.003;0.35;0.325;0.01;0.01;0.01;01/11/2016;31/10/2017;2016/2017Customs Bond;2016/2017Customs BondGARUDA RE
2016/2017;CB;2016/2017CB;Customs Bond;GARUDA RE;ASURANSI BHAKTI BHAYANGKARA;0.3;1;1;0.003;0.35;0.325;0.01;0.01;0.01;01/11/2016;31/10/2017;2016/2017Customs Bond;2016/2017Customs BondGARUDA RE
2016/2017;9;2016/20179;ENGINEERING;GARUDA RE;REASURANSI NASIONAL INDONESIA, PT;0.5;1;1;0.2325;0.325;0.3;0.465;0.465;0.465;01/11/2016;31/10/2017;2016/2017ENGINEERING;2016/2017ENGINEERINGGARUDA RE
2016/2017;9;2016/20179;ENGINEERING;GARUDA RE;TUGU REASURANSI, PT;0.5;1;1;0.075;0.325;0.3;0.15;0.15;0.15;01/11/2016;31/10/2017;2016/2017ENGINEERING;2016/2017ENGINEERINGGARUDA RE
2016/2017;9;2016/20179;ENGINEERING;GARUDA RE;REASURANSI INDONESIA UTAMA, PT;0.5;1;1;0.075;0.325;0.3;0.15;0.15;0.15;01/11/2016;31/10/2017;2016/2017ENGINEERING;2016/2017ENGINEERINGGARUDA RE
2016/2017;9;2016/20179;ENGINEERING;GARUDA RE;MASKAPAI REASURANSI INDONESIA, PT;0.5;1;1;0.05;0.325;0.3;0.1;0.1;0.1;01/11/2016;31/10/2017;2016/2017ENGINEERING;2016/2017ENGINEERINGGARUDA RE
2016/2017;9;2016/20179;ENGINEERING;GARUDA RE;ASURANSI JASA INDONESIA, PT;0.5;1;1;0.0375;0.325;0.3;0.075;0.075;0.075;01/11/2016;31/10/2017;2016/2017ENGINEERING;2016/2017ENGINEERINGGARUDA RE
2016/2017;9;2016/20179;ENGINEERING;GARUDA RE;ASURANSI JASARAHARJA PUTERA;0.5;1;1;0.01;0.325;0.3;0.02;0.02;0.02;01/11/2016;31/10/2017;2016/2017ENGINEERING;2016/2017ENGINEERINGGARUDA RE
2016/2017;9;2016/20179;ENGINEERING;GARUDA RE;ASURANSI BINAGRIYA UPAKARA, PT;0.5;1;1;0.005;0.325;0.3;0.01;0.01;0.01;01/11/2016;31/10/2017;2016/2017ENGINEERING;2016/2017ENGINEERINGGARUDA RE
2016/2017;9;2016/20179;ENGINEERING;GARUDA RE;ASURANSI BUMIPUTERA MUDA, PT;0.5;1;1;0.0075;0.325;0.3;0.015;0.015;0.015;01/11/2016;31/10/2017;2016/2017ENGINEERING;2016/2017ENGINEERINGGARUDA RE
2016/2017;9;2016/20179;ENGINEERING;GARUDA RE;ASURANSI VIDEI;0.5;1;1;0.0075;0.325;0.3;0.015;0.015;0.015;01/11/2016;31/10/2017;2016/2017ENGINEERING;2016/2017ENGINEERINGGARUDA RE
2016/2017;1;2016/20171;FIRE;GARUDA RE;REASURANSI NASIONAL INDONESIA, PT;0.5;1;1;0.3625;0.325;0.3;0.725;0.465;0.725;01/11/2016;31/10/2017;2016/2017FIRE;2016/2017FIREGARUDA RE
2016/2017;1;2016/20171;FIRE;GARUDA RE;TUGU REASURANSI, PT;0.5;1;1;0.05;0.325;0.3;0.1;0.15;0.1;01/11/2016;31/10/2017;2016/2017FIRE;2016/2017FIREGARUDA RE
2016/2017;1;2016/20171;FIRE;GARUDA RE;MASKAPAI REASURANSI INDONESIA, PT;0.5;1;1;0.05;0.325;0.3;0.1;0.1;0.1;01/11/2016;31/10/2017;2016/2017FIRE;2016/2017FIREGARUDA RE
2016/2017;1;2016/20171;FIRE;GARUDA RE;ASURANSI JASA INDONESIA, PT;0.5;1;1;0.0375;0.325;0.3;0.075;0.075;0.075;01/11/2016;31/10/2017;2016/2017FIRE;2016/2017FIREGARUDA RE
2016/2017;1;2016/20171;FIRE;GARUDA RE;REASURANSI INDONESIA UTAMA, PT;0.5;1;1;0;0;0.3;0;0.15;0;01/11/2016;31/10/2017;2016/2017FIRE;2016/2017FIREGARUDA RE
2016/2017;1;2016/20171;FIRE;GARUDA RE;ASURANSI JASARAHARJA PUTERA;0.5;1;1;0;0;0.3;0;0.02;0;01/11/2016;31/10/2017;2016/2017FIRE;2016/2017FIREGARUDA RE
2016/2017;1;2016/20171;FIRE;GARUDA RE;ASURANSI BINAGRIYA UPAKARA, PT;0.5;1;1;0;0;0.3;0;0.01;0;01/11/2016;43039;2016/2017FIRE;2016/2017FIREGARUDA RE
2016/2017;1;2016/20171;FIRE;GARUDA RE;ASURANSI BUMIPUTERA MUDA, PT;0.5;1;1;0;0;0.3;0;0.015;0;01/11/2016;43039;2016/2017FIRE;2016/2017FIREGARUDA RE
2016/2017;1;2016/20171;FIRE;GARUDA RE;ASURANSI VIDEI;0.5;1;1;0;0;0.3;0;0.015;0;01/11/2016;43039;2016/2017FIRE;2016/2017FIREGARUDA RE
2016/2017;15;2016/201715;GENERAL ACCIDENT;GARUDA RE;REASURANSI NASIONAL INDONESIA, PT;0.5;1;1;0.2325;0.35;0.325;0.465;0.465;0.465;01/11/2016;0;2016/2017GENERAL ACCIDENT;2016/2017GENERAL ACCIDENTGARUDA RE
2016/2017;15;2016/201715;GENERAL ACCIDENT;GARUDA RE;TUGU REASURANSI, PT;0.5;1;1;0.075;0.35;0.325;0.15;0.15;0.15;01/11/2016;0;2016/2017GENERAL ACCIDENT;2016/2017GENERAL ACCIDENTGARUDA RE
2016/2017;15;2016/201715;GENERAL ACCIDENT;GARUDA RE;REASURANSI INDONESIA UTAMA, PT;0.5;1;1;0.075;0.35;0.325;0.15;0.15;0.15;01/11/2016;0;2016/2017GENERAL ACCIDENT;2016/2017GENERAL ACCIDENTGARUDA RE
2016/2017;15;2016/201715;GENERAL ACCIDENT;GARUDA RE;MASKAPAI REASURANSI INDONESIA, PT;0.5;1;1;0.05;0.35;0.325;0.1;0.1;0.1;01/11/2016;0;2016/2017GENERAL ACCIDENT;2016/2017GENERAL ACCIDENTGARUDA RE
2016/2017;15;2016/201715;GENERAL ACCIDENT;GARUDA RE;ASURANSI JASA INDONESIA, PT;0.5;1;1;0.0375;0.35;0.325;0.075;0.075;0.075;01/11/2016;0;2016/2017GENERAL ACCIDENT;2016/2017GENERAL ACCIDENTGARUDA RE
2016/2017;15;2016/201715;GENERAL ACCIDENT;GARUDA RE;ASURANSI JASARAHARJA PUTERA;0.5;1;1;0.01;0.35;0.325;0.02;0.02;0.02;01/11/2016;0;2016/2017GENERAL ACCIDENT;2016/2017GENERAL ACCIDENTGARUDA RE
2016/2017;15;2016/201715;GENERAL ACCIDENT;GARUDA RE;ASURANSI BINAGRIYA UPAKARA, PT;0.5;1;1;0.005;0.35;0.325;0.01;0.01;0.01;01/11/2016;0;2016/2017GENERAL ACCIDENT;2016/2017GENERAL ACCIDENTGARUDA RE
2016/2017;15;2016/201715;GENERAL ACCIDENT;GARUDA RE;ASURANSI BUMIPUTERA MUDA, PT;0.5;1;1;0.0075;0.35;0.325;0.015;0.015;0.015;01/11/2016;0;2016/2017GENERAL ACCIDENT;2016/2017GENERAL ACCIDENTGARUDA RE
2016/2017;15;2016/201715;GENERAL ACCIDENT;GARUDA RE;ASURANSI VIDEI;0.5;1;1;0.0075;0.35;0.325;0.015;0.015;0.015;01/11/2016;0;2016/2017GENERAL ACCIDENT;2016/2017GENERAL ACCIDENTGARUDA RE
2016/2017;203;2016/2017203;HEAVY EQUIPMENT;GARUDA RE;REASURANSI NASIONAL INDONESIA, PT;0.5;1;1;0.2325;0.35;0.325;0.465;0.465;0.465;01/11/2016;0;2016/2017HEAVY EQUIPMENT;2016/2017HEAVY EQUIPMENTGARUDA RE
2016/2017;203;2016/2017203;HEAVY EQUIPMENT;GARUDA RE;TUGU REASURANSI, PT;0.5;1;1;0.125;0.35;0.325;0.25;0.25;0.25;01/11/2016;0;2016/2017HEAVY EQUIPMENT;2016/2017HEAVY EQUIPMENTGARUDA RE
2016/2017;203;2016/2017203;HEAVY EQUIPMENT;GARUDA RE;REASURANSI INDONESIA UTAMA, PT;0.5;1;1;0.075;0.35;0.325;0.15;0.15;0.15;01/11/2016;0;2016/2017HEAVY EQUIPMENT;2016/2017HEAVY EQUIPMENTGARUDA RE
2016/2017;203;2016/2017203;HEAVY EQUIPMENT;GARUDA RE;ASURANSI JASA INDONESIA, PT;0.5;1;1;0.0375;0.35;0.325;0.075;0.075;0.075;01/11/2016;0;2016/2017HEAVY EQUIPMENT;2016/2017HEAVY EQUIPMENTGARUDA RE
2016/2017;203;2016/2017203;HEAVY EQUIPMENT;GARUDA RE;ASURANSI JASARAHARJA PUTERA;0.5;1;1;0.005;0.35;0.325;0.01;0.01;0.01;01/11/2016;0;2016/2017HEAVY EQUIPMENT;2016/2017HEAVY EQUIPMENTGARUDA RE
2016/2017;203;2016/2017203;HEAVY EQUIPMENT;GARUDA RE;ASURANSI BINAGRIYA UPAKARA, PT;0.5;1;1;0.005;0.35;0.325;0.01;0.01;0.01;01/11/2016;0;2016/2017HEAVY EQUIPMENT;2016/2017HEAVY EQUIPMENTGARUDA RE
2016/2017;203;2016/2017203;HEAVY EQUIPMENT;GARUDA RE;ASURANSI SINAR MAS, PT;0.5;1;1;0.005;0.35;0.325;0.01;0.01;0.01;01/11/2016;0;2016/2017HEAVY EQUIPMENT;2016/2017HEAVY EQUIPMENTGARUDA RE
2016/2017;203;2016/2017203;HEAVY EQUIPMENT;GARUDA RE;ASURANSI JASA TANIA, PT;0.5;1;1;0.005;0.35;0.325;0.01;0.01;0.01;01/11/2016;00/01/1900;2016/2017HEAVY EQUIPMENT;2016/2017HEAVY EQUIPMENTGARUDA RE
2016/2017;203;2016/2017203;HEAVY EQUIPMENT;GARUDA RE;ASURANSI MEGA PRATAMA, PT;0.5;1;1;0.005;0.35;0.325;0.01;0.01;0.01;01/11/2016;00/01/1900;2016/2017HEAVY EQUIPMENT;2016/2017HEAVY EQUIPMENTGARUDA RE
2016/2017;203;2016/2017203;HEAVY EQUIPMENT;GARUDA RE;ASURANSI BHAKTI BHAYANGKARA;0.5;1;1;0.005;0.35;0.325;0.01;0.01;0.01;01/11/2016;00/01/1900;2016/2017HEAVY EQUIPMENT;2016/2017HEAVY EQUIPMENTGARUDA RE
2016/2017;KUC;2016/2017KUC;COMMERCIAL CREDIT;GARUDA RE;REASURANSI NASIONAL INDONESIA, PT;0.5;1;;0.25;0.275;0;0.5;0;0.5;01/11/2016;31/10/2017;2016/2017COMMERCIAL CREDIT;2016/2017COMMERCIAL CREDITGARUDA RE
2016/2017;KUC;2016/2017KUC;COMMERCIAL CREDIT;GARUDA RE;TUGU REASURANSI, PT;0.5;1;;0.075;0.275;0;0.15;0;0.15;01/11/2016;31/10/2017;2016/2017COMMERCIAL CREDIT;2016/2017COMMERCIAL CREDITGARUDA RE
2016/2017;KUC;2016/2017KUC;COMMERCIAL CREDIT;GARUDA RE;REASURANSI INDONESIA UTAMA, PT;0.5;1;;0.075;0.275;0;0.15;0;0.15;01/11/2016;31/10/2017;2016/2017COMMERCIAL CREDIT;2016/2017COMMERCIAL CREDITGARUDA RE
2016/2017;KUC;2016/2017KUC;COMMERCIAL CREDIT;GARUDA RE;MASKAPAI REASURANSI INDONESIA, PT;0.5;1;;0.025;0.275;0;0.05;0;0.05;01/11/2016;31/10/2017;2016/2017COMMERCIAL CREDIT;2016/2017COMMERCIAL CREDITGARUDA RE
2016/2017;KUC;2016/2017KUC;COMMERCIAL CREDIT;GARUDA RE;ASURANSI JASA INDONESIA, PT;0.5;1;;0.0375;0.275;0;0.075;0;0.075;01/11/2016;31/10/2017;2016/2017COMMERCIAL CREDIT;2016/2017COMMERCIAL CREDITGARUDA RE
2016/2017;KUC;2016/2017KUC;COMMERCIAL CREDIT;GARUDA RE;ASURANSI JASARAHARJA PUTERA;0.5;1;;0.0125;0.275;0;0.025;0;0.025;01/11/2016;31/10/2017;2016/2017COMMERCIAL CREDIT;2016/2017COMMERCIAL CREDITGARUDA RE
2016/2017;KUC;2016/2017KUC;COMMERCIAL CREDIT;GARUDA RE;ASURANSI BUANA INDEPENDENT, PT;0.5;1;;0.005;0.275;0;0.01;0;0.01;01/11/2016;31/10/2017;2016/2017COMMERCIAL CREDIT;2016/2017COMMERCIAL CREDITGARUDA RE
2016/2017;KUC;2016/2017KUC;COMMERCIAL CREDIT;GARUDA RE;ASURANSI BUMIPUTERA MUDA, PT;0.5;1;;0;0.275;0;0;0;0;01/11/2016;31/10/2017;2016/2017COMMERCIAL CREDIT;2016/2017COMMERCIAL CREDITGARUDA RE
2016/2017;KUC;2016/2017KUC;COMMERCIAL CREDIT;GARUDA RE;ASURANSI VIDEI;0.5;1;;0.01;0.275;0;0.02;0;0.02;01/11/2016;31/10/2017;2016/2017COMMERCIAL CREDIT;2016/2017COMMERCIAL CREDITGARUDA RE
2016/2017;KUC;2016/2017KUC;COMMERCIAL CREDIT;GARUDA RE;ASURANSI SINAR MAS, PT;0.5;1;;0;0.275;0;0;0;0;01/11/2016;31/10/2017;2016/2017COMMERCIAL CREDIT;2016/2017COMMERCIAL CREDITGARUDA RE
2016/2017;KUC;2016/2017KUC;COMMERCIAL CREDIT;GARUDA RE;ASURANSI JASA TANIA, PT;0.5;1;;0;0.275;0;0;0;0;01/11/2016;31/10/2017;2016/2017COMMERCIAL CREDIT;2016/2017COMMERCIAL CREDITGARUDA RE
2016/2017;KUC;2016/2017KUC;COMMERCIAL CREDIT;GARUDA RE;ASURANSI TUGU KRESNA PRATAMA, PT;0.5;1;;0.005;0.275;0;0.01;0;0.01;01/11/2016;31/10/2017;2016/2017COMMERCIAL CREDIT;2016/2017COMMERCIAL CREDITGARUDA RE
2016/2017;KUC;2016/2017KUC;COMMERCIAL CREDIT;GARUDA RE;ASURANSI MEGA PRATAMA, PT;0.5;1;;0;0.275;0;0;0;0;01/11/2016;31/10/2017;2016/2017COMMERCIAL CREDIT;2016/2017COMMERCIAL CREDITGARUDA RE
2016/2017;KUC;2016/2017KUC;COMMERCIAL CREDIT;GARUDA RE;ASURANSI BHAKTI BHAYANGKARA;0.5;1;;0.005;0.275;0;0.01;0;0.01;01/11/2016;31/10/2017;2016/2017COMMERCIAL CREDIT;2016/2017COMMERCIAL CREDITGARUDA RE
2016/2017;KUS;2016/2017KUS;CONSUMPTIVE CREDIT;GARUDA RE;REASURANSI NASIONAL INDONESIA, PT;0.3;1;;0.183;0.325;0;0.61;0;0.61;01/11/2016;31/10/2017;2016/2017CONSUMPTIVE CREDIT;2016/2017CONSUMPTIVE CREDITGARUDA RE
2016/2017;KUS;2016/2017KUS;CONSUMPTIVE CREDIT;GARUDA RE;TUGU REASURANSI, PT;0.3;1;;0.03;0.325;0;0.1;0;0.1;01/11/2016;31/10/2017;2016/2017CONSUMPTIVE CREDIT;2016/2017CONSUMPTIVE CREDITGARUDA RE
2016/2017;KUS;2016/2017KUS;CONSUMPTIVE CREDIT;GARUDA RE;REASURANSI INDONESIA UTAMA, PT;0.3;1;;0.045;0.325;0;0.15;0;0.15;01/11/2016;31/10/2017;2016/2017CONSUMPTIVE CREDIT;2016/2017CONSUMPTIVE CREDITGARUDA RE
2016/2017;KUS;2016/2017KUS;CONSUMPTIVE CREDIT;GARUDA RE;MASKAPAI REASURANSI INDONESIA, PT;0.3;1;;0.015;0.325;0;0.05;0;0.05;01/11/2016;31/10/2017;2016/2017CONSUMPTIVE CREDIT;2016/2017CONSUMPTIVE CREDITGARUDA RE
2016/2017;KUS;2016/2017KUS;CONSUMPTIVE CREDIT;GARUDA RE;ASURANSI JASA INDONESIA, PT;0.3;1;;0.015;0.325;0;0.05;0;0.05;01/11/2016;31/10/2017;2016/2017CONSUMPTIVE CREDIT;2016/2017CONSUMPTIVE CREDITGARUDA RE
2016/2017;KUS;2016/2017KUS;CONSUMPTIVE CREDIT;GARUDA RE;ASURANSI JASARAHARJA PUTERA;0.3;1;;0.003;0.325;0;0.01;0;0.01;01/11/2016;31/10/2017;2016/2017CONSUMPTIVE CREDIT;2016/2017CONSUMPTIVE CREDITGARUDA RE
2016/2017;KUS;2016/2017KUS;CONSUMPTIVE CREDIT;GARUDA RE;ASURANSI BUANA INDEPENDENT, PT;0.3;1;;0.003;0.325;0;0.01;0;0.01;01/11/2016;31/10/2017;2016/2017CONSUMPTIVE CREDIT;2016/2017CONSUMPTIVE CREDITGARUDA RE
2016/2017;KUS;2016/2017KUS;CONSUMPTIVE CREDIT;GARUDA RE;ASURANSI BUMIPUTERA MUDA, PT;0.3;1;;0;0.325;0;0;0;0;01/11/2016;31/10/2017;2016/2017CONSUMPTIVE CREDIT;2016/2017CONSUMPTIVE CREDITGARUDA RE
2016/2017;KUS;2016/2017KUS;CONSUMPTIVE CREDIT;GARUDA RE;ASURANSI VIDEI;0.3;1;;0.003;0.325;0;0.01;0;0.01;01/11/2016;31/10/2017;2016/2017CONSUMPTIVE CREDIT;2016/2017CONSUMPTIVE CREDITGARUDA RE
2016/2017;KUS;2016/2017KUS;CONSUMPTIVE CREDIT;GARUDA RE;ASURANSI SINAR MAS, PT;0.3;1;;0;0.325;0;0;0;0;01/11/2016;31/10/2017;2016/2017CONSUMPTIVE CREDIT;2016/2017CONSUMPTIVE CREDITGARUDA RE
2016/2017;KUS;2016/2017KUS;CONSUMPTIVE CREDIT;GARUDA RE;ASURANSI JASA TANIA, PT;0.3;1;;0.003;0.325;0;0.01;0;0.01;01/11/2016;31/10/2017;2016/2017CONSUMPTIVE CREDIT;2016/2017CONSUMPTIVE CREDITGARUDA RE
2016/2017;KUS;2016/2017KUS;CONSUMPTIVE CREDIT;GARUDA RE;ASURANSI TUGU KRESNA PRATAMA, PT;0.3;1;;0;0.325;0;0;0;0;01/11/2016;31/10/2017;2016/2017CONSUMPTIVE CREDIT;2016/2017CONSUMPTIVE CREDITGARUDA RE
2016/2017;KUS;2016/2017KUS;CONSUMPTIVE CREDIT;GARUDA RE;ASURANSI MEGA PRATAMA, PT;0.3;1;;0;0.325;0;0;0;0;01/11/2016;31/10/2017;2016/2017CONSUMPTIVE CREDIT;2016/2017CONSUMPTIVE CREDITGARUDA RE
2016/2017;KUS;2016/2017KUS;CONSUMPTIVE CREDIT;GARUDA RE;ASURANSI BHAKTI BHAYANGKARA;0.3;1;;0;0.325;0;0;0;0;01/11/2016;31/10/2017;2016/2017CONSUMPTIVE CREDIT;2016/2017CONSUMPTIVE CREDITGARUDA RE
2016/2017;KBG;2016/2017KBG;COUNTER BANK GUARANTEE;GARUDA RE;ASURANSI JASA TANIA, PT;0.3;1;1;0.003;0.325;0.325;0.01;0.01;0.01;01/11/2016;31/10/2017;2016/2017COUNTER BANK GUARANTEE;2016/2017COUNTER BANK GUARANTEEGARUDA RE
2016/2017;KBG;2016/2017KBG;COUNTER BANK GUARANTEE;GARUDA RE;ASURANSI TUGU KRESNA PRATAMA, PT;0.3;1;1;0.003;0.325;0.325;0.01;0.01;0.01;01/11/2016;31/10/2017;2016/2017COUNTER BANK GUARANTEE;2016/2017COUNTER BANK GUARANTEEGARUDA RE
2016/2017;KBG;2016/2017KBG;COUNTER BANK GUARANTEE;GARUDA RE;REASURANSI NASIONAL INDONESIA, PT;0.3;1;1;0.1545;0.325;0.325;0.515;0.515;0.515;01/11/2016;31/10/2017;2016/2017COUNTER BANK GUARANTEE;2016/2017COUNTER BANK GUARANTEEGARUDA RE
2016/2017;KBG;2016/2017KBG;COUNTER BANK GUARANTEE;GARUDA RE;TUGU REASURANSI, PT;0.3;1;1;0.045;0.325;0.325;0.15;0.15;0.15;01/11/2016;31/10/2017;2016/2017COUNTER BANK GUARANTEE;2016/2017COUNTER BANK GUARANTEEGARUDA RE
2016/2017;KBG;2016/2017KBG;COUNTER BANK GUARANTEE;GARUDA RE;REASURANSI INDONESIA UTAMA, PT;0.3;1;1;0.045;0.325;0.325;0.15;0.15;0.15;01/11/2016;31/10/2017;2016/2017COUNTER BANK GUARANTEE;2016/2017COUNTER BANK GUARANTEEGARUDA RE
2016/2017;KBG;2016/2017KBG;COUNTER BANK GUARANTEE;GARUDA RE;MASKAPAI REASURANSI INDONESIA, PT;0.3;1;1;0.015;0.325;0.325;0.05;0.05;0.05;01/11/2016;31/10/2017;2016/2017COUNTER BANK GUARANTEE;2016/2017COUNTER BANK GUARANTEEGARUDA RE
2016/2017;KBG;2016/2017KBG;COUNTER BANK GUARANTEE;GARUDA RE;ASURANSI JASA INDONESIA, PT;0.3;1;1;0.0225;0.325;0.325;0.075;0.075;0.075;01/11/2016;31/10/2017;2016/2017COUNTER BANK GUARANTEE;2016/2017COUNTER BANK GUARANTEEGARUDA RE
2016/2017;KBG;2016/2017KBG;COUNTER BANK GUARANTEE;GARUDA RE;ASURANSI JASARAHARJA PUTERA;0.3;1;1;0.003;0.325;0.325;0.01;0.01;0.01;01/11/2016;31/10/2017;2016/2017COUNTER BANK GUARANTEE;2016/2017COUNTER BANK GUARANTEEGARUDA RE
2016/2017;KBG;2016/2017KBG;COUNTER BANK GUARANTEE;GARUDA RE;ASURANSI BUANA INDEPENDENT, PT;0.3;1;1;0.003;0.325;0.325;0.01;0.01;0.01;01/11/2016;31/10/2017;2016/2017COUNTER BANK GUARANTEE;2016/2017COUNTER BANK GUARANTEEGARUDA RE
2016/2017;KBG;2016/2017KBG;COUNTER BANK GUARANTEE;GARUDA RE;ASURANSI VIDEI;0.3;1;1;0.003;0.325;0.325;0.01;0.01;0.01;01/11/2016;31/10/2017;2016/2017COUNTER BANK GUARANTEE;2016/2017COUNTER BANK GUARANTEEGARUDA RE
2016/2017;KBG;2016/2017KBG;COUNTER BANK GUARANTEE;GARUDA RE;ASURANSI SINAR MAS, PT;0.3;1;1;0.003;0.325;0.325;0.01;0.01;0.01;01/11/2016;31/10/2017;2016/2017COUNTER BANK GUARANTEE;2016/2017COUNTER BANK GUARANTEEGARUDA RE
2016/2017;KUK;2016/2017KUK;SMALL CREDIT;GARUDA RE;REASURANSI NASIONAL INDONESIA, PT;0.3;1;;0.21;0.225;0;0.7;0;0.7;01/11/2016;31/10/2017;2016/2017SMALL CREDIT;2016/2017SMALL CREDITGARUDA RE
2016/2017;KUK;2016/2017KUK;SMALL CREDIT;GARUDA RE;TUGU REASURANSI, PT;0.3;1;;0.024;0.225;0;0.08;0;0.08;01/11/2016;31/10/2017;2016/2017SMALL CREDIT;2016/2017SMALL CREDITGARUDA RE
2016/2017;KUK;2016/2017KUK;SMALL CREDIT;GARUDA RE;REASURANSI INDONESIA UTAMA, PT;0.3;1;;0.03;0.225;0;0.1;0;0.1;01/11/2016;31/10/2017;2016/2017SMALL CREDIT;2016/2017SMALL CREDITGARUDA RE
2016/2017;KUK;2016/2017KUK;SMALL CREDIT;GARUDA RE;MASKAPAI REASURANSI INDONESIA, PT;0.3;1;;0.015;0.225;0;0.05;0;0.05;01/11/2016;31/10/2017;2016/2017SMALL CREDIT;2016/2017SMALL CREDITGARUDA RE
2016/2017;KUK;2016/2017KUK;SMALL CREDIT;GARUDA RE;ASURANSI JASA INDONESIA, PT;0.3;1;;0.015;0.225;0;0.05;0;0.05;01/11/2016;31/10/2017;2016/2017SMALL CREDIT;2016/2017SMALL CREDITGARUDA RE
2016/2017;KUK;2016/2017KUK;SMALL CREDIT;GARUDA RE;ASURANSI JASARAHARJA PUTERA;0.3;1;;0.003;0.225;0;0.01;0;0.01;01/11/2016;31/10/2017;2016/2017SMALL CREDIT;2016/2017SMALL CREDITGARUDA RE
2016/2017;KUK;2016/2017KUK;SMALL CREDIT;GARUDA RE;ASURANSI BUANA INDEPENDENT, PT;0.3;1;;0;0.225;0;0;0;0;01/11/2016;31/10/2017;2016/2017SMALL CREDIT;2016/2017SMALL CREDITGARUDA RE
2016/2017;KUK;2016/2017KUK;SMALL CREDIT;GARUDA RE;ASURANSI BUMIPUTERA MUDA, PT;0.3;1;;0;0.225;0;0;0;0;01/11/2016;31/10/2017;2016/2017SMALL CREDIT;2016/2017SMALL CREDITGARUDA RE
2016/2017;KUK;2016/2017KUK;SMALL CREDIT;GARUDA RE;ASURANSI VIDEI;0.3;1;;0.003;0.225;0;0.01;0;0.01;01/11/2016;31/10/2017;2016/2017SMALL CREDIT;2016/2017SMALL CREDITGARUDA RE
2016/2017;KUK;2016/2017KUK;SMALL CREDIT;GARUDA RE;ASURANSI SINAR MAS, PT;0.3;1;;0;0.225;0;0;0;0;01/11/2016;31/10/2017;2016/2017SMALL CREDIT;2016/2017SMALL CREDITGARUDA RE
2016/2017;KUK;2016/2017KUK;SMALL CREDIT;GARUDA RE;ASURANSI JASA TANIA, PT;0.3;1;;0;0.225;0;0;0;0;01/11/2016;31/10/2017;2016/2017SMALL CREDIT;2016/2017SMALL CREDITGARUDA RE
2016/2017;KUK;2016/2017KUK;SMALL CREDIT;GARUDA RE;ASURANSI TUGU KRESNA PRATAMA, PT;0.3;1;;0;0.225;0;0;0;0;01/11/2016;31/10/2017;2016/2017SMALL CREDIT;2016/2017SMALL CREDITGARUDA RE
2016/2017;KUK;2016/2017KUK;SMALL CREDIT;GARUDA RE;ASURANSI MEGA PRATAMA, PT;0.3;1;;0;0.225;0;0;0;0;01/11/2016;31/10/2017;2016/2017SMALL CREDIT;2016/2017SMALL CREDITGARUDA RE
2016/2017;KUK;2016/2017KUK;SMALL CREDIT;GARUDA RE;ASURANSI BHAKTI BHAYANGKARA;0.3;1;;0;0.225;0;0;0;0;01/11/2016;31/10/2017;2016/2017SMALL CREDIT;2016/2017SMALL CREDITGARUDA RE
2016/2017;10;2016/201710;LIABILITY;GARUDA RE;REASURANSI NASIONAL INDONESIA, PT;0.5;1;1;0.2325;0.35;0.325;0.465;0.465;0.465;01/11/2016;31/10/2017;2016/2017LIABILITY;2016/2017LIABILITYGARUDA RE
2016/2017;10;2016/201710;LIABILITY;GARUDA RE;TUGU REASURANSI, PT;0.5;1;1;0.075;0.35;0.325;0.15;0.15;0.15;01/11/2016;31/10/2017;2016/2017LIABILITY;2016/2017LIABILITYGARUDA RE
2016/2017;10;2016/201710;LIABILITY;GARUDA RE;REASURANSI INDONESIA UTAMA, PT;0.5;1;1;0.075;0.35;0.325;0.15;0.15;0.15;01/11/2016;31/10/2017;2016/2017LIABILITY;2016/2017LIABILITYGARUDA RE
2016/2017;10;2016/201710;LIABILITY;GARUDA RE;MASKAPAI REASURANSI INDONESIA, PT;0.5;1;1;0.05;0.35;0.325;0.1;0.1;0.1;01/11/2016;31/10/2017;2016/2017LIABILITY;2016/2017LIABILITYGARUDA RE
2016/2017;10;2016/201710;LIABILITY;GARUDA RE;ASURANSI JASA INDONESIA, PT;0.5;1;1;0.0375;0.35;0.325;0.075;0.075;0.075;01/11/2016;31/10/2017;2016/2017LIABILITY;2016/2017LIABILITYGARUDA RE
2016/2017;10;2016/201710;LIABILITY;GARUDA RE;ASURANSI JASARAHARJA PUTERA;0.5;1;1;0.01;0.35;0.325;0.02;0.02;0.02;01/11/2016;31/10/2017;2016/2017LIABILITY;2016/2017LIABILITYGARUDA RE
2016/2017;10;2016/201710;LIABILITY;GARUDA RE;ASURANSI BINAGRIYA UPAKARA, PT;0.5;1;1;0.005;0.35;0.325;0.01;0.01;0.01;01/11/2016;31/10/2017;2016/2017LIABILITY;2016/2017LIABILITYGARUDA RE
2016/2017;10;2016/201710;LIABILITY;GARUDA RE;ASURANSI BUMIPUTERA MUDA, PT;0.5;1;1;0.0075;0.35;0.325;0.015;0.015;0.015;01/11/2016;31/10/2017;2016/2017LIABILITY;2016/2017LIABILITYGARUDA RE
2016/2017;10;2016/201710;LIABILITY;GARUDA RE;ASURANSI VIDEI;0.5;1;1;0.0075;0.35;0.325;0.015;0.015;0.015;01/11/2016;31/10/2017;2016/2017LIABILITY;2016/2017LIABILITYGARUDA RE
2016/2017;3;2016/20173;MARINE CARGO;GARUDA RE;REASURANSI NASIONAL INDONESIA, PT;0.5;1;1;0.2325;0.35;0.325;0.465;0.465;0.465;01/11/2016;31/10/2017;2016/2017MARINE CARGO;2016/2017MARINE CARGOGARUDA RE
2016/2017;3;2016/20173;MARINE CARGO;GARUDA RE;TUGU REASURANSI, PT;0.5;1;1;0.075;0.35;0.325;0.15;0.15;0.15;01/11/2016;31/10/2017;2016/2017MARINE CARGO;2016/2017MARINE CARGOGARUDA RE
2016/2017;3;2016/20173;MARINE CARGO;GARUDA RE;REASURANSI INDONESIA UTAMA, PT;0.5;1;1;0.075;0.35;0.325;0.15;0.15;0.15;01/11/2016;31/10/2017;2016/2017MARINE CARGO;2016/2017MARINE CARGOGARUDA RE
2016/2017;3;2016/20173;MARINE CARGO;GARUDA RE;MASKAPAI REASURANSI INDONESIA, PT;0.5;1;1;0.05;0.35;0.325;0.1;0.1;0.1;01/11/2016;31/10/2017;2016/2017MARINE CARGO;2016/2017MARINE CARGOGARUDA RE
2016/2017;3;2016/20173;MARINE CARGO;GARUDA RE;ASURANSI JASA INDONESIA, PT;0.5;1;1;0.0375;0.35;0.325;0.075;0.075;0.075;01/11/2016;31/10/2017;2016/2017MARINE CARGO;2016/2017MARINE CARGOGARUDA RE
2016/2017;3;2016/20173;MARINE CARGO;GARUDA RE;ASURANSI JASARAHARJA PUTERA;0.5;1;1;0.01;0.35;0.325;0.02;0.02;0.02;01/11/2016;31/10/2017;2016/2017MARINE CARGO;2016/2017MARINE CARGOGARUDA RE
2016/2017;3;2016/20173;MARINE CARGO;GARUDA RE;ASURANSI BINAGRIYA UPAKARA, PT;0.5;1;1;0.005;0.35;0.325;0.01;0.01;0.01;01/11/2016;31/10/2017;2016/2017MARINE CARGO;2016/2017MARINE CARGOGARUDA RE
2016/2017;3;2016/20173;MARINE CARGO;GARUDA RE;ASURANSI BUMIPUTERA MUDA, PT;0.5;1;1;0.0075;0.35;0.325;0.015;0.015;0.015;01/11/2016;31/10/2017;2016/2017MARINE CARGO;2016/2017MARINE CARGOGARUDA RE
2016/2017;3;2016/20173;MARINE CARGO;GARUDA RE;ASURANSI VIDEI;0.5;1;1;0.0075;0.35;0.325;0.015;0.015;0.015;01/11/2016;31/10/2017;2016/2017MARINE CARGO;2016/2017MARINE CARGOGARUDA RE
2016/2017;4;2016/20174;MARINE HULL;GARUDA RE;REASURANSI NASIONAL INDONESIA, PT;0.4;1;1;0.216;0.35;0.325;0.54;0.54;0.54;01/11/2016;31/10/2017;2016/2017MARINE HULL;2016/2017MARINE HULLGARUDA RE
2016/2017;4;2016/20174;MARINE HULL;GARUDA RE;TUGU REASURANSI, PT;0.4;1;1;0.1;0.35;0.325;0.25;0.25;0.25;01/11/2016;31/10/2017;2016/2017MARINE HULL;2016/2017MARINE HULLGARUDA RE
2016/2017;4;2016/20174;MARINE HULL;GARUDA RE;REASURANSI INDONESIA UTAMA, PT;0.4;1;1;0.06;0.35;0.325;0.15;0.15;0.15;01/11/2016;31/10/2017;2016/2017MARINE HULL;2016/2017MARINE HULLGARUDA RE
2016/2017;4;2016/20174;MARINE HULL;GARUDA RE;ASURANSI JASARAHARJA PUTERA;0.4;1;1;0.01;0.35;0.325;0.025;0.025;0.025;01/11/2016;31/10/2017;2016/2017MARINE HULL;2016/2017MARINE HULLGARUDA RE
2016/2017;4;2016/20174;MARINE HULL;GARUDA RE;ASURANSI BUMIPUTERA MUDA, PT;0.4;1;1;0.006;0.35;0.325;0.015;0.015;0.015;01/11/2016;31/10/2017;2016/2017MARINE HULL;2016/2017MARINE HULLGARUDA RE
2016/2017;4;2016/20174;MARINE HULL;GARUDA RE;ASURANSI VIDEI;0.4;1;1;0.008;0.35;0.325;0.02;0.02;0.02;01/11/2016;31/10/2017;2016/2017MARINE HULL;2016/2017MARINE HULLGARUDA RE
2016/2017;2;2016/20172;MOTOR VEHICLE;GARUDA RE;REASURANSI NASIONAL INDONESIA, PT;0.5501;1;1;0.3025;0.325;0.325;0.549900018;0.475;0.549900018;01/11/2016;31/10/2017;2016/2017MOTOR VEHICLE;2016/2017MOTOR VEHICLEGARUDA RE
2016/2017;2;2016/20172;MOTOR VEHICLE;GARUDA RE;TUGU REASURANSI, PT;0.5501;1;1;0.0825;0.325;0.325;0.149972732;0.15;0.149972732;01/11/2016;31/10/2017;2016/2017MOTOR VEHICLE;2016/2017MOTOR VEHICLEGARUDA RE
2016/2017;2;2016/20172;MOTOR VEHICLE;GARUDA RE;REASURANSI INDONESIA UTAMA, PT;0.5501;1;1;0.0825;0.325;0.325;0.149972732;0.15;0.149972732;01/11/2016;31/10/2017;2016/2017MOTOR VEHICLE;2016/2017MOTOR VEHICLEGARUDA RE
2016/2017;2;2016/20172;MOTOR VEHICLE;GARUDA RE;MASKAPAI REASURANSI INDONESIA, PT;0.5501;1;1;0.055;0.325;0.325;0.099981821;0.1;0.099981821;01/11/2016;31/10/2017;2016/2017MOTOR VEHICLE;2016/2017MOTOR VEHICLEGARUDA RE
2016/2017;2;2016/20172;MOTOR VEHICLE;GARUDA RE;ASURANSI JASARAHARJA PUTERA;0.5501;1;1;0.0138;0.325;0.325;0.025086348;0.025;0.025086348;01/11/2016;31/10/2017;2016/2017MOTOR VEHICLE;2016/2017MOTOR VEHICLEGARUDA RE
2016/2017;2;2016/20172;MOTOR VEHICLE;GARUDA RE;ASURANSI BINAGRIYA UPAKARA, PT;0.5501;1;1;0.0055;0.325;0.325;0.009998182;0.01;0.009998182;01/11/2016;31/10/2017;2016/2017MOTOR VEHICLE;2016/2017MOTOR VEHICLEGARUDA RE
2016/2017;2;2016/20172;MOTOR VEHICLE;GARUDA RE;ASURANSI BUMIPUTERA MUDA, PT;0.5501;1;1;0.0083;0.325;0.325;0.015088166;0.015;0.015088166;01/11/2016;31/10/2017;2016/2017MOTOR VEHICLE;2016/2017MOTOR VEHICLEGARUDA RE
2016/2017;2;2016/20172;MOTOR VEHICLE;GARUDA RE;ASURANSI JASA INDONESIA, PT;0.5501;1;1;0;0.325;0.325;0;0.075;0;01/11/2016;31/10/2017;2016/2017MOTOR VEHICLE;2016/2017MOTOR VEHICLEGARUDA RE
2016/2017;OIL;2016/2017OIL;OIL & GAS;GARUDA RE;REASURANSI NASIONAL INDONESIA, PT;0.7;1;;0.35;0.1;0;0.5;0;0.5;01/11/2016;43039;2016/2017OIL & GAS;2016/2017OIL & GASGARUDA RE
2016/2017;OIL;2016/2017OIL;OIL & GAS;GARUDA RE;TUGU REASURANSI, PT;0.7;1;;0.28;0.1;0;0.4;0;0.4;01/11/2016;43039;2016/2017OIL & GAS;2016/2017OIL & GASGARUDA RE
2016/2017;OIL;2016/2017OIL;OIL & GAS;GARUDA RE;REASURANSI INDONESIA UTAMA, PT;0.7;1;;0.07;0.1;0;0.1;0;0.1;01/11/2016;43039;2016/2017OIL & GAS;2016/2017OIL & GASGARUDA RE
2016/2017;11;2016/201711;PERSONAL ACCIDENT;GARUDA RE;REASURANSI NASIONAL INDONESIA, PT;0.5;1;1;0.2325;0.35;0.325;0.465;0.465;0.465;01/11/2016;0;2016/2017PERSONAL ACCIDENT;2016/2017PERSONAL ACCIDENTGARUDA RE
2016/2017;11;2016/201711;PERSONAL ACCIDENT;GARUDA RE;TUGU REASURANSI, PT;0.5;1;1;0.075;0.35;0.325;0.15;0.15;0.15;01/11/2016;0;2016/2017PERSONAL ACCIDENT;2016/2017PERSONAL ACCIDENTGARUDA RE
2016/2017;11;2016/201711;PERSONAL ACCIDENT;GARUDA RE;REASURANSI INDONESIA UTAMA, PT;0.5;1;1;0.075;0.35;0.325;0.15;0.15;0.15;01/11/2016;0;2016/2017PERSONAL ACCIDENT;2016/2017PERSONAL ACCIDENTGARUDA RE
2016/2017;11;2016/201711;PERSONAL ACCIDENT;GARUDA RE;MASKAPAI REASURANSI INDONESIA, PT;0.5;1;1;0.05;0.35;0.325;0.1;0.1;0.1;01/11/2016;0;2016/2017PERSONAL ACCIDENT;2016/2017PERSONAL ACCIDENTGARUDA RE
2016/2017;11;2016/201711;PERSONAL ACCIDENT;GARUDA RE;ASURANSI JASA INDONESIA, PT;0.5;1;1;0.0375;0.35;0.325;0.075;0.075;0.075;01/11/2016;0;2016/2017PERSONAL ACCIDENT;2016/2017PERSONAL ACCIDENTGARUDA RE
2016/2017;11;2016/201711;PERSONAL ACCIDENT;GARUDA RE;ASURANSI JASARAHARJA PUTERA;0.5;1;1;0.01;0.35;0.325;0.02;0.02;0.02;01/11/2016;0;2016/2017PERSONAL ACCIDENT;2016/2017PERSONAL ACCIDENTGARUDA RE
2016/2017;11;2016/201711;PERSONAL ACCIDENT;GARUDA RE;ASURANSI BINAGRIYA UPAKARA, PT;0.5;1;1;0.005;0.35;0.325;0.01;0.01;0.01;01/11/2016;00/01/1900;2016/2017PERSONAL ACCIDENT;2016/2017PERSONAL ACCIDENTGARUDA RE
2016/2017;11;2016/201711;PERSONAL ACCIDENT;GARUDA RE;ASURANSI BUMIPUTERA MUDA, PT;0.5;1;1;0.0075;0.35;0.325;0.015;0.015;0.015;01/11/2016;00/01/1900;2016/2017PERSONAL ACCIDENT;2016/2017PERSONAL ACCIDENTGARUDA RE
2016/2017;11;2016/201711;PERSONAL ACCIDENT;GARUDA RE;ASURANSI VIDEI;0.5;1;1;0.0075;0.35;0.325;0.015;0.015;0.015;01/11/2016;00/01/1900;2016/2017PERSONAL ACCIDENT;2016/2017PERSONAL ACCIDENTGARUDA RE
2016/2017;CBX;2016/2017CBX;SPECIAL Customs Bond;GARUDA RE;REASURANSI NASIONAL INDONESIA, PT;0.3;1;;0.3;0.375;0;1;0;1;01/11/2016;31/10/2017;2016/2017SPECIAL Customs Bond;2016/2017SPECIAL Customs BondGARUDA RE
2016/2017;KUX;2016/2017KUX;SPECIAL Konsumtif;GARUDA RE;REASURANSI NASIONAL INDONESIA, PT;0.3;1;;0.3;0.375;0;1;0;1;01/11/2016;31/10/2017;2016/2017SPECIAL Konsumtif;2016/2017SPECIAL KonsumtifGARUDA RE
2016/2017;SBX;2016/2017SBX;SPECIAL Surety Bond;GARUDA RE;REASURANSI NASIONAL INDONESIA, PT;0.3;1;;0.3;0.375;0;1;0;1;01/11/2016;31/10/2017;2016/2017SPECIAL Surety Bond;2016/2017SPECIAL Surety BondGARUDA RE
2016/2017;SB;2016/2017SB;Surety Bond;GARUDA RE;ASURANSI JASA INDONESIA, PT;0.3;1;1;0.0225;0.325;0;0.075;0.075;0.075;01/11/2016;31/10/2017;2016/2017Surety Bond;2016/2017Surety BondGARUDA RE
2016/2017;SB;2016/2017SB;Surety Bond;GARUDA RE;ASURANSI JASARAHARJA PUTERA;0.3;1;1;0.0075;0.325;0;0.025;0.025;0.025;01/11/2016;31/10/2017;2016/2017Surety Bond;2016/2017Surety BondGARUDA RE
2016/2017;SB;2016/2017SB;Surety Bond;GARUDA RE;ASURANSI BUANA INDEPENDENT, PT;0.3;1;1;0.003;0.325;0;0.01;0.01;0.01;01/11/2016;31/10/2017;2016/2017Surety Bond;2016/2017Surety BondGARUDA RE
2016/2017;SB;2016/2017SB;Surety Bond;GARUDA RE;ASURANSI VIDEI;0.3;1;1;0.006;0.325;0;0.02;0.02;0.02;01/11/2016;31/10/2017;2016/2017Surety Bond;2016/2017Surety BondGARUDA RE
2016/2017;SB;2016/2017SB;Surety Bond;GARUDA RE;REASURANSI NASIONAL INDONESIA, PT;0.3;1;1;0.15;0.325;0;0.5;0.5;0.5;01/11/2016;31/10/2017;2016/2017Surety Bond;2016/2017Surety BondGARUDA RE
2016/2017;SB;2016/2017SB;Surety Bond;GARUDA RE;TUGU REASURANSI, PT;0.3;1;1;0.045;0.325;0;0.15;0.15;0.15;01/11/2016;31/10/2017;2016/2017Surety Bond;2016/2017Surety BondGARUDA RE
2016/2017;SB;2016/2017SB;Surety Bond;GARUDA RE;REASURANSI INDONESIA UTAMA, PT;0.3;1;1;0.045;0.325;0;0.15;0.15;0.15;01/11/2016;31/10/2017;2016/2017Surety Bond;2016/2017Surety BondGARUDA RE
2016/2017;SB;2016/2017SB;Surety Bond;GARUDA RE;MASKAPAI REASURANSI INDONESIA, PT;0.3;1;1;0.015;0.325;0;0.05;0.05;0.05;01/11/2016;31/10/2017;2016/2017Surety Bond;2016/2017Surety BondGARUDA RE
2016/2017;SB;2016/2017SB;Surety Bond;GARUDA RE;ASURANSI JASA TANIA, PT;0.3;1;1;0.003;0.325;0;0.01;0.01;0.01;01/11/2016;31/10/2017;2016/2017Surety Bond;2016/2017Surety BondGARUDA RE
2016/2017;SB;2016/2017SB;Surety Bond;GARUDA RE;ASURANSI BHAKTI BHAYANGKARA;0.3;1;1;0.003;0.325;0;0.01;0.01;0.01;01/11/2016;31/10/2017;2016/2017Surety Bond;2016/2017Surety BondGARUDA RE
2017/2018;TRC;2017/2018TRC;TRADE CREDIT;ASRINDA ARTHASANGGA RE BROKERS, PT;REASURANSI NASIONAL INDONESIA, PT;0.5;0.6;0.6;0.3;0.3;0.3;0.6;0.6;1;01/11/2017;31/10/2018;2017/2018TRADE CREDIT;2017/2018TRADE CREDITASRINDA ARTHASANGGA RE BROKERS, PT
2017/2018;TRC;2017/2018TRC;TRADE CREDIT;GARUDA RE;REASURANSI INDONESIA UTAMA, PT;0.5;0.25;0.25;0.06;0.3;0.3;0.12;0.12;0.48;01/11/2017;31/10/2018;2017/2018TRADE CREDIT;2017/2018TRADE CREDITGARUDA RE
2017/2018;TRC;2017/2018TRC;TRADE CREDIT;GARUDA RE;MASKAPAI REASURANSI INDONESIA, PT;0.5;0.25;0.25;0.02;0.3;0.3;0.04;0.04;0.16;01/11/2017;31/10/2018;2017/2018TRADE CREDIT;2017/2018TRADE CREDITGARUDA RE
2017/2018;TRC;2017/2018TRC;TRADE CREDIT;GARUDA RE;REASURANSI NUSANTARA MAKMUR, PT;0.5;0.25;0.25;0.005;0.3;0.3;0.01;0.01;0.04;01/11/2017;31/10/2018;2017/2018TRADE CREDIT;2017/2018TRADE CREDITGARUDA RE
2017/2018;TRC;2017/2018TRC;TRADE CREDIT;GARUDA RE;ASURANSI SINAR MAS, PT;0.5;0.25;0.25;0.01;0.3;0.3;0.02;0.02;0.08;01/11/2017;31/10/2018;2017/2018TRADE CREDIT;2017/2018TRADE CREDITGARUDA RE
2017/2018;TRC;2017/2018TRC;TRADE CREDIT;GARUDA RE;ASURANSI JASARAHARJA PUTERA;0.5;0.25;0.25;0.01;0.3;0.3;0.02;0.02;0.08;01/11/2017;31/10/2018;2017/2018TRADE CREDIT;2017/2018TRADE CREDITGARUDA RE
2017/2018;TRC;2017/2018TRC;TRADE CREDIT;GARUDA RE;ASURANSI JASA TANIA, PT;0.5;0.25;0.25;0.005;0.3;0.3;0.01;0.01;0.04;01/11/2017;31/10/2018;2017/2018TRADE CREDIT;2017/2018TRADE CREDITGARUDA RE
2017/2018;TRC;2017/2018TRC;TRADE CREDIT;GARUDA RE;ASURANSI BHAKTI BHAYANGKARA;0.5;0.25;0.25;0.005;0.3;0.3;0.01;0.01;0.04;01/11/2017;31/10/2018;2017/2018TRADE CREDIT;2017/2018TRADE CREDITGARUDA RE
2017/2018;TRC;2017/2018TRC;TRADE CREDIT;GARUDA RE;ASURANSI VIDEI;0.5;0.25;0.25;0.005;0.3;0.3;0.01;0.01;0.04;01/11/2017;31/10/2018;2017/2018TRADE CREDIT;2017/2018TRADE CREDITGARUDA RE
2017/2018;TRC;2017/2018TRC;TRADE CREDIT;GARUDA RE;ASURANSI BINAGRIYA UPAKARA, PT;0.5;0.25;0.25;0.005;0.3;0.3;0.01;0.01;0.04;01/11/2017;31/10/2018;2017/2018TRADE CREDIT;2017/2018TRADE CREDITGARUDA RE
2017/2018;TRC;2017/2018TRC;TRADE CREDIT;TRINITY RE;TUGU REASURANSI, PT;0.5;0.15;0.15;0.045;0.3;0.3;0.09;0.09;0.6;01/11/2017;31/10/2018;2017/2018TRADE CREDIT;2017/2018TRADE CREDITTRINITY RE
2017/2018;TRC;2017/2018TRC;TRADE CREDIT;TRINITY RE;ASURANSI JASA INDONESIA, PT;0.5;0.15;0.15;0.03;0.3;0.3;0.06;0.06;0.4;01/11/2017;31/10/2018;2017/2018TRADE CREDIT;2017/2018TRADE CREDITTRINITY RE
2017/2018;5;2017/20185;AVIATION;ASRINDA ARTHASANGGA RE BROKERS, PT;REASURANSI NASIONAL INDONESIA, PT;0.5;0.6;;0.3;0.3;0;0.6;0;1;01/11/2017;31/10/2018;2017/2018AVIATION;2017/2018AVIATIONASRINDA ARTHASANGGA RE BROKERS, PT
2017/2018;5;2017/20185;AVIATION;GARUDA RE;REASURANSI INDONESIA UTAMA, PT;0.5;0.25;;0.06;0.3;0;0.12;0;0.48;01/11/2017;31/10/2018;2017/2018AVIATION;2017/2018AVIATIONGARUDA RE
2017/2018;5;2017/20185;AVIATION;GARUDA RE;MASKAPAI REASURANSI INDONESIA, PT;0.5;0.25;;0.02;0.3;0;0.04;0;0.16;01/11/2017;31/10/2018;2017/2018AVIATION;2017/2018AVIATIONGARUDA RE
2017/2018;5;2017/20185;AVIATION;GARUDA RE;REASURANSI NUSANTARA MAKMUR, PT;0.5;0.25;;0.005;0.3;0;0.01;0;0.04;01/11/2017;31/10/2018;2017/2018AVIATION;2017/2018AVIATIONGARUDA RE
2017/2018;5;2017/20185;AVIATION;GARUDA RE;ASURANSI SINAR MAS, PT;0.5;0.25;;0.01;0.3;0;0.02;0;0.08;01/11/2017;31/10/2018;2017/2018AVIATION;2017/2018AVIATIONGARUDA RE
2017/2018;5;2017/20185;AVIATION;GARUDA RE;ASURANSI JASARAHARJA PUTERA;0.5;0.25;;0.005;0.3;0;0.01;0;0.04;01/11/2017;31/10/2018;2017/2018AVIATION;2017/2018AVIATIONGARUDA RE
2017/2018;5;2017/20185;AVIATION;GARUDA RE;ASURANSI JASA TANIA, PT;0.5;0.25;;0.005;0.3;0;0.01;0;0.04;01/11/2017;31/10/2018;2017/2018AVIATION;2017/2018AVIATIONGARUDA RE
2017/2018;5;2017/20185;AVIATION;GARUDA RE;ASURANSI BUMIPUTERA MUDA, PT;0.5;0.25;;0.005;0.3;0;0.01;0;0.04;01/11/2017;31/10/2018;2017/2018AVIATION;2017/2018AVIATIONGARUDA RE
2017/2018;5;2017/20185;AVIATION;GARUDA RE;ASURANSI BHAKTI BHAYANGKARA;0.5;0.25;;0.005;0.3;0;0.01;0;0.04;01/11/2017;31/10/2018;2017/2018AVIATION;2017/2018AVIATIONGARUDA RE
2017/2018;5;2017/20185;AVIATION;GARUDA RE;ASURANSI VIDEI;0.5;0.25;;0.005;0.3;0;0.01;0;0.04;01/11/2017;31/10/2018;2017/2018AVIATION;2017/2018AVIATIONGARUDA RE
2017/2018;5;2017/20185;AVIATION;GARUDA RE;ASURANSI BINAGRIYA UPAKARA, PT;0.5;0.25;;0.005;0.3;0;0.01;0;0.04;01/11/2017;31/10/2018;2017/2018AVIATION;2017/2018AVIATIONGARUDA RE
2017/2018;5;2017/20185;AVIATION;TRINITY RE;TUGU REASURANSI, PT;0.5;0.15;;0.045;0.3;0;0.09;0;0.6;01/11/2017;31/10/2018;2017/2018AVIATION;2017/2018AVIATIONTRINITY RE
2017/2018;5;2017/20185;AVIATION;TRINITY RE;ASURANSI JASA INDONESIA, PT;0.5;0.15;;0.03;0.3;0;0.06;0;0.4;01/11/2017;31/10/2018;2017/2018AVIATION;2017/2018AVIATIONTRINITY RE
2017/2018;CB;2017/2018CB;Customs Bond;ASRINDA ARTHASANGGA RE BROKERS, PT;REASURANSI NASIONAL INDONESIA, PT;0.3;0.6;0.6;0.18;0.35;0.325;0.6;0.6;1;01/11/2017;31/10/2018;2017/2018Customs Bond;2017/2018Customs BondASRINDA ARTHASANGGA RE BROKERS, PT
2017/2018;CB;2017/2018CB;Customs Bond;GARUDA RE;REASURANSI INDONESIA UTAMA, PT;0.3;0.25;0.25;0.036;0.35;0.325;0.12;0.12;0.48;01/11/2017;31/10/2018;2017/2018Customs Bond;2017/2018Customs BondGARUDA RE
2017/2018;CB;2017/2018CB;Customs Bond;GARUDA RE;MASKAPAI REASURANSI INDONESIA, PT;0.3;0.25;0.25;0.012;0.35;0.325;0.04;0.04;0.16;01/11/2017;31/10/2018;2017/2018Customs Bond;2017/2018Customs BondGARUDA RE
2017/2018;CB;2017/2018CB;Customs Bond;GARUDA RE;REASURANSI NUSANTARA MAKMUR, PT;0.3;0.25;0.25;0.003;0.35;0.325;0.01;0.01;0.04;01/11/2017;31/10/2018;2017/2018Customs Bond;2017/2018Customs BondGARUDA RE
2017/2018;CB;2017/2018CB;Customs Bond;GARUDA RE;ASURANSI SINAR MAS, PT;0.3;0.25;0.25;0.006;0.35;0.325;0.02;0.02;0.08;01/11/2017;31/10/2018;2017/2018Customs Bond;2017/2018Customs BondGARUDA RE
2017/2018;CB;2017/2018CB;Customs Bond;GARUDA RE;ASURANSI JASARAHARJA PUTERA;0.3;0.25;0.25;0.006;0.35;0.325;0.02;0.02;0.08;01/11/2017;31/10/2018;2017/2018Customs Bond;2017/2018Customs BondGARUDA RE
2017/2018;CB;2017/2018CB;Customs Bond;GARUDA RE;ASURANSI JASA TANIA, PT;0.3;0.25;0.25;0.003;0.35;0.325;0.01;0.01;0.04;01/11/2017;31/10/2018;2017/2018Customs Bond;2017/2018Customs BondGARUDA RE
2017/2018;CB;2017/2018CB;Customs Bond;GARUDA RE;ASURANSI BHAKTI BHAYANGKARA;0.3;0.25;0.25;0.003;0.35;0.325;0.01;0.01;0.04;01/11/2017;31/10/2018;2017/2018Customs Bond;2017/2018Customs BondGARUDA RE
2017/2018;CB;2017/2018CB;Customs Bond;GARUDA RE;ASURANSI VIDEI;0.3;0.25;0.25;0.003;0.35;0.325;0.01;0.01;0.04;01/11/2017;31/10/2018;2017/2018Customs Bond;2017/2018Customs BondGARUDA RE
2017/2018;CB;2017/2018CB;Customs Bond;GARUDA RE;ASURANSI BINAGRIYA UPAKARA, PT;0.3;0.25;0.25;0.003;0.35;0.325;0.01;0.01;0.04;01/11/2017;31/10/2018;2017/2018Customs Bond;2017/2018Customs BondGARUDA RE
2017/2018;CB;2017/2018CB;Customs Bond;TRINITY RE;TUGU REASURANSI, PT;0.3;0.15;0.15;0.027;0.35;0.325;0.09;0.09;0.6;01/11/2017;31/10/2018;2017/2018Customs Bond;2017/2018Customs BondTRINITY RE
2017/2018;CB;2017/2018CB;Customs Bond;TRINITY RE;ASURANSI JASA INDONESIA, PT;0.3;0.15;0.15;0.018;0.35;0.325;0.06;0.06;0.4;01/11/2017;31/10/2018;2017/2018Customs Bond;2017/2018Customs BondTRINITY RE
2017/2018;9;2017/20189;ENGINEERING;ASRINDA ARTHASANGGA RE BROKERS, PT;REASURANSI NASIONAL INDONESIA, PT;0.2;0.6;0.6;0.12;0.35;0.325;0.6;0.6;1;01/11/2017;31/10/2018;2017/2018ENGINEERING;2017/2018ENGINEERINGASRINDA ARTHASANGGA RE BROKERS, PT
2017/2018;9;2017/20189;ENGINEERING;GARUDA RE;REASURANSI INDONESIA UTAMA, PT;0.2;0.25;0.25;0.024;0.35;0.325;0.12;0.12;0.48;01/11/2017;31/10/2018;2017/2018ENGINEERING;2017/2018ENGINEERINGGARUDA RE
2017/2018;9;2017/20189;ENGINEERING;GARUDA RE;MASKAPAI REASURANSI INDONESIA, PT;0.2;0.25;0.25;0.008;0.35;0.325;0.04;0.04;0.16;01/11/2017;31/10/2018;2017/2018ENGINEERING;2017/2018ENGINEERINGGARUDA RE
2017/2018;9;2017/20189;ENGINEERING;GARUDA RE;REASURANSI NUSANTARA MAKMUR, PT;0.2;0.25;0.25;0.002;0.35;0.325;0.01;0.01;0.04;01/11/2017;31/10/2018;2017/2018ENGINEERING;2017/2018ENGINEERINGGARUDA RE
2017/2018;9;2017/20189;ENGINEERING;GARUDA RE;ASURANSI SINAR MAS, PT;0.2;0.25;0.25;0.004;0.35;0.325;0.02;0.02;0.08;01/11/2017;31/10/2018;2017/2018ENGINEERING;2017/2018ENGINEERINGGARUDA RE
2017/2018;9;2017/20189;ENGINEERING;GARUDA RE;ASURANSI JASARAHARJA PUTERA;0.2;0.25;0.25;0.002;0.35;0.325;0.01;0.01;0.04;01/11/2017;31/10/2018;2017/2018ENGINEERING;2017/2018ENGINEERINGGARUDA RE
2017/2018;9;2017/20189;ENGINEERING;GARUDA RE;ASURANSI JASA TANIA, PT;0.2;0.25;0.25;0.002;0.35;0.325;0.01;0.01;0.04;01/11/2017;31/10/2018;2017/2018ENGINEERING;2017/2018ENGINEERINGGARUDA RE
2017/2018;9;2017/20189;ENGINEERING;GARUDA RE;ASURANSI BUMIPUTERA MUDA, PT;0.2;0.25;0.25;0.002;0.35;0.325;0.01;0.01;0.04;01/11/2017;31/10/2018;2017/2018ENGINEERING;2017/2018ENGINEERINGGARUDA RE
2017/2018;9;2017/20189;ENGINEERING;GARUDA RE;ASURANSI BHAKTI BHAYANGKARA;0.2;0.25;0.25;0.002;0.35;0.325;0.01;0.01;0.04;01/11/2017;31/10/2018;2017/2018ENGINEERING;2017/2018ENGINEERINGGARUDA RE
2017/2018;9;2017/20189;ENGINEERING;GARUDA RE;ASURANSI VIDEI;0.2;0.25;0.25;0.002;0.35;0.325;0.01;0.01;0.04;01/11/2017;31/10/2018;2017/2018ENGINEERING;2017/2018ENGINEERINGGARUDA RE
2017/2018;9;2017/20189;ENGINEERING;GARUDA RE;ASURANSI BINAGRIYA UPAKARA, PT;0.2;0.25;0.25;0.002;0.35;0.325;0.01;0.01;0.04;01/11/2017;31/10/2018;2017/2018ENGINEERING;2017/2018ENGINEERINGGARUDA RE
2017/2018;9;2017/20189;ENGINEERING;TRINITY RE;TUGU REASURANSI, PT;0.2;0.15;0.15;0.018;0.35;0.325;0.09;0.09;0.6;01/11/2017;31/10/2018;2017/2018ENGINEERING;2017/2018ENGINEERINGTRINITY RE
2017/2018;9;2017/20189;ENGINEERING;TRINITY RE;ASURANSI JASA INDONESIA, PT;0.2;0.15;0.15;0.012;0.35;0.325;0.06;0.06;0.4;01/11/2017;31/10/2018;2017/2018ENGINEERING;2017/2018ENGINEERINGTRINITY RE
2017/2018;1;2017/20181;FIRE;ASRINDA ARTHASANGGA RE BROKERS, PT;REASURANSI NASIONAL INDONESIA, PT;0.2;0.6;0.6;0.12;0.35;0.325;0.6;0.6;1;01/11/2017;31/10/2018;2017/2018FIRE;2017/2018FIREASRINDA ARTHASANGGA RE BROKERS, PT
2017/2018;1;2017/20181;FIRE;GARUDA RE;REASURANSI INDONESIA UTAMA, PT;0.2;0.25;0.25;0.024;0.35;0.325;0.12;0.12;0.48;01/11/2017;31/10/2018;2017/2018FIRE;2017/2018FIREGARUDA RE
2017/2018;1;2017/20181;FIRE;GARUDA RE;MASKAPAI REASURANSI INDONESIA, PT;0.2;0.25;0.25;0.008;0.35;0.325;0.04;0.04;0.16;01/11/2017;31/10/2018;2017/2018FIRE;2017/2018FIREGARUDA RE
2017/2018;1;2017/20181;FIRE;GARUDA RE;REASURANSI NUSANTARA MAKMUR, PT;0.2;0.25;0.25;0.002;0.35;0.325;0.01;0.01;0.04;01/11/2017;31/10/2018;2017/2018FIRE;2017/2018FIREGARUDA RE
2017/2018;1;2017/20181;FIRE;GARUDA RE;ASURANSI SINAR MAS, PT;0.2;0.25;0.25;0.004;0.35;0.325;0.02;0.02;0.08;01/11/2017;31/10/2018;2017/2018FIRE;2017/2018FIREGARUDA RE
2017/2018;1;2017/20181;FIRE;GARUDA RE;ASURANSI JASARAHARJA PUTERA;0.2;0.25;0.25;0.002;0.35;0.325;0.01;0.01;0.04;01/11/2017;31/10/2018;2017/2018FIRE;2017/2018FIREGARUDA RE
2017/2018;1;2017/20181;FIRE;GARUDA RE;ASURANSI JASA TANIA, PT;0.2;0.25;0.25;0.002;0.35;0.325;0.01;0.01;0.04;01/11/2017;31/10/2018;2017/2018FIRE;2017/2018FIREGARUDA RE
2017/2018;1;2017/20181;FIRE;GARUDA RE;ASURANSI BUMIPUTERA MUDA, PT;0.2;0.25;0.25;0.002;0.35;0.325;0.01;0.01;0.04;01/11/2017;31/10/2018;2017/2018FIRE;2017/2018FIREGARUDA RE
2017/2018;1;2017/20181;FIRE;GARUDA RE;ASURANSI BHAKTI BHAYANGKARA;0.2;0.25;0.25;0.002;0.35;0.325;0.01;0.01;0.04;01/11/2017;31/10/2018;2017/2018FIRE;2017/2018FIREGARUDA RE
2017/2018;1;2017/20181;FIRE;GARUDA RE;ASURANSI VIDEI;0.2;0.25;0.25;0.002;0.35;0.325;0.01;0.01;0.04;01/11/2017;31/10/2018;2017/2018FIRE;2017/2018FIREGARUDA RE
2017/2018;1;2017/20181;FIRE;GARUDA RE;ASURANSI BINAGRIYA UPAKARA, PT;0.2;0.25;0.25;0.002;0.35;0.325;0.01;0.01;0.04;01/11/2017;31/10/2018;2017/2018FIRE;2017/2018FIREGARUDA RE
2017/2018;1;2017/20181;FIRE;TRINITY RE;TUGU REASURANSI, PT;0.2;0.15;0.15;0.018;0.35;0.325;0.09;0.09;0.6;01/11/2017;31/10/2018;2017/2018FIRE;2017/2018FIRETRINITY RE
2017/2018;1;2017/20181;FIRE;TRINITY RE;ASURANSI JASA INDONESIA, PT;0.2;0.15;0.15;0.012;0.35;0.325;0.06;0.06;0.4;01/11/2017;31/10/2018;2017/2018FIRE;2017/2018FIRETRINITY RE
2017/2018;15;2017/201815;GENERAL ACCIDENT;ASRINDA ARTHASANGGA RE BROKERS, PT;REASURANSI NASIONAL INDONESIA, PT;0.5;0.6;0.6;0.3;0.35;0.325;0.6;0.6;1;01/11/2017;31/10/2018;2017/2018GENERAL ACCIDENT;2017/2018GENERAL ACCIDENTASRINDA ARTHASANGGA RE BROKERS, PT
2017/2018;15;2017/201815;GENERAL ACCIDENT;GARUDA RE;REASURANSI INDONESIA UTAMA, PT;0.5;0.25;0.25;0.06;0.35;0.325;0.12;0.12;0.48;01/11/2017;31/10/2018;2017/2018GENERAL ACCIDENT;2017/2018GENERAL ACCIDENTGARUDA RE
2017/2018;15;2017/201815;GENERAL ACCIDENT;GARUDA RE;MASKAPAI REASURANSI INDONESIA, PT;0.5;0.25;0.25;0.02;0.35;0.325;0.04;0.04;0.16;01/11/2017;31/10/2018;2017/2018GENERAL ACCIDENT;2017/2018GENERAL ACCIDENTGARUDA RE
2017/2018;15;2017/201815;GENERAL ACCIDENT;GARUDA RE;REASURANSI NUSANTARA MAKMUR, PT;0.5;0.25;0.25;0.005;0.35;0.325;0.01;0.01;0.04;01/11/2017;31/10/2018;2017/2018GENERAL ACCIDENT;2017/2018GENERAL ACCIDENTGARUDA RE
2017/2018;15;2017/201815;GENERAL ACCIDENT;GARUDA RE;ASURANSI SINAR MAS, PT;0.5;0.25;0.25;0.01;0.35;0.325;0.02;0.02;0.08;01/11/2017;31/10/2018;2017/2018GENERAL ACCIDENT;2017/2018GENERAL ACCIDENTGARUDA RE
2017/2018;15;2017/201815;GENERAL ACCIDENT;GARUDA RE;ASURANSI JASARAHARJA PUTERA;0.5;0.25;0.25;0.005;0.35;0.325;0.01;0.01;0.04;01/11/2017;31/10/2018;2017/2018GENERAL ACCIDENT;2017/2018GENERAL ACCIDENTGARUDA RE
2017/2018;15;2017/201815;GENERAL ACCIDENT;GARUDA RE;ASURANSI JASA TANIA, PT;0.5;0.25;0.25;0.005;0.35;0.325;0.01;0.01;0.04;01/11/2017;31/10/2018;2017/2018GENERAL ACCIDENT;2017/2018GENERAL ACCIDENTGARUDA RE
2017/2018;15;2017/201815;GENERAL ACCIDENT;GARUDA RE;ASURANSI BUMIPUTERA MUDA, PT;0.5;0.25;0.25;0.005;0.35;0.325;0.01;0.01;0.04;01/11/2017;31/10/2018;2017/2018GENERAL ACCIDENT;2017/2018GENERAL ACCIDENTGARUDA RE
2017/2018;15;2017/201815;GENERAL ACCIDENT;GARUDA RE;ASURANSI BHAKTI BHAYANGKARA;0.5;0.25;0.25;0.005;0.35;0.325;0.01;0.01;0.04;01/11/2017;31/10/2018;2017/2018GENERAL ACCIDENT;2017/2018GENERAL ACCIDENTGARUDA RE
2017/2018;15;2017/201815;GENERAL ACCIDENT;GARUDA RE;ASURANSI VIDEI;0.5;0.25;0.25;0.005;0.35;0.325;0.01;0.01;0.04;01/11/2017;31/10/2018;2017/2018GENERAL ACCIDENT;2017/2018GENERAL ACCIDENTGARUDA RE
2017/2018;15;2017/201815;GENERAL ACCIDENT;GARUDA RE;ASURANSI BINAGRIYA UPAKARA, PT;0.5;0.25;0.25;0.005;0.35;0.325;0.01;0.01;0.04;01/11/2017;31/10/2018;2017/2018GENERAL ACCIDENT;2017/2018GENERAL ACCIDENTGARUDA RE
2017/2018;15;2017/201815;GENERAL ACCIDENT;TRINITY RE;TUGU REASURANSI, PT;0.5;0.15;0.15;0.045;0.35;0.325;0.09;0.09;0.6;01/11/2017;31/10/2018;2017/2018GENERAL ACCIDENT;2017/2018GENERAL ACCIDENTTRINITY RE
2017/2018;15;2017/201815;GENERAL ACCIDENT;TRINITY RE;ASURANSI JASA INDONESIA, PT;0.5;0.15;0.15;0.03;0.35;0.325;0.06;0.06;0.4;01/11/2017;31/10/2018;2017/2018GENERAL ACCIDENT;2017/2018GENERAL ACCIDENTTRINITY RE
2017/2018;203;2017/2018203;HEAVY EQUIPMENT;ASRINDA ARTHASANGGA RE BROKERS, PT;REASURANSI NASIONAL INDONESIA, PT;0.5;0.6;;0.3;0.35;0;0.6;0;1;01/11/2017;31/10/2018;2017/2018HEAVY EQUIPMENT;2017/2018HEAVY EQUIPMENTASRINDA ARTHASANGGA RE BROKERS, PT
2017/2018;203;2017/2018203;HEAVY EQUIPMENT;GARUDA RE;REASURANSI INDONESIA UTAMA, PT;0.5;0.25;;0.06;0.35;0;0.12;0;0.48;01/11/2017;31/10/2018;2017/2018HEAVY EQUIPMENT;2017/2018HEAVY EQUIPMENTGARUDA RE
2017/2018;203;2017/2018203;HEAVY EQUIPMENT;GARUDA RE;MASKAPAI REASURANSI INDONESIA, PT;0.5;0.25;;0.02;0.35;0;0.04;0;0.16;01/11/2017;31/10/2018;2017/2018HEAVY EQUIPMENT;2017/2018HEAVY EQUIPMENTGARUDA RE
2017/2018;203;2017/2018203;HEAVY EQUIPMENT;GARUDA RE;REASURANSI NUSANTARA MAKMUR, PT;0.5;0.25;;0.005;0.35;0;0.01;0;0.04;01/11/2017;31/10/2018;2017/2018HEAVY EQUIPMENT;2017/2018HEAVY EQUIPMENTGARUDA RE
2017/2018;203;2017/2018203;HEAVY EQUIPMENT;GARUDA RE;ASURANSI SINAR MAS, PT;0.5;0.25;;0.01;0.35;0;0.02;0;0.08;01/11/2017;31/10/2018;2017/2018HEAVY EQUIPMENT;2017/2018HEAVY EQUIPMENTGARUDA RE
2017/2018;203;2017/2018203;HEAVY EQUIPMENT;GARUDA RE;ASURANSI JASARAHARJA PUTERA;0.5;0.25;;0.005;0.35;0;0.01;0;0.04;01/11/2017;31/10/2018;2017/2018HEAVY EQUIPMENT;2017/2018HEAVY EQUIPMENTGARUDA RE
2017/2018;203;2017/2018203;HEAVY EQUIPMENT;GARUDA RE;ASURANSI JASA TANIA, PT;0.5;0.25;;0.005;0.35;0;0.01;0;0.04;01/11/2017;31/10/2018;2017/2018HEAVY EQUIPMENT;2017/2018HEAVY EQUIPMENTGARUDA RE
2017/2018;203;2017/2018203;HEAVY EQUIPMENT;GARUDA RE;ASURANSI BUMIPUTERA MUDA, PT;0.5;0.25;;0.005;0.35;0;0.01;0;0.04;01/11/2017;31/10/2018;2017/2018HEAVY EQUIPMENT;2017/2018HEAVY EQUIPMENTGARUDA RE
2017/2018;203;2017/2018203;HEAVY EQUIPMENT;GARUDA RE;ASURANSI BHAKTI BHAYANGKARA;0.5;0.25;;0.005;0.35;0;0.01;0;0.04;01/11/2017;31/10/2018;2017/2018HEAVY EQUIPMENT;2017/2018HEAVY EQUIPMENTGARUDA RE
2017/2018;203;2017/2018203;HEAVY EQUIPMENT;GARUDA RE;ASURANSI VIDEI;0.5;0.25;;0.005;0.35;0;0.01;0;0.04;01/11/2017;31/10/2018;2017/2018HEAVY EQUIPMENT;2017/2018HEAVY EQUIPMENTGARUDA RE
2017/2018;203;2017/2018203;HEAVY EQUIPMENT;GARUDA RE;ASURANSI BINAGRIYA UPAKARA, PT;0.5;0.25;;0.005;0.35;0;0.01;0;0.04;01/11/2017;31/10/2018;2017/2018HEAVY EQUIPMENT;2017/2018HEAVY EQUIPMENTGARUDA RE
2017/2018;203;2017/2018203;HEAVY EQUIPMENT;TRINITY RE;TUGU REASURANSI, PT;0.5;0.15;;0.045;0.35;0;0.09;0;0.6;01/11/2017;31/10/2018;2017/2018HEAVY EQUIPMENT;2017/2018HEAVY EQUIPMENTTRINITY RE
2017/2018;203;2017/2018203;HEAVY EQUIPMENT;TRINITY RE;ASURANSI JASA INDONESIA, PT;0.5;0.15;;0.03;0.35;0;0.06;0;0.4;01/11/2017;31/10/2018;2017/2018HEAVY EQUIPMENT;2017/2018HEAVY EQUIPMENTTRINITY RE
2017/2018;KUC;2017/2018KUC;COMMERCIAL CREDIT;ASRINDA ARTHASANGGA RE BROKERS, PT;REASURANSI NASIONAL INDONESIA, PT;0.5;0.6;0.6;0.3;0.325;0.3;0.6;0.6;1;01/11/2017;31/10/2018;2017/2018COMMERCIAL CREDIT;2017/2018COMMERCIAL CREDITASRINDA ARTHASANGGA RE BROKERS, PT
2017/2018;KUC;2017/2018KUC;COMMERCIAL CREDIT;GARUDA RE;REASURANSI INDONESIA UTAMA, PT;0.5;0.25;0.25;0.06;0.325;0.3;0.12;0.12;0.48;01/11/2017;31/10/2018;2017/2018COMMERCIAL CREDIT;2017/2018COMMERCIAL CREDITGARUDA RE
2017/2018;KUC;2017/2018KUC;COMMERCIAL CREDIT;GARUDA RE;MASKAPAI REASURANSI INDONESIA, PT;0.5;0.25;0.25;0.02;0.325;0.3;0.04;0.04;0.16;01/11/2017;31/10/2018;2017/2018COMMERCIAL CREDIT;2017/2018COMMERCIAL CREDITGARUDA RE
2017/2018;KUC;2017/2018KUC;COMMERCIAL CREDIT;GARUDA RE;REASURANSI NUSANTARA MAKMUR, PT;0.5;0.25;0.25;0.005;0.325;0.3;0.01;0.01;0.04;01/11/2017;31/10/2018;2017/2018COMMERCIAL CREDIT;2017/2018COMMERCIAL CREDITGARUDA RE
2017/2018;KUC;2017/2018KUC;COMMERCIAL CREDIT;GARUDA RE;ASURANSI SINAR MAS, PT;0.5;0.25;0.25;0.01;0.325;0.3;0.02;0.02;0.08;01/11/2017;31/10/2018;2017/2018COMMERCIAL CREDIT;2017/2018COMMERCIAL CREDITGARUDA RE
2017/2018;KUC;2017/2018KUC;COMMERCIAL CREDIT;GARUDA RE;ASURANSI JASARAHARJA PUTERA;0.5;0.25;0.25;0.01;0.325;0.3;0.02;0.02;0.08;01/11/2017;31/10/2018;2017/2018COMMERCIAL CREDIT;2017/2018COMMERCIAL CREDITGARUDA RE
2017/2018;KUC;2017/2018KUC;COMMERCIAL CREDIT;GARUDA RE;ASURANSI JASA TANIA, PT;0.5;0.25;0.25;0.005;0.325;0.3;0.01;0.01;0.04;01/11/2017;31/10/2018;2017/2018COMMERCIAL CREDIT;2017/2018COMMERCIAL CREDITGARUDA RE
2017/2018;KUC;2017/2018KUC;COMMERCIAL CREDIT;GARUDA RE;ASURANSI BHAKTI BHAYANGKARA;0.5;0.25;0.25;0.005;0.325;0.3;0.01;0.01;0.04;01/11/2017;31/10/2018;2017/2018COMMERCIAL CREDIT;2017/2018COMMERCIAL CREDITGARUDA RE
2017/2018;KUC;2017/2018KUC;COMMERCIAL CREDIT;GARUDA RE;ASURANSI VIDEI;0.5;0.25;0.25;0.005;0.325;0.3;0.01;0.01;0.04;01/11/2017;31/10/2018;2017/2018COMMERCIAL CREDIT;2017/2018COMMERCIAL CREDITGARUDA RE
2017/2018;KUC;2017/2018KUC;COMMERCIAL CREDIT;GARUDA RE;ASURANSI BINAGRIYA UPAKARA, PT;0.5;0.25;0.25;0.005;0.325;0.3;0.01;0.01;0.04;01/11/2017;31/10/2018;2017/2018COMMERCIAL CREDIT;2017/2018COMMERCIAL CREDITGARUDA RE
2017/2018;KUC;2017/2018KUC;COMMERCIAL CREDIT;TRINITY RE;TUGU REASURANSI, PT;0.5;0.15;0.15;0.045;0.325;0.3;0.09;0.09;0.6;01/11/2017;31/10/2018;2017/2018COMMERCIAL CREDIT;2017/2018COMMERCIAL CREDITTRINITY RE
2017/2018;KUC;2017/2018KUC;COMMERCIAL CREDIT;TRINITY RE;ASURANSI JASA INDONESIA, PT;0.5;0.15;0.15;0.03;0.325;0.3;0.06;0.06;0.4;01/11/2017;31/10/2018;2017/2018COMMERCIAL CREDIT;2017/2018COMMERCIAL CREDITTRINITY RE
2017/2018;KUS;2017/2018KUS;CONSUMPTIVE CREDIT;ASRINDA ARTHASANGGA RE BROKERS, PT;REASURANSI NASIONAL INDONESIA, PT;0.3;0.6;0.6;0.18;0.325;0;0.6;0.6;1;01/11/2017;31/10/2018;2017/2018CONSUMPTIVE CREDIT;2017/2018CONSUMPTIVE CREDITASRINDA ARTHASANGGA RE BROKERS, PT
2017/2018;KUS;2017/2018KUS;CONSUMPTIVE CREDIT;GARUDA RE;REASURANSI INDONESIA UTAMA, PT;0.3;0.25;0.25;0.036;0.325;0;0.12;0.12;0.48;01/11/2017;31/10/2018;2017/2018CONSUMPTIVE CREDIT;2017/2018CONSUMPTIVE CREDITGARUDA RE
2017/2018;KUS;2017/2018KUS;CONSUMPTIVE CREDIT;GARUDA RE;MASKAPAI REASURANSI INDONESIA, PT;0.3;0.25;0.25;0.012;0.325;0;0.04;0.04;0.16;01/11/2017;31/10/2018;2017/2018CONSUMPTIVE CREDIT;2017/2018CONSUMPTIVE CREDITGARUDA RE
2017/2018;KUS;2017/2018KUS;CONSUMPTIVE CREDIT;GARUDA RE;REASURANSI NUSANTARA MAKMUR, PT;0.3;0.25;0.25;0.003;0.325;0;0.01;0.01;0.04;01/11/2017;31/10/2018;2017/2018CONSUMPTIVE CREDIT;2017/2018CONSUMPTIVE CREDITGARUDA RE
2017/2018;KUS;2017/2018KUS;CONSUMPTIVE CREDIT;GARUDA RE;ASURANSI SINAR MAS, PT;0.3;0.25;0.25;0.006;0.325;0;0.02;0.02;0.08;01/11/2017;31/10/2018;2017/2018CONSUMPTIVE CREDIT;2017/2018CONSUMPTIVE CREDITGARUDA RE
2017/2018;KUS;2017/2018KUS;CONSUMPTIVE CREDIT;GARUDA RE;ASURANSI JASARAHARJA PUTERA;0.3;0.25;0.25;0.006;0.325;0;0.02;0.02;0.08;01/11/2017;31/10/2018;2017/2018CONSUMPTIVE CREDIT;2017/2018CONSUMPTIVE CREDITGARUDA RE
2017/2018;KUS;2017/2018KUS;CONSUMPTIVE CREDIT;GARUDA RE;ASURANSI JASA TANIA, PT;0.3;0.25;0.25;0.003;0.325;0;0.01;0.01;0.04;01/11/2017;31/10/2018;2017/2018CONSUMPTIVE CREDIT;2017/2018CONSUMPTIVE CREDITGARUDA RE
2017/2018;KUS;2017/2018KUS;CONSUMPTIVE CREDIT;GARUDA RE;ASURANSI BHAKTI BHAYANGKARA;0.3;0.25;0.25;0.003;0.325;0;0.01;0.01;0.04;01/11/2017;31/10/2018;2017/2018CONSUMPTIVE CREDIT;2017/2018CONSUMPTIVE CREDITGARUDA RE
2017/2018;KUS;2017/2018KUS;CONSUMPTIVE CREDIT;GARUDA RE;ASURANSI VIDEI;0.3;0.25;0.25;0.003;0.325;0;0.01;0.01;0.04;01/11/2017;31/10/2018;2017/2018CONSUMPTIVE CREDIT;2017/2018CONSUMPTIVE CREDITGARUDA RE
2017/2018;KUS;2017/2018KUS;CONSUMPTIVE CREDIT;GARUDA RE;ASURANSI BINAGRIYA UPAKARA, PT;0.3;0.25;0.25;0.003;0.325;0;0.01;0.01;0.04;01/11/2017;31/10/2018;2017/2018CONSUMPTIVE CREDIT;2017/2018CONSUMPTIVE CREDITGARUDA RE
2017/2018;KUS;2017/2018KUS;CONSUMPTIVE CREDIT;TRINITY RE;TUGU REASURANSI, PT;0.3;0.15;0.15;0.027;0.325;0;0.09;0.09;0.6;01/11/2017;31/10/2018;2017/2018CONSUMPTIVE CREDIT;2017/2018CONSUMPTIVE CREDITTRINITY RE
2017/2018;KUS;2017/2018KUS;CONSUMPTIVE CREDIT;TRINITY RE;ASURANSI JASA INDONESIA, PT;0.3;0.15;0.15;0.018;0.325;0;0.06;0.06;0.4;01/11/2017;31/10/2018;2017/2018CONSUMPTIVE CREDIT;2017/2018CONSUMPTIVE CREDITTRINITY RE
2017/2018;KBG;2017/2018KBG;Kontra Bank Garansi;ASRINDA ARTHASANGGA RE BROKERS, PT;REASURANSI NASIONAL INDONESIA, PT;0.5;0.6;0.6;0.3;0.35;0.325;0.6;0.6;1;01/11/2017;31/10/2018;2017/2018Kontra Bank Garansi;2017/2018Kontra Bank GaransiASRINDA ARTHASANGGA RE BROKERS, PT
2017/2018;KBG;2017/2018KBG;Kontra Bank Garansi;GARUDA RE;REASURANSI INDONESIA UTAMA, PT;0.5;0.25;0.25;0.06;0.35;0.325;0.12;0.12;0.48;01/11/2017;31/10/2018;2017/2018Kontra Bank Garansi;2017/2018Kontra Bank GaransiGARUDA RE
2017/2018;KBG;2017/2018KBG;Kontra Bank Garansi;GARUDA RE;MASKAPAI REASURANSI INDONESIA, PT;0.5;0.25;0.25;0.02;0.35;0.325;0.04;0.04;0.16;01/11/2017;31/10/2018;2017/2018Kontra Bank Garansi;2017/2018Kontra Bank GaransiGARUDA RE
2017/2018;KBG;2017/2018KBG;Kontra Bank Garansi;GARUDA RE;REASURANSI NUSANTARA MAKMUR, PT;0.5;0.25;0.25;0.005;0.35;0.325;0.01;0.01;0.04;01/11/2017;31/10/2018;2017/2018Kontra Bank Garansi;2017/2018Kontra Bank GaransiGARUDA RE
2017/2018;KBG;2017/2018KBG;Kontra Bank Garansi;GARUDA RE;ASURANSI SINAR MAS, PT;0.5;0.25;0.25;0.01;0.35;0.325;0.02;0.02;0.08;01/11/2017;31/10/2018;2017/2018Kontra Bank Garansi;2017/2018Kontra Bank GaransiGARUDA RE
2017/2018;KBG;2017/2018KBG;Kontra Bank Garansi;GARUDA RE;ASURANSI JASARAHARJA PUTERA;0.5;0.25;0.25;0.01;0.35;0.325;0.02;0.02;0.08;01/11/2017;31/10/2018;2017/2018Kontra Bank Garansi;2017/2018Kontra Bank GaransiGARUDA RE
2017/2018;KBG;2017/2018KBG;Kontra Bank Garansi;GARUDA RE;ASURANSI JASA TANIA, PT;0.5;0.25;0.25;0.005;0.35;0.325;0.01;0.01;0.04;01/11/2017;31/10/2018;2017/2018Kontra Bank Garansi;2017/2018Kontra Bank GaransiGARUDA RE
2017/2018;KBG;2017/2018KBG;Kontra Bank Garansi;GARUDA RE;ASURANSI BHAKTI BHAYANGKARA;0.5;0.25;0.25;0.005;0.35;0.325;0.01;0.01;0.04;01/11/2017;31/10/2018;2017/2018Kontra Bank Garansi;2017/2018Kontra Bank GaransiGARUDA RE
2017/2018;KBG;2017/2018KBG;Kontra Bank Garansi;GARUDA RE;ASURANSI VIDEI;0.5;0.25;0.25;0.005;0.35;0.325;0.01;0.01;0.04;01/11/2017;31/10/2018;2017/2018Kontra Bank Garansi;2017/2018Kontra Bank GaransiGARUDA RE
2017/2018;KBG;2017/2018KBG;Kontra Bank Garansi;GARUDA RE;ASURANSI BINAGRIYA UPAKARA, PT;0.5;0.25;0.25;0.005;0.35;0.325;0.01;0.01;0.04;01/11/2017;31/10/2018;2017/2018Kontra Bank Garansi;2017/2018Kontra Bank GaransiGARUDA RE
2017/2018;KBG;2017/2018KBG;Kontra Bank Garansi;TRINITY RE;TUGU REASURANSI, PT;0.5;0.15;0.15;0.045;0.35;0.325;0.09;0.09;0.6;01/11/2017;31/10/2018;2017/2018Kontra Bank Garansi;2017/2018Kontra Bank GaransiTRINITY RE
2017/2018;KBG;2017/2018KBG;Kontra Bank Garansi;TRINITY RE;ASURANSI JASA INDONESIA, PT;0.5;0.15;0.15;0.03;0.35;0.325;0.06;0.06;0.4;01/11/2017;31/10/2018;2017/2018Kontra Bank Garansi;2017/2018Kontra Bank GaransiTRINITY RE
2017/2018;10;2017/201810;LIABILITY;ASRINDA ARTHASANGGA RE BROKERS, PT;REASURANSI NASIONAL INDONESIA, PT;0.5;0.6;0.6;0.3;0.35;0.325;0.6;0.6;1;01/11/2017;31/10/2018;2017/2018LIABILITY;2017/2018LIABILITYASRINDA ARTHASANGGA RE BROKERS, PT
2017/2018;10;2017/201810;LIABILITY;GARUDA RE;REASURANSI INDONESIA UTAMA, PT;0.5;0.25;0.25;0.06;0.35;0.325;0.12;0.12;0.48;01/11/2017;31/10/2018;2017/2018LIABILITY;2017/2018LIABILITYGARUDA RE
2017/2018;10;2017/201810;LIABILITY;GARUDA RE;MASKAPAI REASURANSI INDONESIA, PT;0.5;0.25;0.25;0.02;0.35;0.325;0.04;0.04;0.16;01/11/2017;31/10/2018;2017/2018LIABILITY;2017/2018LIABILITYGARUDA RE
2017/2018;10;2017/201810;LIABILITY;GARUDA RE;REASURANSI NUSANTARA MAKMUR, PT;0.5;0.25;0.25;0.005;0.35;0.325;0.01;0.01;0.04;01/11/2017;31/10/2018;2017/2018LIABILITY;2017/2018LIABILITYGARUDA RE
2017/2018;10;2017/201810;LIABILITY;GARUDA RE;ASURANSI SINAR MAS, PT;0.5;0.25;0.25;0.01;0.35;0.325;0.02;0.02;0.08;01/11/2017;31/10/2018;2017/2018LIABILITY;2017/2018LIABILITYGARUDA RE
2017/2018;10;2017/201810;LIABILITY;GARUDA RE;ASURANSI JASARAHARJA PUTERA;0.5;0.25;0.25;0.005;0.35;0.325;0.01;0.01;0.04;01/11/2017;31/10/2018;2017/2018LIABILITY;2017/2018LIABILITYGARUDA RE
2017/2018;10;2017/201810;LIABILITY;GARUDA RE;ASURANSI JASA TANIA, PT;0.5;0.25;0.25;0.005;0.35;0.325;0.01;0.01;0.04;01/11/2017;31/10/2018;2017/2018LIABILITY;2017/2018LIABILITYGARUDA RE
2017/2018;10;2017/201810;LIABILITY;GARUDA RE;ASURANSI BUMIPUTERA MUDA, PT;0.5;0.25;0.25;0.005;0.35;0.325;0.01;0.01;0.04;01/11/2017;31/10/2018;2017/2018LIABILITY;2017/2018LIABILITYGARUDA RE
2017/2018;10;2017/201810;LIABILITY;GARUDA RE;ASURANSI BHAKTI BHAYANGKARA;0.5;0.25;0.25;0.005;0.35;0.325;0.01;0.01;0.04;01/11/2017;31/10/2018;2017/2018LIABILITY;2017/2018LIABILITYGARUDA RE
2017/2018;10;2017/201810;LIABILITY;GARUDA RE;ASURANSI VIDEI;0.5;0.25;0.25;0.005;0.35;0.325;0.01;0.01;0.04;01/11/2017;31/10/2018;2017/2018LIABILITY;2017/2018LIABILITYGARUDA RE
2017/2018;10;2017/201810;LIABILITY;GARUDA RE;ASURANSI BINAGRIYA UPAKARA, PT;0.5;0.25;0.25;0.005;0.35;0.325;0.01;0.01;0.04;01/11/2017;31/10/2018;2017/2018LIABILITY;2017/2018LIABILITYGARUDA RE
2017/2018;10;2017/201810;LIABILITY;TRINITY RE;TUGU REASURANSI, PT;0.5;0.15;0.15;0.045;0.35;0.325;0.09;0.09;0.6;01/11/2017;31/10/2018;2017/2018LIABILITY;2017/2018LIABILITYTRINITY RE
2017/2018;10;2017/201810;LIABILITY;TRINITY RE;ASURANSI JASA INDONESIA, PT;0.5;0.15;0.15;0.03;0.35;0.325;0.06;0.06;0.4;01/11/2017;31/10/2018;2017/2018LIABILITY;2017/2018LIABILITYTRINITY RE
2017/2018;3;2017/20183;MARINE CARGO;ASRINDA ARTHASANGGA RE BROKERS, PT;REASURANSI NASIONAL INDONESIA, PT;0.25;0.6;0.6;0.15;0.35;0.325;0.6;0.6;1;01/11/2017;31/10/2018;2017/2018MARINE CARGO;2017/2018MARINE CARGOASRINDA ARTHASANGGA RE BROKERS, PT
2017/2018;3;2017/20183;MARINE CARGO;GARUDA RE;REASURANSI INDONESIA UTAMA, PT;0.25;0.25;0.25;0.03;0.35;0.325;0.12;0.12;0.48;01/11/2017;31/10/2018;2017/2018MARINE CARGO;2017/2018MARINE CARGOGARUDA RE
2017/2018;3;2017/20183;MARINE CARGO;GARUDA RE;MASKAPAI REASURANSI INDONESIA, PT;0.25;0.25;0.25;0.01;0.35;0.325;0.04;0.04;0.16;01/11/2017;31/10/2018;2017/2018MARINE CARGO;2017/2018MARINE CARGOGARUDA RE
2017/2018;3;2017/20183;MARINE CARGO;GARUDA RE;REASURANSI NUSANTARA MAKMUR, PT;0.25;0.25;0.25;0.0025;0.35;0.325;0.01;0.01;0.04;01/11/2017;31/10/2018;2017/2018MARINE CARGO;2017/2018MARINE CARGOGARUDA RE
2017/2018;3;2017/20183;MARINE CARGO;GARUDA RE;ASURANSI SINAR MAS, PT;0.25;0.25;0.25;0.005;0.35;0.325;0.02;0.02;0.08;01/11/2017;31/10/2018;2017/2018MARINE CARGO;2017/2018MARINE CARGOGARUDA RE
2017/2018;3;2017/20183;MARINE CARGO;GARUDA RE;ASURANSI JASARAHARJA PUTERA;0.25;0.25;0.25;0.0025;0.35;0.325;0.01;0.01;0.04;01/11/2017;31/10/2018;2017/2018MARINE CARGO;2017/2018MARINE CARGOGARUDA RE
2017/2018;3;2017/20183;MARINE CARGO;GARUDA RE;ASURANSI JASA TANIA, PT;0.25;0.25;0.25;0.0025;0.35;0.325;0.01;0.01;0.04;01/11/2017;31/10/2018;2017/2018MARINE CARGO;2017/2018MARINE CARGOGARUDA RE
2017/2018;3;2017/20183;MARINE CARGO;GARUDA RE;ASURANSI BUMIPUTERA MUDA, PT;0.25;0.25;0.25;0.0025;0.35;0.325;0.01;0.01;0.04;01/11/2017;31/10/2018;2017/2018MARINE CARGO;2017/2018MARINE CARGOGARUDA RE
2017/2018;3;2017/20183;MARINE CARGO;GARUDA RE;ASURANSI BHAKTI BHAYANGKARA;0.25;0.25;0.25;0.0025;0.35;0.325;0.01;0.01;0.04;01/11/2017;31/10/2018;2017/2018MARINE CARGO;2017/2018MARINE CARGOGARUDA RE
2017/2018;3;2017/20183;MARINE CARGO;GARUDA RE;ASURANSI VIDEI;0.25;0.25;0.25;0.0025;0.35;0.325;0.01;0.01;0.04;01/11/2017;31/10/2018;2017/2018MARINE CARGO;2017/2018MARINE CARGOGARUDA RE
2017/2018;3;2017/20183;MARINE CARGO;GARUDA RE;ASURANSI BINAGRIYA UPAKARA, PT;0.25;0.25;0.25;0.0025;0.35;0.325;0.01;0.01;0.04;01/11/2017;31/10/2018;2017/2018MARINE CARGO;2017/2018MARINE CARGOGARUDA RE
2017/2018;3;2017/20183;MARINE CARGO;TRINITY RE;TUGU REASURANSI, PT;0.25;0.15;0.15;0.0225;0.35;0.325;0.09;0.09;0.6;01/11/2017;31/10/2018;2017/2018MARINE CARGO;2017/2018MARINE CARGOTRINITY RE
2017/2018;3;2017/20183;MARINE CARGO;TRINITY RE;ASURANSI JASA INDONESIA, PT;0.25;0.15;0.15;0.015;0.35;0.325;0.06;0.06;0.4;01/11/2017;31/10/2018;2017/2018MARINE CARGO;2017/2018MARINE CARGOTRINITY RE
2017/2018;4;2017/20184;MARINE HULL;ASRINDA ARTHASANGGA RE BROKERS, PT;REASURANSI NASIONAL INDONESIA, PT;0.5;0.6;0.6;0.3;0.35;0.325;0.6;0.6;1;01/11/2017;31/10/2018;2017/2018MARINE HULL;2017/2018MARINE HULLASRINDA ARTHASANGGA RE BROKERS, PT
2017/2018;4;2017/20184;MARINE HULL;GARUDA RE;REASURANSI INDONESIA UTAMA, PT;0.5;0.25;0.25;0.06;0.35;0.325;0.12;0.12;0.48;01/11/2017;31/10/2018;2017/2018MARINE HULL;2017/2018MARINE HULLGARUDA RE
2017/2018;4;2017/20184;MARINE HULL;GARUDA RE;MASKAPAI REASURANSI INDONESIA, PT;0.5;0.25;0.25;0.02;0.35;0.325;0.04;0.04;0.16;01/11/2017;31/10/2018;2017/2018MARINE HULL;2017/2018MARINE HULLGARUDA RE
2017/2018;4;2017/20184;MARINE HULL;GARUDA RE;REASURANSI NUSANTARA MAKMUR, PT;0.5;0.25;0.25;0.005;0.35;0.325;0.01;0.01;0.04;01/11/2017;31/10/2018;2017/2018MARINE HULL;2017/2018MARINE HULLGARUDA RE
2017/2018;4;2017/20184;MARINE HULL;GARUDA RE;ASURANSI SINAR MAS, PT;0.5;0.25;0.25;0.01;0.35;0.325;0.02;0.02;0.08;01/11/2017;31/10/2018;2017/2018MARINE HULL;2017/2018MARINE HULLGARUDA RE
2017/2018;4;2017/20184;MARINE HULL;GARUDA RE;ASURANSI JASARAHARJA PUTERA;0.5;0.25;0.25;0.005;0.35;0.325;0.01;0.01;0.04;01/11/2017;31/10/2018;2017/2018MARINE HULL;2017/2018MARINE HULLGARUDA RE
2017/2018;4;2017/20184;MARINE HULL;GARUDA RE;ASURANSI JASA TANIA, PT;0.5;0.25;0.25;0.005;0.35;0.325;0.01;0.01;0.04;01/11/2017;31/10/2018;2017/2018MARINE HULL;2017/2018MARINE HULLGARUDA RE
2017/2018;4;2017/20184;MARINE HULL;GARUDA RE;ASURANSI BUMIPUTERA MUDA, PT;0.5;0.25;0.25;0.005;0.35;0.325;0.01;0.01;0.04;01/11/2017;31/10/2018;2017/2018MARINE HULL;2017/2018MARINE HULLGARUDA RE
2017/2018;4;2017/20184;MARINE HULL;GARUDA RE;ASURANSI BHAKTI BHAYANGKARA;0.5;0.25;0.25;0.005;0.35;0.325;0.01;0.01;0.04;01/11/2017;31/10/2018;2017/2018MARINE HULL;2017/2018MARINE HULLGARUDA RE
2017/2018;4;2017/20184;MARINE HULL;GARUDA RE;ASURANSI VIDEI;0.5;0.25;0.25;0.005;0.35;0.325;0.01;0.01;0.04;01/11/2017;31/10/2018;2017/2018MARINE HULL;2017/2018MARINE HULLGARUDA RE
2017/2018;4;2017/20184;MARINE HULL;GARUDA RE;ASURANSI BINAGRIYA UPAKARA, PT;0.5;0.25;0.25;0.005;0.35;0.325;0.01;0.01;0.04;01/11/2017;31/10/2018;2017/2018MARINE HULL;2017/2018MARINE HULLGARUDA RE
2017/2018;4;2017/20184;MARINE HULL;TRINITY RE;TUGU REASURANSI, PT;0.5;0.15;0.15;0.045;0.35;0.325;0.09;0.09;0.6;01/11/2017;31/10/2018;2017/2018MARINE HULL;2017/2018MARINE HULLTRINITY RE
2017/2018;4;2017/20184;MARINE HULL;TRINITY RE;ASURANSI JASA INDONESIA, PT;0.5;0.15;0.15;0.03;0.35;0.325;0.06;0.06;0.4;01/11/2017;31/10/2018;2017/2018MARINE HULL;2017/2018MARINE HULLTRINITY RE
2017/2018;2;2017/20182;MOTOR VEHICLE;ASRINDA ARTHASANGGA RE BROKERS, PT;REASURANSI NASIONAL INDONESIA, PT;0.55;0.6;0.6;0.33;0.35;0.325;0.6;0.6;1;01/11/2017;31/10/2018;2017/2018MOTOR VEHICLE;2017/2018MOTOR VEHICLEASRINDA ARTHASANGGA RE BROKERS, PT
2017/2018;2;2017/20182;MOTOR VEHICLE;GARUDA RE;REASURANSI INDONESIA UTAMA, PT;0.55;0.25;0.25;0.066;0.35;0.325;0.12;0.12;0.48;01/11/2017;31/10/2018;2017/2018MOTOR VEHICLE;2017/2018MOTOR VEHICLEGARUDA RE
2017/2018;2;2017/20182;MOTOR VEHICLE;GARUDA RE;MASKAPAI REASURANSI INDONESIA, PT;0.55;0.25;0.25;0.022;0.35;0.325;0.04;0.04;0.16;01/11/2017;31/10/2018;2017/2018MOTOR VEHICLE;2017/2018MOTOR VEHICLEGARUDA RE
2017/2018;2;2017/20182;MOTOR VEHICLE;GARUDA RE;REASURANSI NUSANTARA MAKMUR, PT;0.55;0.25;0.25;0.0055;0.35;0.325;0.01;0.01;0.04;01/11/2017;31/10/2018;2017/2018MOTOR VEHICLE;2017/2018MOTOR VEHICLEGARUDA RE
2017/2018;2;2017/20182;MOTOR VEHICLE;GARUDA RE;ASURANSI SINAR MAS, PT;0.55;0.25;0.25;0.011;0.35;0.325;0.02;0.02;0.08;01/11/2017;31/10/2018;2017/2018MOTOR VEHICLE;2017/2018MOTOR VEHICLEGARUDA RE
2017/2018;2;2017/20182;MOTOR VEHICLE;GARUDA RE;ASURANSI JASARAHARJA PUTERA;0.55;0.25;0.25;0.0055;0.35;0.325;0.01;0.01;0.04;01/11/2017;31/10/2018;2017/2018MOTOR VEHICLE;2017/2018MOTOR VEHICLEGARUDA RE
2017/2018;2;2017/20182;MOTOR VEHICLE;GARUDA RE;ASURANSI JASA TANIA, PT;0.55;0.25;0.25;0.0055;0.35;0.325;0.01;0.01;0.04;01/11/2017;31/10/2018;2017/2018MOTOR VEHICLE;2017/2018MOTOR VEHICLEGARUDA RE
2017/2018;2;2017/20182;MOTOR VEHICLE;GARUDA RE;ASURANSI BUMIPUTERA MUDA, PT;0.55;0.25;0.25;0.0055;0.35;0.325;0.01;0.01;0.04;01/11/2017;31/10/2018;2017/2018MOTOR VEHICLE;2017/2018MOTOR VEHICLEGARUDA RE
2017/2018;2;2017/20182;MOTOR VEHICLE;GARUDA RE;ASURANSI BHAKTI BHAYANGKARA;0.55;0.25;0.25;0.0055;0.35;0.325;0.01;0.01;0.04;01/11/2017;31/10/2018;2017/2018MOTOR VEHICLE;2017/2018MOTOR VEHICLEGARUDA RE
2017/2018;2;2017/20182;MOTOR VEHICLE;GARUDA RE;ASURANSI VIDEI;0.55;0.25;0.25;0.0055;0.35;0.325;0.01;0.01;0.04;01/11/2017;31/10/2018;2017/2018MOTOR VEHICLE;2017/2018MOTOR VEHICLEGARUDA RE
2017/2018;2;2017/20182;MOTOR VEHICLE;GARUDA RE;ASURANSI BINAGRIYA UPAKARA, PT;0.55;0.25;0.25;0.0055;0.35;0.325;0.01;0.01;0.04;01/11/2017;31/10/2018;2017/2018MOTOR VEHICLE;2017/2018MOTOR VEHICLEGARUDA RE
2017/2018;2;2017/20182;MOTOR VEHICLE;TRINITY RE;TUGU REASURANSI, PT;0.55;0.15;0.15;0.0495;0.35;0.325;0.09;0.09;0.6;01/11/2017;31/10/2018;2017/2018MOTOR VEHICLE;2017/2018MOTOR VEHICLETRINITY RE
2017/2018;2;2017/20182;MOTOR VEHICLE;TRINITY RE;ASURANSI JASA INDONESIA, PT;0.55;0.15;0.15;0.033;0.35;0.325;0.06;0.06;0.4;01/11/2017;31/10/2018;2017/2018MOTOR VEHICLE;2017/2018MOTOR VEHICLETRINITY RE
2017/2018;OIL;2017/2018OIL;OIL & GAS;ASRINDA ARTHASANGGA RE BROKERS, PT;REASURANSI NASIONAL INDONESIA, PT;0.7;0.6;;0.42;0.25;0;0.6;0;1;01/11/2017;31/10/2018;2017/2018OIL & GAS;2017/2018OIL & GASASRINDA ARTHASANGGA RE BROKERS, PT
2017/2018;OIL;2017/2018OIL;OIL & GAS;GARUDA RE;REASURANSI INDONESIA UTAMA, PT;0.7;0.25;;0.084;0.25;0;0.12;0;0.48;01/11/2017;31/10/2018;2017/2018OIL & GAS;2017/2018OIL & GASGARUDA RE
2017/2018;OIL;2017/2018OIL;OIL & GAS;GARUDA RE;MASKAPAI REASURANSI INDONESIA, PT;0.7;0.25;;0.028;0.25;0;0.04;0;0.16;01/11/2017;31/10/2018;2017/2018OIL & GAS;2017/2018OIL & GASGARUDA RE
2017/2018;OIL;2017/2018OIL;OIL & GAS;GARUDA RE;REASURANSI NUSANTARA MAKMUR, PT;0.7;0.25;;0.007;0.25;0;0.01;0;0.04;01/11/2017;31/10/2018;2017/2018OIL & GAS;2017/2018OIL & GASGARUDA RE
2017/2018;OIL;2017/2018OIL;OIL & GAS;GARUDA RE;ASURANSI SINAR MAS, PT;0.7;0.25;;0.014;0.25;0;0.02;0;0.08;01/11/2017;31/10/2018;2017/2018OIL & GAS;2017/2018OIL & GASGARUDA RE
2017/2018;OIL;2017/2018OIL;OIL & GAS;GARUDA RE;ASURANSI JASARAHARJA PUTERA;0.7;0.25;;0.007;0.25;0;0.01;0;0.04;01/11/2017;31/10/2018;2017/2018OIL & GAS;2017/2018OIL & GASGARUDA RE
2017/2018;OIL;2017/2018OIL;OIL & GAS;GARUDA RE;ASURANSI JASA TANIA, PT;0.7;0.25;;0.007;0.25;0;0.01;0;0.04;01/11/2017;31/10/2018;2017/2018OIL & GAS;2017/2018OIL & GASGARUDA RE
2017/2018;OIL;2017/2018OIL;OIL & GAS;GARUDA RE;ASURANSI BUMIPUTERA MUDA, PT;0.7;0.25;;0.007;0.25;0;0.01;0;0.04;01/11/2017;31/10/2018;2017/2018OIL & GAS;2017/2018OIL & GASGARUDA RE
2017/2018;OIL;2017/2018OIL;OIL & GAS;GARUDA RE;ASURANSI BHAKTI BHAYANGKARA;0.7;0.25;;0.007;0.25;0;0.01;0;0.04;01/11/2017;31/10/2018;2017/2018OIL & GAS;2017/2018OIL & GASGARUDA RE
2017/2018;OIL;2017/2018OIL;OIL & GAS;GARUDA RE;ASURANSI VIDEI;0.7;0.25;;0.007;0.25;0;0.01;0;0.04;01/11/2017;31/10/2018;2017/2018OIL & GAS;2017/2018OIL & GASGARUDA RE
2017/2018;OIL;2017/2018OIL;OIL & GAS;GARUDA RE;ASURANSI BINAGRIYA UPAKARA, PT;0.7;0.25;;0.007;0.25;0;0.01;0;0.04;01/11/2017;31/10/2018;2017/2018OIL & GAS;2017/2018OIL & GASGARUDA RE
2017/2018;OIL;2017/2018OIL;OIL & GAS;TRINITY RE;TUGU REASURANSI, PT;0.7;0.15;;0.063;0.25;0;0.09;0;0.6;01/11/2017;31/10/2018;2017/2018OIL & GAS;2017/2018OIL & GASTRINITY RE
2017/2018;OIL;2017/2018OIL;OIL & GAS;TRINITY RE;ASURANSI JASA INDONESIA, PT;0.7;0.15;;0.042;0.25;0;0.06;0;0.4;01/11/2017;31/10/2018;2017/2018OIL & GAS;2017/2018OIL & GASTRINITY RE
2017/2018;11;2017/201811;PERSONAL ACCIDENT;ASRINDA ARTHASANGGA RE BROKERS, PT;REASURANSI NASIONAL INDONESIA, PT;0.5;0.6;0.6;0.3;0.35;0.325;0.6;0.6;1;01/11/2017;31/10/2018;2017/2018PERSONAL ACCIDENT;2017/2018PERSONAL ACCIDENTASRINDA ARTHASANGGA RE BROKERS, PT
2017/2018;11;2017/201811;PERSONAL ACCIDENT;GARUDA RE;REASURANSI INDONESIA UTAMA, PT;0.5;0.25;0.25;0.06;0.35;0.325;0.12;0.12;0.48;01/11/2017;31/10/2018;2017/2018PERSONAL ACCIDENT;2017/2018PERSONAL ACCIDENTGARUDA RE
2017/2018;11;2017/201811;PERSONAL ACCIDENT;GARUDA RE;MASKAPAI REASURANSI INDONESIA, PT;0.5;0.25;0.25;0.02;0.35;0.325;0.04;0.04;0.16;01/11/2017;31/10/2018;2017/2018PERSONAL ACCIDENT;2017/2018PERSONAL ACCIDENTGARUDA RE
2017/2018;11;2017/201811;PERSONAL ACCIDENT;GARUDA RE;REASURANSI NUSANTARA MAKMUR, PT;0.5;0.25;0.25;0.005;0.35;0.325;0.01;0.01;0.04;01/11/2017;31/10/2018;2017/2018PERSONAL ACCIDENT;2017/2018PERSONAL ACCIDENTGARUDA RE
2017/2018;11;2017/201811;PERSONAL ACCIDENT;GARUDA RE;ASURANSI SINAR MAS, PT;0.5;0.25;0.25;0.01;0.35;0.325;0.02;0.02;0.08;01/11/2017;31/10/2018;2017/2018PERSONAL ACCIDENT;2017/2018PERSONAL ACCIDENTGARUDA RE
2017/2018;11;2017/201811;PERSONAL ACCIDENT;GARUDA RE;ASURANSI JASARAHARJA PUTERA;0.5;0.25;0.25;0.005;0.35;0.325;0.01;0.01;0.04;01/11/2017;31/10/2018;2017/2018PERSONAL ACCIDENT;2017/2018PERSONAL ACCIDENTGARUDA RE
2017/2018;11;2017/201811;PERSONAL ACCIDENT;GARUDA RE;ASURANSI JASA TANIA, PT;0.5;0.25;0.25;0.005;0.35;0.325;0.01;0.01;0.04;01/11/2017;31/10/2018;2017/2018PERSONAL ACCIDENT;2017/2018PERSONAL ACCIDENTGARUDA RE
2017/2018;11;2017/201811;PERSONAL ACCIDENT;GARUDA RE;ASURANSI BUMIPUTERA MUDA, PT;0.5;0.25;0.25;0.005;0.35;0.325;0.01;0.01;0.04;01/11/2017;31/10/2018;2017/2018PERSONAL ACCIDENT;2017/2018PERSONAL ACCIDENTGARUDA RE
2017/2018;11;2017/201811;PERSONAL ACCIDENT;GARUDA RE;ASURANSI BHAKTI BHAYANGKARA;0.5;0.25;0.25;0.005;0.35;0.325;0.01;0.01;0.04;01/11/2017;31/10/2018;2017/2018PERSONAL ACCIDENT;2017/2018PERSONAL ACCIDENTGARUDA RE
2017/2018;11;2017/201811;PERSONAL ACCIDENT;GARUDA RE;ASURANSI VIDEI;0.5;0.25;0.25;0.005;0.35;0.325;0.01;0.01;0.04;01/11/2017;31/10/2018;2017/2018PERSONAL ACCIDENT;2017/2018PERSONAL ACCIDENTGARUDA RE
2017/2018;11;2017/201811;PERSONAL ACCIDENT;GARUDA RE;ASURANSI BINAGRIYA UPAKARA, PT;0.5;0.25;0.25;0.005;0.35;0.325;0.01;0.01;0.04;01/11/2017;31/10/2018;2017/2018PERSONAL ACCIDENT;2017/2018PERSONAL ACCIDENTGARUDA RE
2017/2018;11;2017/201811;PERSONAL ACCIDENT;TRINITY RE;TUGU REASURANSI, PT;0.5;0.15;0.15;0.045;0.35;0.325;0.09;0.09;0.6;01/11/2017;31/10/2018;2017/2018PERSONAL ACCIDENT;2017/2018PERSONAL ACCIDENTTRINITY RE
2017/2018;11;2017/201811;PERSONAL ACCIDENT;TRINITY RE;ASURANSI JASA INDONESIA, PT;0.5;0.15;0.15;0.03;0.35;0.325;0.06;0.06;0.4;01/11/2017;31/10/2018;2017/2018PERSONAL ACCIDENT;2017/2018PERSONAL ACCIDENTTRINITY RE
2017/2018;KUK;2017/2018KUK;PRODUCTIVE CREDIT;ASRINDA ARTHASANGGA RE BROKERS, PT;REASURANSI NASIONAL INDONESIA, PT;0.7;0.6;;0.42;0.3;0;0.6;0;1;01/11/2017;31/10/2018;2017/2018PRODUCTIVE CREDIT;2017/2018PRODUCTIVE CREDITASRINDA ARTHASANGGA RE BROKERS, PT
2017/2018;KUK;2017/2018KUK;PRODUCTIVE CREDIT;GARUDA RE;REASURANSI INDONESIA UTAMA, PT;0.7;0.25;;0.084;0.3;0;0.12;0;0.48;01/11/2017;31/10/2018;2017/2018PRODUCTIVE CREDIT;2017/2018PRODUCTIVE CREDITGARUDA RE
2017/2018;KUK;2017/2018KUK;PRODUCTIVE CREDIT;GARUDA RE;MASKAPAI REASURANSI INDONESIA, PT;0.7;0.25;;0.028;0.3;0;0.04;0;0.16;01/11/2017;31/10/2018;2017/2018PRODUCTIVE CREDIT;2017/2018PRODUCTIVE CREDITGARUDA RE
2017/2018;KUK;2017/2018KUK;PRODUCTIVE CREDIT;GARUDA RE;REASURANSI NUSANTARA MAKMUR, PT;0.7;0.25;;0.007;0.3;0;0.01;0;0.04;01/11/2017;31/10/2018;2017/2018PRODUCTIVE CREDIT;2017/2018PRODUCTIVE CREDITGARUDA RE
2017/2018;KUK;2017/2018KUK;PRODUCTIVE CREDIT;GARUDA RE;ASURANSI SINAR MAS, PT;0.7;0.25;;0.014;0.3;0;0.02;0;0.08;01/11/2017;31/10/2018;2017/2018PRODUCTIVE CREDIT;2017/2018PRODUCTIVE CREDITGARUDA RE
2017/2018;KUK;2017/2018KUK;PRODUCTIVE CREDIT;GARUDA RE;ASURANSI JASARAHARJA PUTERA;0.7;0.25;;0.014;0.3;0;0.02;0;0.08;01/11/2017;31/10/2018;2017/2018PRODUCTIVE CREDIT;2017/2018PRODUCTIVE CREDITGARUDA RE
2017/2018;KUK;2017/2018KUK;PRODUCTIVE CREDIT;GARUDA RE;ASURANSI JASA TANIA, PT;0.7;0.25;;0.007;0.3;0;0.01;0;0.04;01/11/2017;31/10/2018;2017/2018PRODUCTIVE CREDIT;2017/2018PRODUCTIVE CREDITGARUDA RE
2017/2018;KUK;2017/2018KUK;PRODUCTIVE CREDIT;GARUDA RE;ASURANSI BHAKTI BHAYANGKARA;0.7;0.25;;0.007;0.3;0;0.01;0;0.04;01/11/2017;31/10/2018;2017/2018PRODUCTIVE CREDIT;2017/2018PRODUCTIVE CREDITGARUDA RE
2017/2018;KUK;2017/2018KUK;PRODUCTIVE CREDIT;GARUDA RE;ASURANSI VIDEI;0.7;0.25;;0.007;0.3;0;0.01;0;0.04;01/11/2017;31/10/2018;2017/2018PRODUCTIVE CREDIT;2017/2018PRODUCTIVE CREDITGARUDA RE
2017/2018;KUK;2017/2018KUK;PRODUCTIVE CREDIT;GARUDA RE;ASURANSI BINAGRIYA UPAKARA, PT;0.7;0.25;;0.007;0.3;0;0.01;0;0.04;01/11/2017;31/10/2018;2017/2018PRODUCTIVE CREDIT;2017/2018PRODUCTIVE CREDITGARUDA RE
2017/2018;KUK;2017/2018KUK;PRODUCTIVE CREDIT;TRINITY RE;TUGU REASURANSI, PT;0.7;0.15;;0.063;0.3;0;0.09;0;0.6;01/11/2017;31/10/2018;2017/2018PRODUCTIVE CREDIT;2017/2018PRODUCTIVE CREDITTRINITY RE
2017/2018;KUK;2017/2018KUK;PRODUCTIVE CREDIT;TRINITY RE;ASURANSI JASA INDONESIA, PT;0.7;0.15;;0.042;0.3;0;0.06;0;0.4;01/11/2017;31/10/2018;2017/2018PRODUCTIVE CREDIT;2017/2018PRODUCTIVE CREDITTRINITY RE
2017/2018;SB;2017/2018SB;Surety Bond;ASRINDA ARTHASANGGA RE BROKERS, PT;REASURANSI NASIONAL INDONESIA, PT;0.3;0.6;0.6;0.18;0.35;0.325;0.6;0.6;1;01/11/2017;31/10/2018;2017/2018Surety Bond;2017/2018Surety BondASRINDA ARTHASANGGA RE BROKERS, PT
2017/2018;SB;2017/2018SB;Surety Bond;GARUDA RE;REASURANSI INDONESIA UTAMA, PT;0.3;0.25;0.25;0.036;0.35;0.325;0.12;0.12;0.48;01/11/2017;31/10/2018;2017/2018Surety Bond;2017/2018Surety BondGARUDA RE
2017/2018;SB;2017/2018SB;Surety Bond;GARUDA RE;MASKAPAI REASURANSI INDONESIA, PT;0.3;0.25;0.25;0.012;0.35;0.325;0.04;0.04;0.16;01/11/2017;31/10/2018;2017/2018Surety Bond;2017/2018Surety BondGARUDA RE
2017/2018;SB;2017/2018SB;Surety Bond;GARUDA RE;REASURANSI NUSANTARA MAKMUR, PT;0.3;0.25;0.25;0.003;0.35;0.325;0.01;0.01;0.04;01/11/2017;31/10/2018;2017/2018Surety Bond;2017/2018Surety BondGARUDA RE
2017/2018;SB;2017/2018SB;Surety Bond;GARUDA RE;ASURANSI SINAR MAS, PT;0.3;0.25;0.25;0.006;0.35;0.325;0.02;0.02;0.08;01/11/2017;31/10/2018;2017/2018Surety Bond;2017/2018Surety BondGARUDA RE
2017/2018;SB;2017/2018SB;Surety Bond;GARUDA RE;ASURANSI JASARAHARJA PUTERA;0.3;0.25;0.25;0.006;0.35;0.325;0.02;0.02;0.08;01/11/2017;31/10/2018;2017/2018Surety Bond;2017/2018Surety BondGARUDA RE
2017/2018;SB;2017/2018SB;Surety Bond;GARUDA RE;ASURANSI JASA TANIA, PT;0.3;0.25;0.25;0.003;0.35;0.325;0.01;0.01;0.04;01/11/2017;31/10/2018;2017/2018Surety Bond;2017/2018Surety BondGARUDA RE
2017/2018;SB;2017/2018SB;Surety Bond;GARUDA RE;ASURANSI BHAKTI BHAYANGKARA;0.3;0.25;0.25;0.003;0.35;0.325;0.01;0.01;0.04;01/11/2017;31/10/2018;2017/2018Surety Bond;2017/2018Surety BondGARUDA RE
2017/2018;SB;2017/2018SB;Surety Bond;GARUDA RE;ASURANSI VIDEI;0.3;0.25;0.25;0.003;0.35;0.325;0.01;0.01;0.04;01/11/2017;31/10/2018;2017/2018Surety Bond;2017/2018Surety BondGARUDA RE
2017/2018;SB;2017/2018SB;Surety Bond;GARUDA RE;ASURANSI BINAGRIYA UPAKARA, PT;0.3;0.25;0.25;0.003;0.35;0.325;0.01;0.01;0.04;01/11/2017;31/10/2018;2017/2018Surety Bond;2017/2018Surety BondGARUDA RE
2017/2018;SB;2017/2018SB;Surety Bond;TRINITY RE;TUGU REASURANSI, PT;0.3;0.15;0.15;0.027;0.35;0.325;0.09;0.09;0.6;01/11/2017;31/10/2018;2017/2018Surety Bond;2017/2018Surety BondTRINITY RE
2017/2018;SB;2017/2018SB;Surety Bond;TRINITY RE;ASURANSI JASA INDONESIA, PT;0.3;0.15;0.15;0.018;0.35;0.325;0.06;0.06;0.4;01/11/2017;31/10/2018;2017/2018Surety Bond;2017/2018Surety BondTRINITY RE
2018/2019;TRC;2018/2019TRC;TRADE CREDIT;ASRINDA ARTHASANGGA RE BROKERS, PT;REASURANSI NASIONAL INDONESIA, PT;0.3;0.6;0.6;0.18;0.33;0.305;0.6;0.6;1;01/11/2018;31/12/2019;2018/2019TRADE CREDIT;2018/2019TRADE CREDITASRINDA ARTHASANGGA RE BROKERS, PT
2018/2019;TRC;2018/2019TRC;TRADE CREDIT;GARUDA RE;ASURANSI BHAKTI BHAYANGKARA;0.3;0.25;0.25;0.003;0.33;0.305;0.01;0.01;0.04;01/11/2018;31/12/2019;2018/2019TRADE CREDIT;2018/2019TRADE CREDITGARUDA RE
2018/2019;TRC;2018/2019TRC;TRADE CREDIT;GARUDA RE;ASURANSI BINAGRIYA UPAKARA, PT;0.3;0.25;0.25;0.003;0.33;0.305;0.01;0.01;0.04;01/11/2018;31/12/2019;2018/2019TRADE CREDIT;2018/2019TRADE CREDITGARUDA RE
2018/2019;TRC;2018/2019TRC;TRADE CREDIT;GARUDA RE;ASURANSI JASARAHARJA PUTERA;0.3;0.25;0.25;0.006;0.33;0.305;0.02;0.02;0.08;01/11/2018;31/12/2019;2018/2019TRADE CREDIT;2018/2019TRADE CREDITGARUDA RE
2018/2019;TRC;2018/2019TRC;TRADE CREDIT;GARUDA RE;ASURANSI SINAR MAS, PT;0.3;0.25;0.25;0.006;0.33;0.305;0.02;0.02;0.08;01/11/2018;31/12/2019;2018/2019TRADE CREDIT;2018/2019TRADE CREDITGARUDA RE
2018/2019;TRC;2018/2019TRC;TRADE CREDIT;GARUDA RE;ASURANSI VIDEI;0.3;0.25;0.25;0.006;0.33;0.305;0.02;0.02;0.08;01/11/2018;31/12/2019;2018/2019TRADE CREDIT;2018/2019TRADE CREDITGARUDA RE
2018/2019;TRC;2018/2019TRC;TRADE CREDIT;GARUDA RE;MASKAPAI REASURANSI INDONESIA, PT;0.3;0.25;0.25;0.015;0.33;0.305;0.05;0.05;0.2;01/11/2018;31/12/2019;2018/2019TRADE CREDIT;2018/2019TRADE CREDITGARUDA RE
2018/2019;TRC;2018/2019TRC;TRADE CREDIT;GARUDA RE;REASURANSI INDONESIA UTAMA, PT;0.3;0.25;0.25;0.036;0.33;0.305;0.12;0.12;0.48;01/11/2018;31/12/2019;2018/2019TRADE CREDIT;2018/2019TRADE CREDITGARUDA RE
2018/2019;TRC;2018/2019TRC;TRADE CREDIT;TRINITY RE;ASURANSI JASA INDONESIA, PT;0.3;0.15;0.15;0.018;0.33;0.305;0.06;0.06;0.4;01/11/2018;31/12/2019;2018/2019TRADE CREDIT;2018/2019TRADE CREDITTRINITY RE
2018/2019;TRC;2018/2019TRC;TRADE CREDIT;TRINITY RE;TUGU REASURANSI, PT;0.3;0.15;0.15;0.027;0.33;0.305;0.09;0.09;0.6;01/11/2018;31/12/2019;2018/2019TRADE CREDIT;2018/2019TRADE CREDITTRINITY RE
2018/2019;5;2018/20195;AVIATION;ASRINDA ARTHASANGGA RE BROKERS, PT;REASURANSI NASIONAL INDONESIA, PT;0.5;0.6;;0.3;0.3;0;0.6;0;1;01/11/2018;31/12/2019;2018/2019AVIATION;2018/2019AVIATIONASRINDA ARTHASANGGA RE BROKERS, PT
2018/2019;5;2018/20195;AVIATION;GARUDA RE;ASURANSI BHAKTI BHAYANGKARA;0.5;0.25;;0.005;0.3;0;0.01;0;0.04;01/11/2018;31/12/2019;2018/2019AVIATION;2018/2019AVIATIONGARUDA RE
2018/2019;5;2018/20195;AVIATION;GARUDA RE;ASURANSI BINAGRIYA UPAKARA, PT;0.5;0.25;;0.005;0.3;0;0.01;0;0.04;01/11/2018;31/12/2019;2018/2019AVIATION;2018/2019AVIATIONGARUDA RE
2018/2019;5;2018/20195;AVIATION;GARUDA RE;ASURANSI BUMIPUTERA MUDA, PT;0.5;0.25;;0.005;0.3;0;0.01;0;0.04;01/11/2018;31/12/2019;2018/2019AVIATION;2018/2019AVIATIONGARUDA RE
2018/2019;5;2018/20195;AVIATION;GARUDA RE;ASURANSI JASARAHARJA PUTERA;0.5;0.25;;0.005;0.3;0;0.01;0;0.04;01/11/2018;31/12/2019;2018/2019AVIATION;2018/2019AVIATIONGARUDA RE
2018/2019;5;2018/20195;AVIATION;GARUDA RE;ASURANSI SINAR MAS, PT;0.5;0.25;;0.01;0.3;0;0.02;0;0.08;01/11/2018;31/12/2019;2018/2019AVIATION;2018/2019AVIATIONGARUDA RE
2018/2019;5;2018/20195;AVIATION;GARUDA RE;ASURANSI VIDEI;0.5;0.25;;0.01;0.3;0;0.02;0;0.08;01/11/2018;31/12/2019;2018/2019AVIATION;2018/2019AVIATIONGARUDA RE
2018/2019;5;2018/20195;AVIATION;GARUDA RE;MASKAPAI REASURANSI INDONESIA, PT;0.5;0.25;;0.025;0.3;0;0.05;0;0.2;01/11/2018;31/12/2019;2018/2019AVIATION;2018/2019AVIATIONGARUDA RE
2018/2019;5;2018/20195;AVIATION;GARUDA RE;REASURANSI INDONESIA UTAMA, PT;0.5;0.25;;0.06;0.3;0;0.12;0;0.48;01/11/2018;31/12/2019;2018/2019AVIATION;2018/2019AVIATIONGARUDA RE
2018/2019;5;2018/20195;AVIATION;TRINITY RE;ASURANSI JASA INDONESIA, PT;0.5;0.15;;0.03;0.3;0;0.06;0;0.4;01/11/2018;31/12/2019;2018/2019AVIATION;2018/2019AVIATIONTRINITY RE
2018/2019;5;2018/20195;AVIATION;TRINITY RE;TUGU REASURANSI, PT;0.5;0.15;;0.045;0.3;0;0.09;0;0.6;01/11/2018;31/12/2019;2018/2019AVIATION;2018/2019AVIATIONTRINITY RE
2018/2019;CB;2018/2019CB;Customs Bond;ASRINDA ARTHASANGGA RE BROKERS, PT;REASURANSI NASIONAL INDONESIA, PT;0.3;0.6;0.6;0.18;0.35;0.35;0.6;0.6;1;01/11/2018;31/12/2019;2018/2019Customs Bond;2018/2019Customs BondASRINDA ARTHASANGGA RE BROKERS, PT
2018/2019;CB;2018/2019CB;Customs Bond;GARUDA RE;ASURANSI BHAKTI BHAYANGKARA;0.3;0.25;0.25;0.003;0.35;0.35;0.01;0.01;0.04;01/11/2018;31/12/2019;2018/2019Customs Bond;2018/2019Customs BondGARUDA RE
2018/2019;CB;2018/2019CB;Customs Bond;GARUDA RE;ASURANSI BINAGRIYA UPAKARA, PT;0.3;0.25;0.25;0.003;0.35;0.35;0.01;0.01;0.04;01/11/2018;31/12/2019;2018/2019Customs Bond;2018/2019Customs BondGARUDA RE
2018/2019;CB;2018/2019CB;Customs Bond;GARUDA RE;ASURANSI JASARAHARJA PUTERA;0.3;0.25;0.25;0.006;0.35;0.35;0.02;0.02;0.08;01/11/2018;31/12/2019;2018/2019Customs Bond;2018/2019Customs BondGARUDA RE
2018/2019;CB;2018/2019CB;Customs Bond;GARUDA RE;ASURANSI SINAR MAS, PT;0.3;0.25;0.25;0.006;0.35;0.35;0.02;0.02;0.08;01/11/2018;31/12/2019;2018/2019Customs Bond;2018/2019Customs BondGARUDA RE
2018/2019;CB;2018/2019CB;Customs Bond;GARUDA RE;ASURANSI VIDEI;0.3;0.25;0.25;0.006;0.35;0.35;0.02;0.02;0.08;01/11/2018;31/12/2019;2018/2019Customs Bond;2018/2019Customs BondGARUDA RE
2018/2019;CB;2018/2019CB;Customs Bond;GARUDA RE;MASKAPAI REASURANSI INDONESIA, PT;0.3;0.25;0.25;0.015;0.35;0.35;0.05;0.05;0.2;01/11/2018;31/12/2019;2018/2019Customs Bond;2018/2019Customs BondGARUDA RE
2018/2019;CB;2018/2019CB;Customs Bond;GARUDA RE;REASURANSI INDONESIA UTAMA, PT;0.3;0.25;0.25;0.036;0.35;0.35;0.12;0.12;0.48;01/11/2018;31/12/2019;2018/2019Customs Bond;2018/2019Customs BondGARUDA RE
2018/2019;CB;2018/2019CB;Customs Bond;TRINITY RE;ASURANSI JASA INDONESIA, PT;0.3;0.15;0.15;0.018;0.35;0.35;0.06;0.06;0.4;01/11/2018;31/12/2019;2018/2019Customs Bond;2018/2019Customs BondTRINITY RE
2018/2019;CB;2018/2019CB;Customs Bond;TRINITY RE;TUGU REASURANSI, PT;0.3;0.15;0.15;0.027;0.35;0.35;0.09;0.09;0.6;01/11/2018;31/12/2019;2018/2019Customs Bond;2018/2019Customs BondTRINITY RE
2018/2019;9;2018/20199;ENGINEERING;ASRINDA ARTHASANGGA RE BROKERS, PT;REASURANSI NASIONAL INDONESIA, PT;0.2;0.6;0.6;0.12;0.325;0.3;0.6;0.6;1;01/11/2018;31/12/2019;2018/2019ENGINEERING;2018/2019ENGINEERINGASRINDA ARTHASANGGA RE BROKERS, PT
2018/2019;9;2018/20199;ENGINEERING;GARUDA RE;ASURANSI BHAKTI BHAYANGKARA;0.2;0.25;0.25;0.002;0.325;0.3;0.01;0.01;0.04;01/11/2018;31/12/2019;2018/2019ENGINEERING;2018/2019ENGINEERINGGARUDA RE
2018/2019;9;2018/20199;ENGINEERING;GARUDA RE;ASURANSI BINAGRIYA UPAKARA, PT;0.2;0.25;0.25;0.002;0.325;0.3;0.01;0.01;0.04;01/11/2018;31/12/2019;2018/2019ENGINEERING;2018/2019ENGINEERINGGARUDA RE
2018/2019;9;2018/20199;ENGINEERING;GARUDA RE;ASURANSI BUMIPUTERA MUDA, PT;0.2;0.25;0.25;0.002;0.325;0.3;0.01;0.01;0.04;01/11/2018;31/12/2019;2018/2019ENGINEERING;2018/2019ENGINEERINGGARUDA RE
2018/2019;9;2018/20199;ENGINEERING;GARUDA RE;ASURANSI JASARAHARJA PUTERA;0.2;0.25;0.25;0.002;0.325;0.3;0.01;0.01;0.04;01/11/2018;31/12/2019;2018/2019ENGINEERING;2018/2019ENGINEERINGGARUDA RE
2018/2019;9;2018/20199;ENGINEERING;GARUDA RE;ASURANSI SINAR MAS, PT;0.2;0.25;0.25;0.004;0.325;0.3;0.02;0.02;0.08;01/11/2018;31/12/2019;2018/2019ENGINEERING;2018/2019ENGINEERINGGARUDA RE
2018/2019;9;2018/20199;ENGINEERING;GARUDA RE;ASURANSI VIDEI;0.2;0.25;0.25;0.004;0.325;0.3;0.02;0.02;0.08;01/11/2018;31/12/2019;2018/2019ENGINEERING;2018/2019ENGINEERINGGARUDA RE
2018/2019;9;2018/20199;ENGINEERING;GARUDA RE;MASKAPAI REASURANSI INDONESIA, PT;0.2;0.25;0.25;0.01;0.325;0.3;0.05;0.05;0.2;01/11/2018;31/12/2019;2018/2019ENGINEERING;2018/2019ENGINEERINGGARUDA RE
2018/2019;9;2018/20199;ENGINEERING;GARUDA RE;REASURANSI INDONESIA UTAMA, PT;0.2;0.25;0.25;0.024;0.325;0.3;0.12;0.12;0.48;01/11/2018;31/12/2019;2018/2019ENGINEERING;2018/2019ENGINEERINGGARUDA RE
2018/2019;9;2018/20199;ENGINEERING;TRINITY RE;ASURANSI JASA INDONESIA, PT;0.2;0.15;0.15;0.012;0.325;0.3;0.06;0.06;0.4;01/11/2018;31/12/2019;2018/2019ENGINEERING;2018/2019ENGINEERINGTRINITY RE
2018/2019;9;2018/20199;ENGINEERING;TRINITY RE;TUGU REASURANSI, PT;0.2;0.15;0.15;0.018;0.325;0.3;0.09;0.09;0.6;01/11/2018;31/12/2019;2018/2019ENGINEERING;2018/2019ENGINEERINGTRINITY RE
2018/2019;1;2018/20191;FIRE;ASRINDA ARTHASANGGA RE BROKERS, PT;REASURANSI NASIONAL INDONESIA, PT;0.2;0.6;0.6;0.12;0.35;0.325;0.6;0.6;1;01/11/2018;31/12/2019;2018/2019FIRE;2018/2019FIREASRINDA ARTHASANGGA RE BROKERS, PT
2018/2019;1;2018/20191;FIRE;GARUDA RE;ASURANSI BHAKTI BHAYANGKARA;0.2;0.25;0.25;0.002;0.35;0.325;0.01;0.01;0.04;01/11/2018;31/12/2019;2018/2019FIRE;2018/2019FIREGARUDA RE
2018/2019;1;2018/20191;FIRE;GARUDA RE;ASURANSI BINAGRIYA UPAKARA, PT;0.2;0.25;0.25;0.002;0.35;0.325;0.01;0.01;0.04;01/11/2018;31/12/2019;2018/2019FIRE;2018/2019FIREGARUDA RE
2018/2019;1;2018/20191;FIRE;GARUDA RE;ASURANSI BUMIPUTERA MUDA, PT;0.2;0.25;0.25;0.002;0.35;0.325;0.01;0.01;0.04;01/11/2018;31/12/2019;2018/2019FIRE;2018/2019FIREGARUDA RE
2018/2019;1;2018/20191;FIRE;GARUDA RE;ASURANSI JASARAHARJA PUTERA;0.2;0.25;0.25;0.002;0.35;0.325;0.01;0.01;0.04;01/11/2018;31/12/2019;2018/2019FIRE;2018/2019FIREGARUDA RE
2018/2019;1;2018/20191;FIRE;GARUDA RE;ASURANSI SINAR MAS, PT;0.2;0.25;0.25;0.004;0.35;0.325;0.02;0.02;0.08;01/11/2018;31/12/2019;2018/2019FIRE;2018/2019FIREGARUDA RE
2018/2019;1;2018/20191;FIRE;GARUDA RE;ASURANSI VIDEI;0.2;0.25;0.25;0.004;0.35;0.325;0.02;0.02;0.08;01/11/2018;31/12/2019;2018/2019FIRE;2018/2019FIREGARUDA RE
2018/2019;1;2018/20191;FIRE;GARUDA RE;MASKAPAI REASURANSI INDONESIA, PT;0.2;0.25;0.25;0.01;0.35;0.325;0.05;0.05;0.2;01/11/2018;31/12/2019;2018/2019FIRE;2018/2019FIREGARUDA RE
2018/2019;1;2018/20191;FIRE;GARUDA RE;REASURANSI INDONESIA UTAMA, PT;0.2;0.25;0.25;0.024;0.35;0.325;0.12;0.12;0.48;01/11/2018;31/12/2019;2018/2019FIRE;2018/2019FIREGARUDA RE
2018/2019;1;2018/20191;FIRE;TRINITY RE;ASURANSI JASA INDONESIA, PT;0.2;0.15;0.15;0.012;0.35;0.325;0.06;0.06;0.4;01/11/2018;31/12/2019;2018/2019FIRE;2018/2019FIRETRINITY RE
2018/2019;1;2018/20191;FIRE;TRINITY RE;TUGU REASURANSI, PT;0.2;0.15;0.15;0.018;0.35;0.325;0.09;0.09;0.6;01/11/2018;31/12/2019;2018/2019FIRE;2018/2019FIRETRINITY RE
2018/2019;15;2018/201915;GENERAL ACCIDENT;ASRINDA ARTHASANGGA RE BROKERS, PT;REASURANSI NASIONAL INDONESIA, PT;0.5;0.6;0.6;0.3;0.35;0.325;0.6;0.6;1;01/11/2018;31/12/2019;2018/2019GENERAL ACCIDENT;2018/2019GENERAL ACCIDENTASRINDA ARTHASANGGA RE BROKERS, PT
2018/2019;15;2018/201915;GENERAL ACCIDENT;GARUDA RE;ASURANSI BHAKTI BHAYANGKARA;0.5;0.25;0.25;0.005;0.35;0.325;0.01;0.01;0.04;01/11/2018;31/12/2019;2018/2019GENERAL ACCIDENT;2018/2019GENERAL ACCIDENTGARUDA RE
2018/2019;15;2018/201915;GENERAL ACCIDENT;GARUDA RE;ASURANSI BINAGRIYA UPAKARA, PT;0.5;0.25;0.25;0.005;0.35;0.325;0.01;0.01;0.04;01/11/2018;31/12/2019;2018/2019GENERAL ACCIDENT;2018/2019GENERAL ACCIDENTGARUDA RE
2018/2019;15;2018/201915;GENERAL ACCIDENT;GARUDA RE;ASURANSI BUMIPUTERA MUDA, PT;0.5;0.25;0.25;0.005;0.35;0.325;0.01;0.01;0.04;01/11/2018;31/12/2019;2018/2019GENERAL ACCIDENT;2018/2019GENERAL ACCIDENTGARUDA RE
2018/2019;15;2018/201915;GENERAL ACCIDENT;GARUDA RE;ASURANSI JASARAHARJA PUTERA;0.5;0.25;0.25;0.005;0.35;0.325;0.01;0.01;0.04;01/11/2018;31/12/2019;2018/2019GENERAL ACCIDENT;2018/2019GENERAL ACCIDENTGARUDA RE
2018/2019;15;2018/201915;GENERAL ACCIDENT;GARUDA RE;ASURANSI SINAR MAS, PT;0.5;0.25;0.25;0.01;0.35;0.325;0.02;0.02;0.08;01/11/2018;31/12/2019;2018/2019GENERAL ACCIDENT;2018/2019GENERAL ACCIDENTGARUDA RE
2018/2019;15;2018/201915;GENERAL ACCIDENT;GARUDA RE;ASURANSI VIDEI;0.5;0.25;0.25;0.01;0.35;0.325;0.02;0.02;0.08;01/11/2018;31/12/2019;2018/2019GENERAL ACCIDENT;2018/2019GENERAL ACCIDENTGARUDA RE
2018/2019;15;2018/201915;GENERAL ACCIDENT;GARUDA RE;MASKAPAI REASURANSI INDONESIA, PT;0.5;0.25;0.25;0.025;0.35;0.325;0.05;0.05;0.2;01/11/2018;31/12/2019;2018/2019GENERAL ACCIDENT;2018/2019GENERAL ACCIDENTGARUDA RE
2018/2019;15;2018/201915;GENERAL ACCIDENT;GARUDA RE;REASURANSI INDONESIA UTAMA, PT;0.5;0.25;0.25;0.06;0.35;0.325;0.12;0.12;0.48;01/11/2018;31/12/2019;2018/2019GENERAL ACCIDENT;2018/2019GENERAL ACCIDENTGARUDA RE
2018/2019;15;2018/201915;GENERAL ACCIDENT;TRINITY RE;ASURANSI JASA INDONESIA, PT;0.5;0.15;0.15;0.03;0.35;0.325;0.06;0.06;0.4;01/11/2018;31/12/2019;2018/2019GENERAL ACCIDENT;2018/2019GENERAL ACCIDENTTRINITY RE
2018/2019;15;2018/201915;GENERAL ACCIDENT;TRINITY RE;TUGU REASURANSI, PT;0.5;0.15;0.15;0.045;0.35;0.325;0.09;0.09;0.6;01/11/2018;31/12/2019;2018/2019GENERAL ACCIDENT;2018/2019GENERAL ACCIDENTTRINITY RE
2018/2019;203;2018/2019203;HEAVY EQUIPMENT;ASRINDA ARTHASANGGA RE BROKERS, PT;REASURANSI NASIONAL INDONESIA, PT;0.4;0.6;;0.24;0.325;0;0.6;0;1;01/11/2018;31/12/2019;2018/2019HEAVY EQUIPMENT;2018/2019HEAVY EQUIPMENTASRINDA ARTHASANGGA RE BROKERS, PT
2018/2019;203;2018/2019203;HEAVY EQUIPMENT;GARUDA RE;ASURANSI BHAKTI BHAYANGKARA;0.4;0.25;;0.004;0.325;0;0.01;0;0.04;01/11/2018;31/12/2019;2018/2019HEAVY EQUIPMENT;2018/2019HEAVY EQUIPMENTGARUDA RE
2018/2019;203;2018/2019203;HEAVY EQUIPMENT;GARUDA RE;ASURANSI BINAGRIYA UPAKARA, PT;0.4;0.25;;0.004;0.325;0;0.01;0;0.04;01/11/2018;31/12/2019;2018/2019HEAVY EQUIPMENT;2018/2019HEAVY EQUIPMENTGARUDA RE
2018/2019;203;2018/2019203;HEAVY EQUIPMENT;GARUDA RE;ASURANSI BUMIPUTERA MUDA, PT;0.4;0.25;;0.004;0.325;0;0.01;0;0.04;01/11/2018;31/12/2019;2018/2019HEAVY EQUIPMENT;2018/2019HEAVY EQUIPMENTGARUDA RE
2018/2019;203;2018/2019203;HEAVY EQUIPMENT;GARUDA RE;ASURANSI JASARAHARJA PUTERA;0.4;0.25;;0.004;0.325;0;0.01;0;0.04;01/11/2018;31/12/2019;2018/2019HEAVY EQUIPMENT;2018/2019HEAVY EQUIPMENTGARUDA RE
2018/2019;203;2018/2019203;HEAVY EQUIPMENT;GARUDA RE;ASURANSI SINAR MAS, PT;0.4;0.25;;0.008;0.325;0;0.02;0;0.08;01/11/2018;31/12/2019;2018/2019HEAVY EQUIPMENT;2018/2019HEAVY EQUIPMENTGARUDA RE
2018/2019;203;2018/2019203;HEAVY EQUIPMENT;GARUDA RE;ASURANSI VIDEI;0.4;0.25;;0.008;0.325;0;0.02;0;0.08;01/11/2018;31/12/2019;2018/2019HEAVY EQUIPMENT;2018/2019HEAVY EQUIPMENTGARUDA RE
2018/2019;203;2018/2019203;HEAVY EQUIPMENT;GARUDA RE;MASKAPAI REASURANSI INDONESIA, PT;0.4;0.25;;0.02;0.325;0;0.05;0;0.2;01/11/2018;31/12/2019;2018/2019HEAVY EQUIPMENT;2018/2019HEAVY EQUIPMENTGARUDA RE
2018/2019;203;2018/2019203;HEAVY EQUIPMENT;GARUDA RE;REASURANSI INDONESIA UTAMA, PT;0.4;0.25;;0.048;0.325;0;0.12;0;0.48;01/11/2018;31/12/2019;2018/2019HEAVY EQUIPMENT;2018/2019HEAVY EQUIPMENTGARUDA RE
2018/2019;203;2018/2019203;HEAVY EQUIPMENT;TRINITY RE;ASURANSI JASA INDONESIA, PT;0.4;0.15;;0.024;0.325;0;0.06;0;0.4;01/11/2018;31/12/2019;2018/2019HEAVY EQUIPMENT;2018/2019HEAVY EQUIPMENTTRINITY RE
2018/2019;203;2018/2019203;HEAVY EQUIPMENT;TRINITY RE;TUGU REASURANSI, PT;0.4;0.15;;0.036;0.325;0;0.09;0;0.6;01/11/2018;31/12/2019;2018/2019HEAVY EQUIPMENT;2018/2019HEAVY EQUIPMENTTRINITY RE
2018/2019;KUC;2018/2019KUC;COMMERCIAL CREDIT;ASRINDA ARTHASANGGA RE BROKERS, PT;REASURANSI NASIONAL INDONESIA, PT;0.3;0.6;0.6;0.18;0.33;0.305;0.6;0.6;1;01/11/2018;31/12/2019;2018/2019COMMERCIAL CREDIT;2018/2019COMMERCIAL CREDITASRINDA ARTHASANGGA RE BROKERS, PT
2018/2019;KUC;2018/2019KUC;COMMERCIAL CREDIT;GARUDA RE;ASURANSI BHAKTI BHAYANGKARA;0.3;0.25;0.25;0.003;0.33;0.305;0.01;0.01;0.04;01/11/2018;31/12/2019;2018/2019COMMERCIAL CREDIT;2018/2019COMMERCIAL CREDITGARUDA RE
2018/2019;KUC;2018/2019KUC;COMMERCIAL CREDIT;GARUDA RE;ASURANSI BINAGRIYA UPAKARA, PT;0.3;0.25;0.25;0.003;0.33;0.305;0.01;0.01;0.04;01/11/2018;31/12/2019;2018/2019COMMERCIAL CREDIT;2018/2019COMMERCIAL CREDITGARUDA RE
2018/2019;KUC;2018/2019KUC;COMMERCIAL CREDIT;GARUDA RE;ASURANSI JASARAHARJA PUTERA;0.3;0.25;0.25;0.006;0.33;0.305;0.02;0.02;0.08;01/11/2018;31/12/2019;2018/2019COMMERCIAL CREDIT;2018/2019COMMERCIAL CREDITGARUDA RE
2018/2019;KUC;2018/2019KUC;COMMERCIAL CREDIT;GARUDA RE;ASURANSI SINAR MAS, PT;0.3;0.25;0.25;0.006;0.33;0.305;0.02;0.02;0.08;01/11/2018;31/12/2019;2018/2019COMMERCIAL CREDIT;2018/2019COMMERCIAL CREDITGARUDA RE
2018/2019;KUC;2018/2019KUC;COMMERCIAL CREDIT;GARUDA RE;ASURANSI VIDEI;0.3;0.25;0.25;0.006;0.33;0.305;0.02;0.02;0.08;01/11/2018;31/12/2019;2018/2019COMMERCIAL CREDIT;2018/2019COMMERCIAL CREDITGARUDA RE
2018/2019;KUC;2018/2019KUC;COMMERCIAL CREDIT;GARUDA RE;MASKAPAI REASURANSI INDONESIA, PT;0.3;0.25;0.25;0.015;0.33;0.305;0.05;0.05;0.2;01/11/2018;31/12/2019;2018/2019COMMERCIAL CREDIT;2018/2019COMMERCIAL CREDITGARUDA RE
2018/2019;KUC;2018/2019KUC;COMMERCIAL CREDIT;GARUDA RE;REASURANSI INDONESIA UTAMA, PT;0.3;0.25;0.25;0.036;0.33;0.305;0.12;0.12;0.48;01/11/2018;31/12/2019;2018/2019COMMERCIAL CREDIT;2018/2019COMMERCIAL CREDITGARUDA RE
2018/2019;KUC;2018/2019KUC;COMMERCIAL CREDIT;TRINITY RE;ASURANSI JASA INDONESIA, PT;0.3;0.15;0.15;0.018;0.33;0.305;0.06;0.06;0.4;01/11/2018;31/12/2019;2018/2019COMMERCIAL CREDIT;2018/2019COMMERCIAL CREDITTRINITY RE
2018/2019;KUC;2018/2019KUC;COMMERCIAL CREDIT;TRINITY RE;TUGU REASURANSI, PT;0.3;0.15;0.15;0.027;0.33;0.305;0.09;0.09;0.6;01/11/2018;31/12/2019;2018/2019COMMERCIAL CREDIT;2018/2019COMMERCIAL CREDITTRINITY RE
2018/2019;KUS;2018/2019KUS;CONSUMPTIVE CREDIT;ASRINDA ARTHASANGGA RE BROKERS, PT;REASURANSI NASIONAL INDONESIA, PT;0.3;0.6;;0.18;0.305;0.3;0.6;0;1;01/11/2018;31/12/2019;2018/2019CONSUMPTIVE CREDIT;2018/2019CONSUMPTIVE CREDITASRINDA ARTHASANGGA RE BROKERS, PT
2018/2019;KUS;2018/2019KUS;CONSUMPTIVE CREDIT;GARUDA RE;ASURANSI BHAKTI BHAYANGKARA;0.3;0.25;;0.003;0.305;0.3;0.01;0;0.04;01/11/2018;31/12/2019;2018/2019CONSUMPTIVE CREDIT;2018/2019CONSUMPTIVE CREDITGARUDA RE
2018/2019;KUS;2018/2019KUS;CONSUMPTIVE CREDIT;GARUDA RE;ASURANSI BINAGRIYA UPAKARA, PT;0.3;0.25;;0.003;0.305;0.3;0.01;0;0.04;01/11/2018;31/12/2019;2018/2019CONSUMPTIVE CREDIT;2018/2019CONSUMPTIVE CREDITGARUDA RE
2018/2019;KUS;2018/2019KUS;CONSUMPTIVE CREDIT;GARUDA RE;ASURANSI JASARAHARJA PUTERA;0.3;0.25;;0.006;0.305;0.3;0.02;0;0.08;01/11/2018;31/12/2019;2018/2019CONSUMPTIVE CREDIT;2018/2019CONSUMPTIVE CREDITGARUDA RE
2018/2019;KUS;2018/2019KUS;CONSUMPTIVE CREDIT;GARUDA RE;ASURANSI SINAR MAS, PT;0.3;0.25;;0.006;0.305;0.3;0.02;0;0.08;01/11/2018;31/12/2019;2018/2019CONSUMPTIVE CREDIT;2018/2019CONSUMPTIVE CREDITGARUDA RE
2018/2019;KUS;2018/2019KUS;CONSUMPTIVE CREDIT;GARUDA RE;ASURANSI VIDEI;0.3;0.25;;0.006;0.305;0.3;0.02;0;0.08;01/11/2018;31/12/2019;2018/2019CONSUMPTIVE CREDIT;2018/2019CONSUMPTIVE CREDITGARUDA RE
2018/2019;KUS;2018/2019KUS;CONSUMPTIVE CREDIT;GARUDA RE;MASKAPAI REASURANSI INDONESIA, PT;0.3;0.25;;0.015;0.305;0.3;0.05;0;0.2;01/11/2018;31/12/2019;2018/2019CONSUMPTIVE CREDIT;2018/2019CONSUMPTIVE CREDITGARUDA RE
2018/2019;KUS;2018/2019KUS;CONSUMPTIVE CREDIT;GARUDA RE;REASURANSI INDONESIA UTAMA, PT;0.3;0.25;;0.036;0.305;0.3;0.12;0;0.48;01/11/2018;31/12/2019;2018/2019CONSUMPTIVE CREDIT;2018/2019CONSUMPTIVE CREDITGARUDA RE
2018/2019;KUS;2018/2019KUS;CONSUMPTIVE CREDIT;TRINITY RE;ASURANSI JASA INDONESIA, PT;0.3;0.15;;0.018;0.305;0.3;0.06;0;0.4;01/11/2018;31/12/2019;2018/2019CONSUMPTIVE CREDIT;2018/2019CONSUMPTIVE CREDITTRINITY RE
2018/2019;KUS;2018/2019KUS;CONSUMPTIVE CREDIT;TRINITY RE;TUGU REASURANSI, PT;0.3;0.15;;0.027;0.305;0.3;0.09;0;0.6;01/11/2018;31/12/2019;2018/2019CONSUMPTIVE CREDIT;2018/2019CONSUMPTIVE CREDITTRINITY RE
2018/2019;KBG;2018/2019KBG;COUNTER BANK GUARANTEE;ASRINDA ARTHASANGGA RE BROKERS, PT;REASURANSI NASIONAL INDONESIA, PT;0.5;0.6;0.6;0.3;0.35;0.35;0.6;0.6;1;01/11/2018;31/12/2019;2018/2019COUNTER BANK GUARANTEE;2018/2019COUNTER BANK GUARANTEEASRINDA ARTHASANGGA RE BROKERS, PT
2018/2019;KBG;2018/2019KBG;COUNTER BANK GUARANTEE;GARUDA RE;ASURANSI BHAKTI BHAYANGKARA;0.5;0.25;0.25;0.005;0.35;0.35;0.01;0.01;0.04;01/11/2018;31/12/2019;2018/2019COUNTER BANK GUARANTEE;2018/2019COUNTER BANK GUARANTEEGARUDA RE
2018/2019;KBG;2018/2019KBG;COUNTER BANK GUARANTEE;GARUDA RE;ASURANSI BINAGRIYA UPAKARA, PT;0.5;0.25;0.25;0.005;0.35;0.35;0.01;0.01;0.04;01/11/2018;31/12/2019;2018/2019COUNTER BANK GUARANTEE;2018/2019COUNTER BANK GUARANTEEGARUDA RE
2018/2019;KBG;2018/2019KBG;COUNTER BANK GUARANTEE;GARUDA RE;ASURANSI JASARAHARJA PUTERA;0.5;0.25;0.25;0.01;0.35;0.35;0.02;0.02;0.08;01/11/2018;31/12/2019;2018/2019COUNTER BANK GUARANTEE;2018/2019COUNTER BANK GUARANTEEGARUDA RE
2018/2019;KBG;2018/2019KBG;COUNTER BANK GUARANTEE;GARUDA RE;ASURANSI SINAR MAS, PT;0.5;0.25;0.25;0.01;0.35;0.35;0.02;0.02;0.08;01/11/2018;31/12/2019;2018/2019COUNTER BANK GUARANTEE;2018/2019COUNTER BANK GUARANTEEGARUDA RE
2018/2019;KBG;2018/2019KBG;COUNTER BANK GUARANTEE;GARUDA RE;ASURANSI VIDEI;0.5;0.25;0.25;0.01;0.35;0.35;0.02;0.02;0.08;01/11/2018;31/12/2019;2018/2019COUNTER BANK GUARANTEE;2018/2019COUNTER BANK GUARANTEEGARUDA RE
2018/2019;KBG;2018/2019KBG;COUNTER BANK GUARANTEE;GARUDA RE;MASKAPAI REASURANSI INDONESIA, PT;0.5;0.25;0.25;0.025;0.35;0.35;0.05;0.05;0.2;01/11/2018;31/12/2019;2018/2019COUNTER BANK GUARANTEE;2018/2019COUNTER BANK GUARANTEEGARUDA RE
2018/2019;KBG;2018/2019KBG;COUNTER BANK GUARANTEE;GARUDA RE;REASURANSI INDONESIA UTAMA, PT;0.5;0.25;0.25;0.06;0.35;0.35;0.12;0.12;0.48;01/11/2018;31/12/2019;2018/2019COUNTER BANK GUARANTEE;2018/2019COUNTER BANK GUARANTEEGARUDA RE
2018/2019;KBG;2018/2019KBG;COUNTER BANK GUARANTEE;TRINITY RE;ASURANSI JASA INDONESIA, PT;0.5;0.15;0.15;0.03;0.35;0.35;0.06;0.06;0.4;01/11/2018;31/12/2019;2018/2019COUNTER BANK GUARANTEE;2018/2019COUNTER BANK GUARANTEETRINITY RE
2018/2019;KBG;2018/2019KBG;COUNTER BANK GUARANTEE;TRINITY RE;TUGU REASURANSI, PT;0.5;0.15;0.15;0.045;0.35;0.35;0.09;0.09;0.6;01/11/2018;31/12/2019;2018/2019COUNTER BANK GUARANTEE;2018/2019COUNTER BANK GUARANTEETRINITY RE
2018/2019;10;2018/201910;LIABILITY;ASRINDA ARTHASANGGA RE BROKERS, PT;REASURANSI NASIONAL INDONESIA, PT;0.5;0.6;0.6;0.3;0.35;0.325;0.6;0.6;1;01/11/2018;31/12/2019;2018/2019LIABILITY;2018/2019LIABILITYASRINDA ARTHASANGGA RE BROKERS, PT
2018/2019;10;2018/201910;LIABILITY;GARUDA RE;ASURANSI BHAKTI BHAYANGKARA;0.5;0.25;0.25;0.005;0.35;0.325;0.01;0.01;0.04;01/11/2018;31/12/2019;2018/2019LIABILITY;2018/2019LIABILITYGARUDA RE
2018/2019;10;2018/201910;LIABILITY;GARUDA RE;ASURANSI BINAGRIYA UPAKARA, PT;0.5;0.25;0.25;0.005;0.35;0.325;0.01;0.01;0.04;01/11/2018;31/12/2019;2018/2019LIABILITY;2018/2019LIABILITYGARUDA RE
2018/2019;10;2018/201910;LIABILITY;GARUDA RE;ASURANSI BUMIPUTERA MUDA, PT;0.5;0.25;0.25;0.005;0.35;0.325;0.01;0.01;0.04;01/11/2018;31/12/2019;2018/2019LIABILITY;2018/2019LIABILITYGARUDA RE
2018/2019;10;2018/201910;LIABILITY;GARUDA RE;ASURANSI JASARAHARJA PUTERA;0.5;0.25;0.25;0.005;0.35;0.325;0.01;0.01;0.04;01/11/2018;31/12/2019;2018/2019LIABILITY;2018/2019LIABILITYGARUDA RE
2018/2019;10;2018/201910;LIABILITY;GARUDA RE;ASURANSI SINAR MAS, PT;0.5;0.25;0.25;0.01;0.35;0.325;0.02;0.02;0.08;01/11/2018;31/12/2019;2018/2019LIABILITY;2018/2019LIABILITYGARUDA RE
2018/2019;10;2018/201910;LIABILITY;GARUDA RE;ASURANSI VIDEI;0.5;0.25;0.25;0.01;0.35;0.325;0.02;0.02;0.08;01/11/2018;31/12/2019;2018/2019LIABILITY;2018/2019LIABILITYGARUDA RE
2018/2019;10;2018/201910;LIABILITY;GARUDA RE;MASKAPAI REASURANSI INDONESIA, PT;0.5;0.25;0.25;0.025;0.35;0.325;0.05;0.05;0.2;01/11/2018;31/12/2019;2018/2019LIABILITY;2018/2019LIABILITYGARUDA RE
2018/2019;10;2018/201910;LIABILITY;GARUDA RE;REASURANSI INDONESIA UTAMA, PT;0.5;0.25;0.25;0.06;0.35;0.325;0.12;0.12;0.48;01/11/2018;31/12/2019;2018/2019LIABILITY;2018/2019LIABILITYGARUDA RE
2018/2019;10;2018/201910;LIABILITY;TRINITY RE;ASURANSI JASA INDONESIA, PT;0.5;0.15;0.15;0.03;0.35;0.325;0.06;0.06;0.4;01/11/2018;31/12/2019;2018/2019LIABILITY;2018/2019LIABILITYTRINITY RE
2018/2019;10;2018/201910;LIABILITY;TRINITY RE;TUGU REASURANSI, PT;0.5;0.15;0.15;0.045;0.35;0.325;0.09;0.09;0.6;01/11/2018;31/12/2019;2018/2019LIABILITY;2018/2019LIABILITYTRINITY RE
2018/2019;3;2018/20193;MARINE CARGO;ASRINDA ARTHASANGGA RE BROKERS, PT;REASURANSI NASIONAL INDONESIA, PT;0.25;0.6;0.6;0.15;0.325;0.3;0.6;0.6;1;01/11/2018;31/12/2019;2018/2019MARINE CARGO;2018/2019MARINE CARGOASRINDA ARTHASANGGA RE BROKERS, PT
2018/2019;3;2018/20193;MARINE CARGO;GARUDA RE;ASURANSI BHAKTI BHAYANGKARA;0.25;0.25;0.25;0.0025;0.325;0.3;0.01;0.01;0.04;01/11/2018;31/12/2019;2018/2019MARINE CARGO;2018/2019MARINE CARGOGARUDA RE
2018/2019;3;2018/20193;MARINE CARGO;GARUDA RE;ASURANSI BINAGRIYA UPAKARA, PT;0.25;0.25;0.25;0.0025;0.325;0.3;0.01;0.01;0.04;01/11/2018;31/12/2019;2018/2019MARINE CARGO;2018/2019MARINE CARGOGARUDA RE
2018/2019;3;2018/20193;MARINE CARGO;GARUDA RE;ASURANSI BUMIPUTERA MUDA, PT;0.25;0.25;0.25;0.0025;0.325;0.3;0.01;0.01;0.04;01/11/2018;31/12/2019;2018/2019MARINE CARGO;2018/2019MARINE CARGOGARUDA RE
2018/2019;3;2018/20193;MARINE CARGO;GARUDA RE;ASURANSI JASARAHARJA PUTERA;0.25;0.25;0.25;0.0025;0.325;0.3;0.01;0.01;0.04;01/11/2018;31/12/2019;2018/2019MARINE CARGO;2018/2019MARINE CARGOGARUDA RE
2018/2019;3;2018/20193;MARINE CARGO;GARUDA RE;ASURANSI SINAR MAS, PT;0.25;0.25;0.25;0.005;0.325;0.3;0.02;0.02;0.08;01/11/2018;31/12/2019;2018/2019MARINE CARGO;2018/2019MARINE CARGOGARUDA RE
2018/2019;3;2018/20193;MARINE CARGO;GARUDA RE;ASURANSI VIDEI;0.25;0.25;0.25;0.005;0.325;0.3;0.02;0.02;0.08;01/11/2018;31/12/2019;2018/2019MARINE CARGO;2018/2019MARINE CARGOGARUDA RE
2018/2019;3;2018/20193;MARINE CARGO;GARUDA RE;MASKAPAI REASURANSI INDONESIA, PT;0.25;0.25;0.25;0.0125;0.325;0.3;0.05;0.05;0.2;01/11/2018;31/12/2019;2018/2019MARINE CARGO;2018/2019MARINE CARGOGARUDA RE
2018/2019;3;2018/20193;MARINE CARGO;GARUDA RE;REASURANSI INDONESIA UTAMA, PT;0.25;0.25;0.25;0.03;0.325;0.3;0.12;0.12;0.48;01/11/2018;31/12/2019;2018/2019MARINE CARGO;2018/2019MARINE CARGOGARUDA RE
2018/2019;3;2018/20193;MARINE CARGO;TRINITY RE;ASURANSI JASA INDONESIA, PT;0.25;0.15;0.15;0.015;0.325;0.3;0.06;0.06;0.4;01/11/2018;31/12/2019;2018/2019MARINE CARGO;2018/2019MARINE CARGOTRINITY RE
2018/2019;3;2018/20193;MARINE CARGO;TRINITY RE;TUGU REASURANSI, PT;0.25;0.15;0.15;0.0225;0.325;0.3;0.09;0.09;0.6;01/11/2018;31/12/2019;2018/2019MARINE CARGO;2018/2019MARINE CARGOTRINITY RE
2018/2019;4;2018/20194;MARINE HULL;ASRINDA ARTHASANGGA RE BROKERS, PT;REASURANSI NASIONAL INDONESIA, PT;0.5;0.6;0.6;0.3;0.25;0.225;0.6;0.6;1;01/11/2018;31/12/2019;2018/2019MARINE HULL;2018/2019MARINE HULLASRINDA ARTHASANGGA RE BROKERS, PT
2018/2019;4;2018/20194;MARINE HULL;GARUDA RE;ASURANSI BHAKTI BHAYANGKARA;0.5;0.25;0.25;0.005;0.25;0.225;0.01;0.01;0.04;01/11/2018;31/12/2019;2018/2019MARINE HULL;2018/2019MARINE HULLGARUDA RE
2018/2019;4;2018/20194;MARINE HULL;GARUDA RE;ASURANSI BINAGRIYA UPAKARA, PT;0.5;0.25;0.25;0.005;0.25;0.225;0.01;0.01;0.04;01/11/2018;31/12/2019;2018/2019MARINE HULL;2018/2019MARINE HULLGARUDA RE
2018/2019;4;2018/20194;MARINE HULL;GARUDA RE;ASURANSI BUMIPUTERA MUDA, PT;0.5;0.25;0.25;0.005;0.25;0.225;0.01;0.01;0.04;01/11/2018;31/12/2019;2018/2019MARINE HULL;2018/2019MARINE HULLGARUDA RE
2018/2019;4;2018/20194;MARINE HULL;GARUDA RE;ASURANSI JASARAHARJA PUTERA;0.5;0.25;0.25;0.005;0.25;0.225;0.01;0.01;0.04;01/11/2018;31/12/2019;2018/2019MARINE HULL;2018/2019MARINE HULLGARUDA RE
2018/2019;4;2018/20194;MARINE HULL;GARUDA RE;ASURANSI SINAR MAS, PT;0.5;0.25;0.25;0.01;0.25;0.225;0.02;0.02;0.08;01/11/2018;31/12/2019;2018/2019MARINE HULL;2018/2019MARINE HULLGARUDA RE
2018/2019;4;2018/20194;MARINE HULL;GARUDA RE;ASURANSI VIDEI;0.5;0.25;0.25;0.01;0.25;0.225;0.02;0.02;0.08;01/11/2018;31/12/2019;2018/2019MARINE HULL;2018/2019MARINE HULLGARUDA RE
2018/2019;4;2018/20194;MARINE HULL;GARUDA RE;MASKAPAI REASURANSI INDONESIA, PT;0.5;0.25;0.25;0.025;0.25;0.225;0.05;0.05;0.2;01/11/2018;31/12/2019;2018/2019MARINE HULL;2018/2019MARINE HULLGARUDA RE
2018/2019;4;2018/20194;MARINE HULL;GARUDA RE;REASURANSI INDONESIA UTAMA, PT;0.5;0.25;0.25;0.06;0.25;0.225;0.12;0.12;0.48;01/11/2018;31/12/2019;2018/2019MARINE HULL;2018/2019MARINE HULLGARUDA RE
2018/2019;4;2018/20194;MARINE HULL;TRINITY RE;ASURANSI JASA INDONESIA, PT;0.5;0.15;0.15;0.03;0.25;0.225;0.06;0.06;0.4;01/11/2018;31/12/2019;2018/2019MARINE HULL;2018/2019MARINE HULLTRINITY RE
2018/2019;4;2018/20194;MARINE HULL;TRINITY RE;TUGU REASURANSI, PT;0.5;0.15;0.15;0.045;0.25;0.225;0.09;0.09;0.6;01/11/2018;31/12/2019;2018/2019MARINE HULL;2018/2019MARINE HULLTRINITY RE
2018/2019;15X;2018/201915X;MONEY INSURANCE;ASRINDA ARTHASANGGA RE BROKERS, PT;REASURANSI NASIONAL INDONESIA, PT;0.5;0.6;0.6;0.3;0.35;0.325;0.6;0.6;1;01/11/2018;31/12/2019;2018/2019MONEY INSURANCE;2018/2019MONEY INSURANCEASRINDA ARTHASANGGA RE BROKERS, PT
2018/2019;15X;2018/201915X;MONEY INSURANCE;GARUDA RE;ASURANSI BHAKTI BHAYANGKARA;0.5;0.25;0.25;0.005;0.35;0.325;0.01;0.01;0.04;01/11/2018;31/12/2019;2018/2019MONEY INSURANCE;2018/2019MONEY INSURANCEGARUDA RE
2018/2019;15X;2018/201915X;MONEY INSURANCE;GARUDA RE;ASURANSI BINAGRIYA UPAKARA, PT;0.5;0.25;0.25;0.005;0.35;0.325;0.01;0.01;0.04;01/11/2018;31/12/2019;2018/2019MONEY INSURANCE;2018/2019MONEY INSURANCEGARUDA RE
2018/2019;15X;2018/201915X;MONEY INSURANCE;GARUDA RE;ASURANSI BUMIPUTERA MUDA, PT;0.5;0.25;0.25;0.005;0.35;0.325;0.01;0.01;0.04;01/11/2018;31/12/2019;2018/2019MONEY INSURANCE;2018/2019MONEY INSURANCEGARUDA RE
2018/2019;15X;2018/201915X;MONEY INSURANCE;GARUDA RE;ASURANSI JASARAHARJA PUTERA;0.5;0.25;0.25;0.005;0.35;0.325;0.01;0.01;0.04;01/11/2018;31/12/2019;2018/2019MONEY INSURANCE;2018/2019MONEY INSURANCEGARUDA RE
2018/2019;15X;2018/201915X;MONEY INSURANCE;GARUDA RE;ASURANSI SINAR MAS, PT;0.5;0.25;0.25;0.01;0.35;0.325;0.02;0.02;0.08;01/11/2018;31/12/2019;2018/2019MONEY INSURANCE;2018/2019MONEY INSURANCEGARUDA RE
2018/2019;15X;2018/201915X;MONEY INSURANCE;GARUDA RE;ASURANSI VIDEI;0.5;0.25;0.25;0.01;0.35;0.325;0.02;0.02;0.08;01/11/2018;31/12/2019;2018/2019MONEY INSURANCE;2018/2019MONEY INSURANCEGARUDA RE
2018/2019;15X;2018/201915X;MONEY INSURANCE;GARUDA RE;MASKAPAI REASURANSI INDONESIA, PT;0.5;0.25;0.25;0.025;0.35;0.325;0.05;0.05;0.2;01/11/2018;31/12/2019;2018/2019MONEY INSURANCE;2018/2019MONEY INSURANCEGARUDA RE
2018/2019;15X;2018/201915X;MONEY INSURANCE;GARUDA RE;REASURANSI INDONESIA UTAMA, PT;0.5;0.25;0.25;0.06;0.35;0.325;0.12;0.12;0.48;01/11/2018;31/12/2019;2018/2019MONEY INSURANCE;2018/2019MONEY INSURANCEGARUDA RE
2018/2019;15X;2018/201915X;MONEY INSURANCE;TRINITY RE;ASURANSI JASA INDONESIA, PT;0.5;0.15;0.15;0.03;0.35;0.325;0.06;0.06;0.4;01/11/2018;31/12/2019;2018/2019MONEY INSURANCE;2018/2019MONEY INSURANCETRINITY RE
2018/2019;15X;2018/201915X;MONEY INSURANCE;TRINITY RE;TUGU REASURANSI, PT;0.5;0.15;0.15;0.045;0.35;0.325;0.09;0.09;0.6;01/11/2018;31/12/2019;2018/2019MONEY INSURANCE;2018/2019MONEY INSURANCETRINITY RE
2018/2019;2;2018/20192;MOTOR VEHICLE;ASRINDA ARTHASANGGA RE BROKERS, PT;REASURANSI NASIONAL INDONESIA, PT;0.5;0.6;0.6;0.3;0.35;0.325;0.6;0.6;1;01/11/2018;31/12/2019;2018/2019MOTOR VEHICLE;2018/2019MOTOR VEHICLEASRINDA ARTHASANGGA RE BROKERS, PT
2018/2019;2;2018/20192;MOTOR VEHICLE;GARUDA RE;ASURANSI BHAKTI BHAYANGKARA;0.5;0.25;0.25;0.005;0.35;0.325;0.01;0.01;0.04;01/11/2018;31/12/2019;2018/2019MOTOR VEHICLE;2018/2019MOTOR VEHICLEGARUDA RE
2018/2019;2;2018/20192;MOTOR VEHICLE;GARUDA RE;ASURANSI BINAGRIYA UPAKARA, PT;0.5;0.25;0.25;0.005;0.35;0.325;0.01;0.01;0.04;01/11/2018;31/12/2019;2018/2019MOTOR VEHICLE;2018/2019MOTOR VEHICLEGARUDA RE
2018/2019;2;2018/20192;MOTOR VEHICLE;GARUDA RE;ASURANSI BUMIPUTERA MUDA, PT;0.5;0.25;0.25;0.005;0.35;0.325;0.01;0.01;0.04;01/11/2018;31/12/2019;2018/2019MOTOR VEHICLE;2018/2019MOTOR VEHICLEGARUDA RE
2018/2019;2;2018/20192;MOTOR VEHICLE;GARUDA RE;ASURANSI JASARAHARJA PUTERA;0.5;0.25;0.25;0.005;0.35;0.325;0.01;0.01;0.04;01/11/2018;31/12/2019;2018/2019MOTOR VEHICLE;2018/2019MOTOR VEHICLEGARUDA RE
2018/2019;2;2018/20192;MOTOR VEHICLE;GARUDA RE;ASURANSI SINAR MAS, PT;0.5;0.25;0.25;0.01;0.35;0.325;0.02;0.02;0.08;01/11/2018;31/12/2019;2018/2019MOTOR VEHICLE;2018/2019MOTOR VEHICLEGARUDA RE
2018/2019;2;2018/20192;MOTOR VEHICLE;GARUDA RE;ASURANSI VIDEI;0.5;0.25;0.25;0.01;0.35;0.325;0.02;0.02;0.08;01/11/2018;31/12/2019;2018/2019MOTOR VEHICLE;2018/2019MOTOR VEHICLEGARUDA RE
2018/2019;2;2018/20192;MOTOR VEHICLE;GARUDA RE;MASKAPAI REASURANSI INDONESIA, PT;0.5;0.25;0.25;0.025;0.35;0.325;0.05;0.05;0.2;01/11/2018;31/12/2019;2018/2019MOTOR VEHICLE;2018/2019MOTOR VEHICLEGARUDA RE
2018/2019;2;2018/20192;MOTOR VEHICLE;GARUDA RE;REASURANSI INDONESIA UTAMA, PT;0.5;0.25;0.25;0.06;0.35;0.325;0.12;0.12;0.48;01/11/2018;31/12/2019;2018/2019MOTOR VEHICLE;2018/2019MOTOR VEHICLEGARUDA RE
2018/2019;2;2018/20192;MOTOR VEHICLE;TRINITY RE;ASURANSI JASA INDONESIA, PT;0.5;0.15;0.15;0.03;0.35;0.325;0.06;0.06;0.4;01/11/2018;31/12/2019;2018/2019MOTOR VEHICLE;2018/2019MOTOR VEHICLETRINITY RE
2018/2019;2;2018/20192;MOTOR VEHICLE;TRINITY RE;TUGU REASURANSI, PT;0.5;0.15;0.15;0.045;0.35;0.325;0.09;0.09;0.6;01/11/2018;31/12/2019;2018/2019MOTOR VEHICLE;2018/2019MOTOR VEHICLETRINITY RE
2018/2019;OIL;2018/2019OIL;OIL & GAS;ASRINDA ARTHASANGGA RE BROKERS, PT;REASURANSI NASIONAL INDONESIA, PT;0.5;0.6;;0.3;0.25;0;0.6;0;1;01/11/2018;31/12/2019;2018/2019OIL & GAS;2018/2019OIL & GASASRINDA ARTHASANGGA RE BROKERS, PT
2018/2019;OIL;2018/2019OIL;OIL & GAS;GARUDA RE;ASURANSI BHAKTI BHAYANGKARA;0.5;0.25;;0.005;0.25;0;0.01;0;0.04;01/11/2018;31/12/2019;2018/2019OIL & GAS;2018/2019OIL & GASGARUDA RE
2018/2019;OIL;2018/2019OIL;OIL & GAS;GARUDA RE;ASURANSI BINAGRIYA UPAKARA, PT;0.5;0.25;;0.005;0.25;0;0.01;0;0.04;01/11/2018;31/12/2019;2018/2019OIL & GAS;2018/2019OIL & GASGARUDA RE
2018/2019;OIL;2018/2019OIL;OIL & GAS;GARUDA RE;ASURANSI BUMIPUTERA MUDA, PT;0.5;0.25;;0.005;0.25;0;0.01;0;0.04;01/11/2018;31/12/2019;2018/2019OIL & GAS;2018/2019OIL & GASGARUDA RE
2018/2019;OIL;2018/2019OIL;OIL & GAS;GARUDA RE;ASURANSI JASARAHARJA PUTERA;0.5;0.25;;0.005;0.25;0;0.01;0;0.04;01/11/2018;31/12/2019;2018/2019OIL & GAS;2018/2019OIL & GASGARUDA RE
2018/2019;OIL;2018/2019OIL;OIL & GAS;GARUDA RE;ASURANSI SINAR MAS, PT;0.5;0.25;;0.01;0.25;0;0.02;0;0.08;01/11/2018;31/12/2019;2018/2019OIL & GAS;2018/2019OIL & GASGARUDA RE
2018/2019;OIL;2018/2019OIL;OIL & GAS;GARUDA RE;ASURANSI VIDEI;0.5;0.25;;0.01;0.25;0;0.02;0;0.08;01/11/2018;31/12/2019;2018/2019OIL & GAS;2018/2019OIL & GASGARUDA RE
2018/2019;OIL;2018/2019OIL;OIL & GAS;GARUDA RE;MASKAPAI REASURANSI INDONESIA, PT;0.5;0.25;;0.025;0.25;0;0.05;0;0.2;01/11/2018;31/12/2019;2018/2019OIL & GAS;2018/2019OIL & GASGARUDA RE
2018/2019;OIL;2018/2019OIL;OIL & GAS;GARUDA RE;REASURANSI INDONESIA UTAMA, PT;0.5;0.25;;0.06;0.25;0;0.12;0;0.48;01/11/2018;31/12/2019;2018/2019OIL & GAS;2018/2019OIL & GASGARUDA RE
2018/2019;OIL;2018/2019OIL;OIL & GAS;TRINITY RE;ASURANSI JASA INDONESIA, PT;0.5;0.15;;0.03;0.25;0;0.06;0;0.4;01/11/2018;31/12/2019;2018/2019OIL & GAS;2018/2019OIL & GASTRINITY RE
2018/2019;OIL;2018/2019OIL;OIL & GAS;TRINITY RE;TUGU REASURANSI, PT;0.5;0.15;;0.045;0.25;0;0.09;0;0.6;01/11/2018;31/12/2019;2018/2019OIL & GAS;2018/2019OIL & GASTRINITY RE
2018/2019;11;2018/201911;PERSONAL ACCIDENT;ASRINDA ARTHASANGGA RE BROKERS, PT;REASURANSI NASIONAL INDONESIA, PT;0.5;0.6;0.6;0.3;0.35;0.325;0.6;0.6;1;01/11/2018;31/12/2019;2018/2019PERSONAL ACCIDENT;2018/2019PERSONAL ACCIDENTASRINDA ARTHASANGGA RE BROKERS, PT
2018/2019;11;2018/201911;PERSONAL ACCIDENT;GARUDA RE;ASURANSI BHAKTI BHAYANGKARA;0.5;0.25;0.25;0.005;0.35;0.325;0.01;0.01;0.04;01/11/2018;31/12/2019;2018/2019PERSONAL ACCIDENT;2018/2019PERSONAL ACCIDENTGARUDA RE
2018/2019;11;2018/201911;PERSONAL ACCIDENT;GARUDA RE;ASURANSI BINAGRIYA UPAKARA, PT;0.5;0.25;0.25;0.005;0.35;0.325;0.01;0.01;0.04;01/11/2018;31/12/2019;2018/2019PERSONAL ACCIDENT;2018/2019PERSONAL ACCIDENTGARUDA RE
2018/2019;11;2018/201911;PERSONAL ACCIDENT;GARUDA RE;ASURANSI BUMIPUTERA MUDA, PT;0.5;0.25;0.25;0.005;0.35;0.325;0.01;0.01;0.04;01/11/2018;31/12/2019;2018/2019PERSONAL ACCIDENT;2018/2019PERSONAL ACCIDENTGARUDA RE
2018/2019;11;2018/201911;PERSONAL ACCIDENT;GARUDA RE;ASURANSI JASARAHARJA PUTERA;0.5;0.25;0.25;0.005;0.35;0.325;0.01;0.01;0.04;01/11/2018;31/12/2019;2018/2019PERSONAL ACCIDENT;2018/2019PERSONAL ACCIDENTGARUDA RE
2018/2019;11;2018/201911;PERSONAL ACCIDENT;GARUDA RE;ASURANSI SINAR MAS, PT;0.5;0.25;0.25;0.01;0.35;0.325;0.02;0.02;0.08;01/11/2018;31/12/2019;2018/2019PERSONAL ACCIDENT;2018/2019PERSONAL ACCIDENTGARUDA RE
2018/2019;11;2018/201911;PERSONAL ACCIDENT;GARUDA RE;ASURANSI VIDEI;0.5;0.25;0.25;0.01;0.35;0.325;0.02;0.02;0.08;01/11/2018;31/12/2019;2018/2019PERSONAL ACCIDENT;2018/2019PERSONAL ACCIDENTGARUDA RE
2018/2019;11;2018/201911;PERSONAL ACCIDENT;GARUDA RE;MASKAPAI REASURANSI INDONESIA, PT;0.5;0.25;0.25;0.025;0.35;0.325;0.05;0.05;0.2;01/11/2018;31/12/2019;2018/2019PERSONAL ACCIDENT;2018/2019PERSONAL ACCIDENTGARUDA RE
2018/2019;11;2018/201911;PERSONAL ACCIDENT;GARUDA RE;REASURANSI INDONESIA UTAMA, PT;0.5;0.25;0.25;0.06;0.35;0.325;0.12;0.12;0.48;01/11/2018;31/12/2019;2018/2019PERSONAL ACCIDENT;2018/2019PERSONAL ACCIDENTGARUDA RE
2018/2019;11;2018/201911;PERSONAL ACCIDENT;TRINITY RE;ASURANSI JASA INDONESIA, PT;0.5;0.15;0.15;0.03;0.35;0.325;0.06;0.06;0.4;01/11/2018;31/12/2019;2018/2019PERSONAL ACCIDENT;2018/2019PERSONAL ACCIDENTTRINITY RE
2018/2019;11;2018/201911;PERSONAL ACCIDENT;TRINITY RE;TUGU REASURANSI, PT;0.5;0.15;0.15;0.045;0.35;0.325;0.09;0.09;0.6;01/11/2018;31/12/2019;2018/2019PERSONAL ACCIDENT;2018/2019PERSONAL ACCIDENTTRINITY RE
2018/2019;KUK;2018/2019KUK;PRODUCTIVE CREDIT;ASRINDA ARTHASANGGA RE BROKERS, PT;REASURANSI NASIONAL INDONESIA, PT;0.7;0.6;;0.42;0.28;0;0.6;0;1;01/11/2018;31/12/2019;2018/2019PRODUCTIVE CREDIT;2018/2019PRODUCTIVE CREDITASRINDA ARTHASANGGA RE BROKERS, PT
2018/2019;KUK;2018/2019KUK;PRODUCTIVE CREDIT;GARUDA RE;ASURANSI BHAKTI BHAYANGKARA;0.7;0.25;;0.007;0.28;0;0.01;0;0.04;01/11/2018;31/12/2019;2018/2019PRODUCTIVE CREDIT;2018/2019PRODUCTIVE CREDITGARUDA RE
2018/2019;KUK;2018/2019KUK;PRODUCTIVE CREDIT;GARUDA RE;ASURANSI BINAGRIYA UPAKARA, PT;0.7;0.25;;0.007;0.28;0;0.01;0;0.04;01/11/2018;31/12/2019;2018/2019PRODUCTIVE CREDIT;2018/2019PRODUCTIVE CREDITGARUDA RE
2018/2019;KUK;2018/2019KUK;PRODUCTIVE CREDIT;GARUDA RE;ASURANSI JASARAHARJA PUTERA;0.7;0.25;;0.014;0.28;0;0.02;0;0.08;01/11/2018;31/12/2019;2018/2019PRODUCTIVE CREDIT;2018/2019PRODUCTIVE CREDITGARUDA RE
2018/2019;KUK;2018/2019KUK;PRODUCTIVE CREDIT;GARUDA RE;ASURANSI SINAR MAS, PT;0.7;0.25;;0.014;0.28;0;0.02;0;0.08;01/11/2018;31/12/2019;2018/2019PRODUCTIVE CREDIT;2018/2019PRODUCTIVE CREDITGARUDA RE
2018/2019;KUK;2018/2019KUK;PRODUCTIVE CREDIT;GARUDA RE;ASURANSI VIDEI;0.7;0.25;;0.014;0.28;0;0.02;0;0.08;01/11/2018;31/12/2019;2018/2019PRODUCTIVE CREDIT;2018/2019PRODUCTIVE CREDITGARUDA RE
2018/2019;KUK;2018/2019KUK;PRODUCTIVE CREDIT;GARUDA RE;MASKAPAI REASURANSI INDONESIA, PT;0.7;0.25;;0.035;0.28;0;0.05;0;0.2;01/11/2018;31/12/2019;2018/2019PRODUCTIVE CREDIT;2018/2019PRODUCTIVE CREDITGARUDA RE
2018/2019;KUK;2018/2019KUK;PRODUCTIVE CREDIT;GARUDA RE;REASURANSI INDONESIA UTAMA, PT;0.7;0.25;;0.084;0.28;0;0.12;0;0.48;01/11/2018;31/12/2019;2018/2019PRODUCTIVE CREDIT;2018/2019PRODUCTIVE CREDITGARUDA RE
2018/2019;KUK;2018/2019KUK;PRODUCTIVE CREDIT;TRINITY RE;ASURANSI JASA INDONESIA, PT;0.7;0.15;;0.042;0.28;0;0.06;0;0.4;01/11/2018;31/12/2019;2018/2019PRODUCTIVE CREDIT;2018/2019PRODUCTIVE CREDITTRINITY RE
2018/2019;KUK;2018/2019KUK;PRODUCTIVE CREDIT;TRINITY RE;TUGU REASURANSI, PT;0.7;0.15;;0.063;0.28;0;0.09;0;0.6;01/11/2018;31/12/2019;2018/2019PRODUCTIVE CREDIT;2018/2019PRODUCTIVE CREDITTRINITY RE
2018/2019;BDN;2018/2019BDN;SKBDN / LC;ASRINDA ARTHASANGGA RE BROKERS, PT;REASURANSI NASIONAL INDONESIA, PT;0.3;0.6;0.6;0.18;0.325;0.3;0.6;0.6;1;01/11/2018;31/12/2019;2018/2019SKBDN / LC;2018/2019SKBDN / LCASRINDA ARTHASANGGA RE BROKERS, PT
2018/2019;BDN;2018/2019BDN;SKBDN / LC;GARUDA RE;ASURANSI BHAKTI BHAYANGKARA;0.3;0.25;0.25;0.003;0.325;0.3;0.01;0.01;0.04;01/11/2018;31/12/2019;2018/2019SKBDN / LC;2018/2019SKBDN / LCGARUDA RE
2018/2019;BDN;2018/2019BDN;SKBDN / LC;GARUDA RE;ASURANSI BINAGRIYA UPAKARA, PT;0.3;0.25;0.25;0.003;0.325;0.3;0.01;0.01;0.04;01/11/2018;31/12/2019;2018/2019SKBDN / LC;2018/2019SKBDN / LCGARUDA RE
2018/2019;BDN;2018/2019BDN;SKBDN / LC;GARUDA RE;ASURANSI JASARAHARJA PUTERA;0.3;0.25;0.25;0.006;0.325;0.3;0.02;0.02;0.08;01/11/2018;31/12/2019;2018/2019SKBDN / LC;2018/2019SKBDN / LCGARUDA RE
2018/2019;BDN;2018/2019BDN;SKBDN / LC;GARUDA RE;ASURANSI SINAR MAS, PT;0.3;0.25;0.25;0.006;0.325;0.3;0.02;0.02;0.08;01/11/2018;31/12/2019;2018/2019SKBDN / LC;2018/2019SKBDN / LCGARUDA RE
2018/2019;BDN;2018/2019BDN;SKBDN / LC;GARUDA RE;ASURANSI VIDEI;0.3;0.25;0.25;0.006;0.325;0.3;0.02;0.02;0.08;01/11/2018;31/12/2019;2018/2019SKBDN / LC;2018/2019SKBDN / LCGARUDA RE
2018/2019;BDN;2018/2019BDN;SKBDN / LC;GARUDA RE;MASKAPAI REASURANSI INDONESIA, PT;0.3;0.25;0.25;0.015;0.325;0.3;0.05;0.05;0.2;01/11/2018;31/12/2019;2018/2019SKBDN / LC;2018/2019SKBDN / LCGARUDA RE
2018/2019;BDN;2018/2019BDN;SKBDN / LC;GARUDA RE;REASURANSI INDONESIA UTAMA, PT;0.3;0.25;0.25;0.036;0.325;0.3;0.12;0.12;0.48;01/11/2018;31/12/2019;2018/2019SKBDN / LC;2018/2019SKBDN / LCGARUDA RE
2018/2019;BDN;2018/2019BDN;SKBDN / LC;TRINITY RE;ASURANSI JASA INDONESIA, PT;0.3;0.15;0.15;0.018;0.325;0.3;0.06;0.06;0.4;01/11/2018;31/12/2019;2018/2019SKBDN / LC;2018/2019SKBDN / LCTRINITY RE
2018/2019;BDN;2018/2019BDN;SKBDN / LC;TRINITY RE;TUGU REASURANSI, PT;0.3;0.15;0.15;0.027;0.325;0.3;0.09;0.09;0.6;01/11/2018;31/12/2019;2018/2019SKBDN / LC;2018/2019SKBDN / LCTRINITY RE
2018/2019;SB;2018/2019SB;Surety Bond;ASRINDA ARTHASANGGA RE BROKERS, PT;REASURANSI NASIONAL INDONESIA, PT;0.3;0.6;0.6;0.18;0.35;0.35;0.6;0.6;1;01/11/2018;31/12/2019;2018/2019Surety Bond;2018/2019Surety BondASRINDA ARTHASANGGA RE BROKERS, PT
2018/2019;SB;2018/2019SB;Surety Bond;GARUDA RE;ASURANSI BHAKTI BHAYANGKARA;0.3;0.25;0.25;0.003;0.35;0.35;0.01;0.01;0.04;01/11/2018;31/12/2019;2018/2019Surety Bond;2018/2019Surety BondGARUDA RE
2018/2019;SB;2018/2019SB;Surety Bond;GARUDA RE;ASURANSI BINAGRIYA UPAKARA, PT;0.3;0.25;0.25;0.003;0.35;0.35;0.01;0.01;0.04;01/11/2018;31/12/2019;2018/2019Surety Bond;2018/2019Surety BondGARUDA RE
2018/2019;SB;2018/2019SB;Surety Bond;GARUDA RE;ASURANSI JASARAHARJA PUTERA;0.3;0.25;0.25;0.006;0.35;0.35;0.02;0.02;0.08;01/11/2018;31/12/2019;2018/2019Surety Bond;2018/2019Surety BondGARUDA RE
2018/2019;SB;2018/2019SB;Surety Bond;GARUDA RE;ASURANSI SINAR MAS, PT;0.3;0.25;0.25;0.006;0.35;0.35;0.02;0.02;0.08;01/11/2018;31/12/2019;2018/2019Surety Bond;2018/2019Surety BondGARUDA RE
2018/2019;SB;2018/2019SB;Surety Bond;GARUDA RE;ASURANSI VIDEI;0.3;0.25;0.25;0.006;0.35;0.35;0.02;0.02;0.08;01/11/2018;31/12/2019;2018/2019Surety Bond;2018/2019Surety BondGARUDA RE
2018/2019;SB;2018/2019SB;Surety Bond;GARUDA RE;MASKAPAI REASURANSI INDONESIA, PT;0.3;0.25;0.25;0.015;0.35;0.35;0.05;0.05;0.2;01/11/2018;31/12/2019;2018/2019Surety Bond;2018/2019Surety BondGARUDA RE
2018/2019;SB;2018/2019SB;Surety Bond;GARUDA RE;REASURANSI INDONESIA UTAMA, PT;0.3;0.25;0.25;0.036;0.35;0.35;0.12;0.12;0.48;01/11/2018;31/12/2019;2018/2019Surety Bond;2018/2019Surety BondGARUDA RE
2018/2019;SB;2018/2019SB;Surety Bond;TRINITY RE;ASURANSI JASA INDONESIA, PT;0.3;0.15;0.15;0.018;0.35;0.35;0.06;0.06;0.4;01/11/2018;31/12/2019;2018/2019Surety Bond;2018/2019Surety BondTRINITY RE
2018/2019;SB;2018/2019SB;Surety Bond;TRINITY RE;TUGU REASURANSI, PT;0.3;0.15;0.15;0.027;0.35;0.35;0.09;0.09;0.6;01/11/2018;31/12/2019;2018/2019Surety Bond;2018/2019Surety BondTRINITY RE
2019;0;20190;PA Plus;REASURANSI NASIONAL INDONESIA, PT;REASURANSI NASIONAL INDONESIA, PT;0.5;0.97;0;0;0.35;0;0.97;0;0;01/01/2019;31/12/2019;2019PA Plus;2019PA PlusREASURANSI NASIONAL INDONESIA, PT
2019;0;20190;PA Plus;ASURANSI BINAGRIYA UPAKARA, PT;ASURANSI BINAGRIYA UPAKARA, PT;0.5;0.03;0;0;0.35;0;0.03;0;0;01/01/2019;31/12/2019;2019PA Plus;2019PA PlusASURANSI BINAGRIYA UPAKARA, PT
2020;0;20200;PA Plus;REASURANSI NASIONAL INDONESIA, PT;REASURANSI NASIONAL INDONESIA, PT;0.5;0.97;0;0;0.35;0;0.97;0;0;01/01/2020;31/12/2020;2020PA Plus;2020PA PlusREASURANSI NASIONAL INDONESIA, PT
2020;0;20200;PA Plus;ASURANSI BINAGRIYA UPAKARA, PT;ASURANSI BINAGRIYA UPAKARA, PT;0.5;0.03;0;0;0.35;0;0.03;0;0;43831;44196;2020PA Plus;2020PA PlusASURANSI BINAGRIYA UPAKARA, PT
2021;0;20210;PA Plus;REASURANSI NASIONAL INDONESIA, PT;REASURANSI NASIONAL INDONESIA, PT;0.5;0.97;0;0;0.35;0;0.97;0;0;44197;44561;2021PA Plus;2021PA PlusREASURANSI NASIONAL INDONESIA, PT
2021;0;20210;PA Plus;ASURANSI BINAGRIYA UPAKARA, PT;ASURANSI BINAGRIYA UPAKARA, PT;0.5;0.03;0;0;0.35;0;0.03;0;0;44197;44561;2021PA Plus;2021PA PlusASURANSI BINAGRIYA UPAKARA, PT
2018/2019;0;2018/20190;FIRE (LT);REASURANSI NASIONAL INDONESIA, PT;REASURANSI NASIONAL INDONESIA, PT;0;1;0;0;0.35;0;1;0;0;0;0;2018/2019FIRE (LT);2018/2019FIRE (LT)REASURANSI NASIONAL INDONESIA, PT
2020;0;20200;FIRE (LT);REASURANSI NASIONAL INDONESIA, PT;REASURANSI NASIONAL INDONESIA, PT;0;1;0;0;0.35;0;1;0;0;0;0;2020FIRE (LT);2020FIRE (LT)REASURANSI NASIONAL INDONESIA, PT
2021;0;20210;FIRE (LT);REASURANSI NASIONAL INDONESIA, PT;REASURANSI NASIONAL INDONESIA, PT;0;1;0;0;0.35;0;1;0;0;0;0;2021FIRE (LT);2021FIRE (LT)REASURANSI NASIONAL INDONESIA, PT
2023;0;20230;FIRE (LT);REASURANSI NASIONAL INDONESIA, PT;REASURANSI NASIONAL INDONESIA, PT;0;1;0;0;0.35;0;1;0;0;0;0;2023FIRE (LT);2023FIRE (LT)REASURANSI NASIONAL INDONESIA, PT
2024;0;20240;FIRE (LT);REASURANSI NASIONAL INDONESIA, PT;REASURANSI NASIONAL INDONESIA, PT;0;1;0;0;0.3;0;1;0;0;0;0;2024FIRE (LT);2024FIRE (LT)REASURANSI NASIONAL INDONESIA, PT
2025;0;20250;FIRE (LT);REASURANSI NASIONAL INDONESIA, PT;REASURANSI NASIONAL INDONESIA, PT;0;1;0;0;0.3;0;1;0;0;0;0;2025FIRE (LT);2025FIRE (LT)REASURANSI NASIONAL INDONESIA, PT
2026;0;20260;FIRE (LT);REASURANSI NASIONAL INDONESIA, PT;REASURANSI NASIONAL INDONESIA, PT;0;1;0;0;0.3;0;1;0;0;0;0;2026FIRE (LT);2026FIRE (LT)REASURANSI NASIONAL INDONESIA, PT
2018/2019;0;2018/20190;MOTOR VEHICLE (LT);REASURANSI NASIONAL INDONESIA, PT;REASURANSI NASIONAL INDONESIA, PT;0;1;0;0;0.35;0;1;0;0;0;0;2018/2019MOTOR VEHICLE (LT);2018/2019MOTOR VEHICLE (LT)REASURANSI NASIONAL INDONESIA, PT
2020;0;20200;MOTOR VEHICLE (LT);REASURANSI NASIONAL INDONESIA, PT;REASURANSI NASIONAL INDONESIA, PT;0;1;0;0;0.35;0;1;0;0;0;0;2020MOTOR VEHICLE (LT);2020MOTOR VEHICLE (LT)REASURANSI NASIONAL INDONESIA, PT
2021;0;20210;MOTOR VEHICLE (LT);REASURANSI NASIONAL INDONESIA, PT;REASURANSI NASIONAL INDONESIA, PT;0;1;0;0;0.35;0;1;0;0;0;0;2021MOTOR VEHICLE (LT);2021MOTOR VEHICLE (LT)REASURANSI NASIONAL INDONESIA, PT
2023;0;20230;MOTOR VEHICLE (LT);REASURANSI NASIONAL INDONESIA, PT;REASURANSI NASIONAL INDONESIA, PT;0;1;0;0;0.35;0;1;0;0;0;0;2023MOTOR VEHICLE (LT);2023MOTOR VEHICLE (LT)REASURANSI NASIONAL INDONESIA, PT
2024;0;20240;MOTOR VEHICLE (LT);REASURANSI NASIONAL INDONESIA, PT;REASURANSI NASIONAL INDONESIA, PT;0;1;0;0;0.3;0;1;0;0;0;0;2024MOTOR VEHICLE (LT);2024MOTOR VEHICLE (LT)REASURANSI NASIONAL INDONESIA, PT
2025;0;20250;MOTOR VEHICLE (LT);REASURANSI NASIONAL INDONESIA, PT;REASURANSI NASIONAL INDONESIA, PT;0;1;0;0;0.3;0;1;0;0;0;0;2025MOTOR VEHICLE (LT);2025MOTOR VEHICLE (LT)REASURANSI NASIONAL INDONESIA, PT
2026;0;20260;MOTOR VEHICLE (LT);REASURANSI NASIONAL INDONESIA, PT;REASURANSI NASIONAL INDONESIA, PT;0;1;0;0;0.3;0;1;0;0;0;0;2026MOTOR VEHICLE (LT);2026MOTOR VEHICLE (LT)REASURANSI NASIONAL INDONESIA, PT
2018/2019;0;2018/20190;HEAVY EQUIPMENT (LT);REASURANSI NASIONAL INDONESIA, PT;REASURANSI NASIONAL INDONESIA, PT;0;1;0;0;0.35;0;1;0;0;0;0;2018/2019HEAVY EQUIPMENT (LT);2018/2019HEAVY EQUIPMENT (LT)REASURANSI NASIONAL INDONESIA, PT
2020;0;20200;HEAVY EQUIPMENT (LT);REASURANSI NASIONAL INDONESIA, PT;REASURANSI NASIONAL INDONESIA, PT;0;1;0;0;0.35;0;1;0;0;0;0;2020HEAVY EQUIPMENT (LT);2020HEAVY EQUIPMENT (LT)REASURANSI NASIONAL INDONESIA, PT
2021;0;20210;HEAVY EQUIPMENT (LT);REASURANSI NASIONAL INDONESIA, PT;REASURANSI NASIONAL INDONESIA, PT;0;1;0;0;0.35;0;1;0;0;0;0;2021HEAVY EQUIPMENT (LT);2021HEAVY EQUIPMENT (LT)REASURANSI NASIONAL INDONESIA, PT
2023;0;20230;HEAVY EQUIPMENT (LT);REASURANSI NASIONAL INDONESIA, PT;REASURANSI NASIONAL INDONESIA, PT;0;1;0;0;0.35;0;1;0;0;0;0;2023HEAVY EQUIPMENT (LT);2023HEAVY EQUIPMENT (LT)REASURANSI NASIONAL INDONESIA, PT
2024;0;20240;HEAVY EQUIPMENT (LT);REASURANSI NASIONAL INDONESIA, PT;REASURANSI NASIONAL INDONESIA, PT;0;1;0;0;0.3;0;1;0;0;0;0;2024HEAVY EQUIPMENT (LT);2024HEAVY EQUIPMENT (LT)REASURANSI NASIONAL INDONESIA, PT
2025;0;20250;HEAVY EQUIPMENT (LT);REASURANSI NASIONAL INDONESIA, PT;REASURANSI NASIONAL INDONESIA, PT;0;1;0;0;0.3;0;1;0;0;0;0;2025HEAVY EQUIPMENT (LT);2025HEAVY EQUIPMENT (LT)REASURANSI NASIONAL INDONESIA, PT
2026;0;20260;HEAVY EQUIPMENT (LT);REASURANSI NASIONAL INDONESIA, PT;REASURANSI NASIONAL INDONESIA, PT;0;1;0;0;0.3;0;1;0;0;0;0;2026HEAVY EQUIPMENT (LT);2026HEAVY EQUIPMENT (LT)REASURANSI NASIONAL INDONESIA, PT
